/*
 Navicat Premium Data Transfer

 Source Server         : localhost
 Source Server Type    : MySQL
 Source Server Version : 50505
 Source Host           : localhost
 Source Database       : paper_approving

 Target Server Type    : MySQL
 Target Server Version : 50505
 File Encoding         : utf-8

 Date: 03/15/2018 09:03:57 AM
*/

SET NAMES utf8;
SET FOREIGN_KEY_CHECKS = 0;

-- ----------------------------
--  Table structure for `paper_attachment`
-- ----------------------------
DROP TABLE IF EXISTS `paper_attachment`;
CREATE TABLE `paper_attachment` (
  `id` int(10) unsigned NOT NULL AUTO_INCREMENT,
  PRIMARY KEY (`id`)
) ENGINE=InnoDB DEFAULT CHARSET=utf8;

-- ----------------------------
--  Table structure for `paper_cycle`
-- ----------------------------
DROP TABLE IF EXISTS `paper_cycle`;
CREATE TABLE `paper_cycle` (
  `id` int(10) unsigned NOT NULL AUTO_INCREMENT,
  `name` varchar(120) DEFAULT '' COMMENT '名称',
  `starttime` date DEFAULT '0000-00-00' COMMENT '开始时间',
  `endtime` date DEFAULT '0000-00-00' COMMENT '结束时间',
  `is_freezed` tinyint(3) unsigned DEFAULT 0 COMMENT '是否被冻结。1为被冻结。',
  `is_current` tinyint(3) unsigned DEFAULT NULL COMMENT '1:是当前统计周期.2否。',
  PRIMARY KEY (`id`)
) ENGINE=InnoDB AUTO_INCREMENT=3 DEFAULT CHARSET=utf8 ROW_FORMAT=COMPACT;

-- ----------------------------
--  Records of `paper_cycle`
-- ----------------------------
BEGIN;
INSERT INTO `paper_cycle` VALUES ('1', '2015学年', '1900-12-30', '1900-12-01', '0', '0'), ('2', '2016学年', '2018-01-25', '2018-03-17', '0', '1');
COMMIT;

-- ----------------------------
--  Table structure for `paper_expert`
-- ----------------------------
DROP TABLE IF EXISTS `paper_expert`;
CREATE TABLE `paper_expert` (
  `id` int(10) unsigned NOT NULL AUTO_INCREMENT,
  `username` char(40) DEFAULT NULL,
  `userpassword` char(50) DEFAULT NULL,
  `cycle_id` char(50) DEFAULT NULL,
  `name` varchar(255) DEFAULT NULL,
  `job_title` tinyint(255) DEFAULT NULL,
  `tutor_class` tinyint(255) DEFAULT NULL,
  `is_normal` tinyint(1) DEFAULT NULL,
  `email` varchar(255) DEFAULT NULL,
  `phone` varchar(255) DEFAULT NULL,
  `specialty` varchar(255) DEFAULT NULL,
  `subject` varchar(255) DEFAULT NULL,
  `school` varchar(255) DEFAULT NULL,
  `address` varchar(255) DEFAULT NULL,
  `paper_id` int(11) unsigned NOT NULL,
  PRIMARY KEY (`id`)
) ENGINE=InnoDB AUTO_INCREMENT=3 DEFAULT CHARSET=utf8;

-- ----------------------------
--  Records of `paper_expert`
-- ----------------------------
BEGIN;
INSERT INTO `paper_expert` VALUES ('1', 'admin', 'admin', '2', '12312323434', '0', '0', '1', '123213@sdf.com', '1231', '123', '123', '123123213', '123123', '0'), ('2', 'rgpmus', 'j6tf', null, null, null, null, null, null, null, null, null, null, null, '0');
COMMIT;

-- ----------------------------
--  Table structure for `paper_menu`
-- ----------------------------
DROP TABLE IF EXISTS `paper_menu`;
CREATE TABLE `paper_menu` (
  `id` int(10) unsigned NOT NULL AUTO_INCREMENT COMMENT '菜单id',
  `title` varchar(40) CHARACTER SET utf8 DEFAULT 'NULL' COMMENT '菜单标题名',
  `subhead` varchar(40) CHARACTER SET utf8 DEFAULT 'NULL' COMMENT '菜单副标题名',
  `parent_id` int(10) DEFAULT 0 COMMENT '上级菜单id',
  `icon` varchar(40) CHARACTER SET utf8 DEFAULT 'NULL' COMMENT '小图标',
  `module` varchar(40) CHARACTER SET utf8 DEFAULT 'NULL' COMMENT '模块名',
  `controller` varchar(40) CHARACTER SET utf8 DEFAULT 'NULL' COMMENT '控制层名',
  `action` varchar(40) CHARACTER SET utf8 DEFAULT 'NULL' COMMENT '方法名',
  `parameter` varchar(60) DEFAULT '''''' COMMENT '参数',
  `url` varchar(200) CHARACTER SET utf8 DEFAULT 'NULL' COMMENT 'url',
  `order` int(10) DEFAULT 1 COMMENT '排序',
  `state` tinyint(10) DEFAULT 1 COMMENT '状态，0表示禁用，1表示启用',
  `show` tinyint(10) DEFAULT 1 COMMENT '是否显示，0表示隐藏，1表示显示 默认为1',
  `development` tinyint(10) DEFAULT 0 COMMENT '是否开放模式，1代表开放模式 默认为0',
  `remarks` varchar(40) CHARACTER SET utf8 DEFAULT '''无''' COMMENT '备注',
  PRIMARY KEY (`id`)
) ENGINE=InnoDB AUTO_INCREMENT=293 DEFAULT CHARSET=latin1 ROW_FORMAT=COMPACT;

-- ----------------------------
--  Records of `paper_menu`
-- ----------------------------
BEGIN;
INSERT INTO `paper_menu` VALUES ('164', '首页', '', '0', 'fa fa-dashboard ', 'Admin', 'Index', 'home', '', 'Admin/Index/index', '101', '1', '1', '0', ''), ('267', '添加', '', '272', '', 'Admin', 'Menu', 'add', '\'\'', 'Admin/Menu/add', '1', '1', '0', '1', ''), ('268', '保存', '', '272', 'NULL', 'Admin', 'Menu', 'save', '\'\'', 'Admin/Menu/save', '1', '1', '0', '1', ''), ('272', '菜单管理', '', '0', '', 'Admin', 'Menu', 'index', '', 'Admin/Menu/index', '0', '1', '1', '1', ''), ('273', '编辑', '', '272', '', 'Admin', 'Menu', 'edit', '', 'Admin/Menu/edit', '0', '1', '0', '1', ''), ('274', '周期管理', '', '0', 'glyphicon glyphicon-refresh', 'Admin', 'Cycle', 'index', '', 'Admin/Cycle/index', '30', '1', '1', '0', ''), ('275', '编辑', '', '274', '', 'Admin', 'Cycle', 'edit', '', 'Admin/Cycle/edit', '0', '1', '0', '0', ''), ('276', '保存', '', '274', '', 'Admin', 'Cycle', 'save', '', 'Admin/Cycle/save', '0', '1', '0', '0', ''), ('277', '学生管理', '', '0', 'glyphicon glyphicon-education', 'Admin', 'Student', 'index', '', 'Admin/Student/index', '90', '1', '1', '0', ''), ('278', '编辑', '', '277', '', 'Admin', 'Student', 'edit', '', 'Admin/Student/edit', '0', '1', '0', '0', ''), ('279', '保存', '', '277', '', 'Admin', 'Student', 'save', '', 'Admin/Student/save', '0', '1', '0', '0', ''), ('280', '论文管理', '', '0', 'glyphicon glyphicon-list-alt', 'Admin', 'Paper', 'index', '', 'Admin/Paper/index', '100', '1', '1', '0', ''), ('281', '下载', '', '280', '', 'Admin', 'Review', 'downLoadTable', '', 'Admin/Review/downLoadTable', '0', '1', '0', '0', ''), ('282', '生成用户名', '', '280', '', 'Admin', 'Paper', 'createUserName', '', 'Admin/Paper/createUserName', '0', '1', '0', '0', ''), ('283', '用户管理', '', '0', 'fa fa-group', 'Admin', 'User', 'index', '', 'Admin/User/index', '20', '1', '1', '0', ''), ('284', '编辑', '', '283', '', 'Admin', 'User', 'edit', '', 'Admin/User/edit', '0', '1', '0', '0', ''), ('285', '保存', '', '283', '', 'Admin', 'User', 'save', '', 'Admin/User/save', '0', '1', '0', '0', ''), ('286', '批量下载评阅表', '', '280', '', 'Admin', 'Review', 'downLoadZip', '', 'Admin/Review/downLoadZip', '0', '1', '0', '0', ''), ('287', '下载评阅统计表', '', '280', '', 'Admin', 'Review', 'downloadExcel', '', 'Admin/Review/downloadExcel', '0', '1', '0', '0', ''), ('288', '导出用户名', '', '280', '', 'Admin', 'Paper', 'exportUserName', '', 'Admin/Paper/exportUserName', '0', '1', '0', '0', ''), ('290', '个人中心', '', '0', 'glyphicon glyphicon-user', 'Admin', 'PersonalCenter', 'edit', '', 'Admin/PersonalCenter/edit', '0', '1', '1', '0', ''), ('291', '删除', '', '272', '', 'Admin', 'Menu', 'delete', '', 'Admin/Menu/delete', '0', '1', '0', '0', ''), ('292', '保存', '', '290', '', 'Admin', 'PersonalCenter', 'save', '', 'Admin/PersonalCenter/save', '0', '1', '0', '0', '');
COMMIT;

-- ----------------------------
--  Table structure for `paper_review`
-- ----------------------------
DROP TABLE IF EXISTS `paper_review`;
CREATE TABLE `paper_review` (
  `id` int(10) unsigned NOT NULL AUTO_INCREMENT,
  PRIMARY KEY (`id`)
) ENGINE=InnoDB DEFAULT CHARSET=utf8;

-- ----------------------------
--  Table structure for `paper_review_detail_other`
-- ----------------------------
DROP TABLE IF EXISTS `paper_review_detail_other`;
CREATE TABLE `paper_review_detail_other` (
  `id` int(10) unsigned NOT NULL AUTO_INCREMENT,
  PRIMARY KEY (`id`)
) ENGINE=InnoDB DEFAULT CHARSET=utf8;

-- ----------------------------
--  Table structure for `paper_student`
-- ----------------------------
DROP TABLE IF EXISTS `paper_student`;
CREATE TABLE `paper_student` (
  `id` int(10) unsigned NOT NULL AUTO_INCREMENT,
  `student_no` char(40) DEFAULT '',
  `name` varchar(255) DEFAULT NULL,
  `admission_date` varchar(255) DEFAULT NULL,
  `subject_major` varchar(255) DEFAULT NULL,
  `type` varchar(255) DEFAULT NULL,
  `secret` varchar(255) DEFAULT NULL,
  `research_direction` varchar(255) DEFAULT NULL,
  `title` varchar(255) DEFAULT NULL,
  `innovation_point` text DEFAULT NULL,
  PRIMARY KEY (`id`)
) ENGINE=InnoDB AUTO_INCREMENT=3 DEFAULT CHARSET=utf8;

-- ----------------------------
--  Records of `paper_student`
-- ----------------------------
BEGIN;
INSERT INTO `paper_student` VALUES ('1', '23123', '1231232343412', '123123', '123123', '123123', '123123', '123123', '123123123', '123123123'), ('2', '123', '12321', '123', '123', '123', '123', '123123', '123', '123123');
COMMIT;

-- ----------------------------
--  Table structure for `paper_user`
-- ----------------------------
DROP TABLE IF EXISTS `paper_user`;
CREATE TABLE `paper_user` (
  `id` int(10) unsigned NOT NULL AUTO_INCREMENT,
  `username` varchar(40) NOT NULL,
  `password` varchar(60) NOT NULL DEFAULT 'NULL',
  `name` varchar(100) NOT NULL DEFAULT '',
  `phonenumber` varchar(30) NOT NULL DEFAULT '',
  `email` varchar(30) NOT NULL DEFAULT '',
  PRIMARY KEY (`id`)
) ENGINE=InnoDB AUTO_INCREMENT=3 DEFAULT CHARSET=utf8;

-- ----------------------------
--  Records of `paper_user`
-- ----------------------------
BEGIN;
INSERT INTO `paper_user` VALUES ('1', 'admin', 'd033e22ae348aeb5660fc2140aec35850c4da997', '123123', '123123', '123@123.com');
COMMIT;

-- ----------------------------
--  Table structure for `yunzhi_base_teaching`
-- ----------------------------
DROP TABLE IF EXISTS `yunzhi_base_teaching`;
CREATE TABLE `yunzhi_base_teaching` (
  `id` int(10) unsigned NOT NULL AUTO_INCREMENT,
  `user_id` int(10) unsigned DEFAULT 0 COMMENT '用户ID',
  `cycle_id` int(11) DEFAULT 0 COMMENT '周期ID',
  `value` int(10) unsigned DEFAULT 0 COMMENT '工作量',
  `time` int(10) unsigned DEFAULT 0 COMMENT '添加时间',
  `remark` varchar(300) DEFAULT '' COMMENT '备注',
  PRIMARY KEY (`id`)
) ENGINE=InnoDB AUTO_INCREMENT=2 DEFAULT CHARSET=utf8 ROW_FORMAT=COMPACT;

-- ----------------------------
--  Records of `yunzhi_base_teaching`
-- ----------------------------
BEGIN;
INSERT INTO `yunzhi_base_teaching` VALUES ('1', '86', '2', '536', '1480910846', '');
COMMIT;

-- ----------------------------
--  Table structure for `yunzhi_chain`
-- ----------------------------
DROP TABLE IF EXISTS `yunzhi_chain`;
CREATE TABLE `yunzhi_chain` (
  `id` int(10) NOT NULL AUTO_INCREMENT COMMENT '链路编号',
  `pre_id` int(10) NOT NULL DEFAULT 0 COMMENT '链表中上一结点对应的链表编号',
  `now_post` int(10) NOT NULL DEFAULT 0 COMMENT '链表中现结点对应的岗位编号,0对应审批开始结束',
  `next_id` int(10) NOT NULL DEFAULT 0 COMMENT '链表中下一结点对应的链表编号',
  `type` tinyint(1) NOT NULL DEFAULT 0 COMMENT '类型，',
  PRIMARY KEY (`id`)
) ENGINE=InnoDB AUTO_INCREMENT=250 DEFAULT CHARSET=latin1 ROW_FORMAT=COMPACT;

-- ----------------------------
--  Records of `yunzhi_chain`
-- ----------------------------
BEGIN;
INSERT INTO `yunzhi_chain` VALUES ('241', '0', '9', '242', '0'), ('242', '241', '7', '243', '0'), ('243', '242', '5', '0', '0'), ('244', '0', '11', '245', '0'), ('245', '244', '8', '246', '0'), ('246', '245', '5', '0', '0'), ('247', '0', '24', '248', '0'), ('248', '247', '6', '249', '0'), ('249', '248', '5', '0', '0');
COMMIT;

-- ----------------------------
--  Table structure for `yunzhi_config`
-- ----------------------------
DROP TABLE IF EXISTS `yunzhi_config`;
CREATE TABLE `yunzhi_config` (
  `title` char(30) NOT NULL DEFAULT '' COMMENT ' 键',
  `value` char(30) NOT NULL DEFAULT '' COMMENT '值',
  `is_effective` tinyint(2) unsigned NOT NULL DEFAULT 1 COMMENT '是否生效',
  `remark` varchar(100) NOT NULL DEFAULT '' COMMENT '备注',
  PRIMARY KEY (`title`)
) ENGINE=InnoDB DEFAULT CHARSET=utf8 ROW_FORMAT=COMPACT;

-- ----------------------------
--  Records of `yunzhi_config`
-- ----------------------------
BEGIN;
INSERT INTO `yunzhi_config` VALUES ('closing_time', '1481414400', '1', '系统关闭时间');
COMMIT;

-- ----------------------------
--  Table structure for `yunzhi_data_model`
-- ----------------------------
DROP TABLE IF EXISTS `yunzhi_data_model`;
CREATE TABLE `yunzhi_data_model` (
  `id` int(10) unsigned NOT NULL AUTO_INCREMENT,
  `name` varchar(100) DEFAULT '' COMMENT '模型名称',
  `description` varchar(300) DEFAULT '' COMMENT '描述信息',
  `state` tinyint(3) unsigned NOT NULL DEFAULT 0 COMMENT '状态 0正常 1冻结',
  PRIMARY KEY (`id`),
  KEY `state` (`state`)
) ENGINE=InnoDB AUTO_INCREMENT=18 DEFAULT CHARSET=utf8 ROW_FORMAT=COMPACT COMMENT='数据模型表（基表）';

-- ----------------------------
--  Records of `yunzhi_data_model`
-- ----------------------------
BEGIN;
INSERT INTO `yunzhi_data_model` VALUES ('3', '数据模型一', '只有名称的数据模型', '0'), ('4', '数据模型二', '论文的数据模型', '0'), ('5', '数据模型三', '纵向科研项目的模型', '0'), ('6', '数据模型四', '政府奖', '0'), ('7', '数据模型五', '成果转化、科研经费模型', '0'), ('8', '数据模型六', '学术会议、科技活动模型', '0'), ('13', '数据模型七', '一些特殊的项目的数据模型', '0'), ('14', '数据模型八', '按个数递乘', '0'), ('15', '5-20分', '最低5分，最高20分', '0'), ('16', '分/生', '最多值10', '0'), ('17', '分/次', '分/次1-30', '0');
COMMIT;

-- ----------------------------
--  Table structure for `yunzhi_data_model_detail`
-- ----------------------------
DROP TABLE IF EXISTS `yunzhi_data_model_detail`;
CREATE TABLE `yunzhi_data_model_detail` (
  `id` int(10) unsigned NOT NULL AUTO_INCREMENT,
  `data_model_id` int(10) unsigned DEFAULT 0 COMMENT '数据模型ID',
  `title` varchar(30) DEFAULT '' COMMENT '标题，显示给用户进入输入的',
  `name` varchar(30) DEFAULT '' COMMENT '字段值',
  `type` varchar(60) DEFAULT 'text' COMMENT '字段类型',
  `class` varchar(30) DEFAULT '' COMMENT 'class值',
  `pid` int(10) unsigned DEFAULT 0 COMMENT 'parentID，父级元素。用于select radio取子集用',
  PRIMARY KEY (`id`)
) ENGINE=InnoDB AUTO_INCREMENT=176 DEFAULT CHARSET=utf8 ROW_FORMAT=COMPACT COMMENT='数据模型详情表。panjie';

-- ----------------------------
--  Records of `yunzhi_data_model_detail`
-- ----------------------------
BEGIN;
INSERT INTO `yunzhi_data_model_detail` VALUES ('11', '4', '发表时间', 'publication_time', 'date', 'publication_time', '0'), ('12', '4', '发表位置', 'publication_position', 'text', 'publication_position', '0'), ('14', '5', '单位排名', 'unit_rank', 'select', 'unit_rank', '0'), ('15', '5', '第一', '', 'text', '', '14'), ('16', '5', '第二', '', 'text', '', '14'), ('17', '5', '第三', '', 'text', '', '14'), ('18', '5', '个人排名', 'personal_ranking', 'select', 'personal_ranking', '0'), ('19', '5', '第一', '', 'text', '', '18'), ('20', '5', '第二', '', 'text', '', '18'), ('21', '5', '第三', '', 'text', '', '18'), ('23', '5', '立项时间', 'project_time', 'date', 'project_time', '0'), ('26', '6', '单位排名', 'unit_rank', 'select', 'unit_rank', '0'), ('27', '6', '第一', '', 'text', '', '26'), ('28', '6', '第二', '', 'text', '', '26'), ('29', '6', '第三', '', 'text', '', '26'), ('30', '6', '个人排名', 'personal_ranking', 'select', 'personal_ranking', '0'), ('31', '6', '第一', '', 'text', '', '30'), ('32', '6', '第二', '', 'text', '', '30'), ('33', '6', '第三', '', 'text', '', '30'), ('35', '7', '项目经费(元)', 'project_funding', 'money', 'project_funding', '0'), ('37', '8', '主协办次序', 'order', 'select', 'order', '0'), ('38', '8', '主办单位', '', 'text', '', '37'), ('39', '8', '第一协办单位', '', 'text', '', '37'), ('40', '8', '第二协办单位', '', 'text', '', '37'), ('41', '13', '分数', 'modelScore', 'select', 'modelScore', '0'), ('42', '13', '1', '', 'text', '', '41'), ('43', '13', '2', '', 'text', '', '41'), ('44', '13', '3', '', 'text', '', '41'), ('45', '13', '4', '', 'text', '', '41'), ('46', '13', '5', '', 'text', '', '41'), ('47', '13', '6', '', 'text', '', '41'), ('48', '13', '7', '', 'text', '', '41'), ('49', '13', '8', '', 'text', '', '41'), ('50', '13', '9', '', 'text', '', '41'), ('51', '13', '10', '', 'text', '', '41'), ('52', '13', '11', '', 'text', '', '41'), ('53', '13', '12', '', 'text', '', '41'), ('54', '13', '13', '', 'text', '', '41'), ('55', '13', '14', '', 'text', '', '41'), ('56', '13', '15', '', 'text', '', '41'), ('57', '13', '16', '', 'text', '', '41'), ('58', '13', '17', '', 'text', '', '41'), ('59', '13', '18', '', 'text', '', '41'), ('60', '13', '19', '', 'text', '', '41'), ('61', '13', '20', '', 'text', '', '41'), ('62', '13', '21', '', 'text', '', '41'), ('63', '13', '22', '', 'text', '', '41'), ('64', '13', '23', '', 'text', '', '41'), ('65', '13', '24', '', 'text', '', '41'), ('66', '13', '25', '', 'text', '', '41'), ('67', '13', '26', '', 'text', '', '41'), ('68', '13', '27', '', 'text', '', '41'), ('69', '13', '28', '', 'text', '', '41'), ('70', '13', '29', '', 'text', '', '41'), ('71', '13', '30', '', 'text', '', '41'), ('72', '13', '31', '', 'text', '', '41'), ('73', '13', '32', '', 'text', '', '41'), ('74', '13', '34', '', 'text', '', '41'), ('75', '13', '33', '', 'text', '', '41'), ('76', '13', '35', '', 'text', '', '41'), ('77', '13', '36', '', 'text', '', '41'), ('78', '13', '37', '', 'text', '', '41'), ('79', '13', '38', '', 'text', '', '41'), ('80', '13', '39', '', 'text', '', '41'), ('81', '13', '40', '', 'text', '', '41'), ('82', '13', '41', '', 'text', '', '41'), ('83', '13', '42', '', 'text', '', '41'), ('84', '13', '43', '', 'text', '', '41'), ('85', '13', '44', '', 'text', '', '41'), ('86', '13', '45', '', 'text', '', '41'), ('87', '13', '46', '', 'text', '', '41'), ('88', '13', '47', '', 'text', '', '41'), ('89', '13', '48', '', 'text', '', '41'), ('90', '13', '49', '', 'text', '', '41'), ('91', '13', '50', '', 'text', '', '41'), ('92', '13', '描述', 'mark', 'textarea', 'mark', '0'), ('93', '5', '第四', '', 'text', '', '14'), ('94', '5', '第五', '', 'text', '', '14'), ('95', '5', '第四', '', 'text', '', '18'), ('96', '5', '第五', '', 'text', '', '18'), ('97', '14', '学生*学期', 'student_persm', 'select', '', '0'), ('98', '14', '1', '', 'text', '', '97'), ('99', '14', '2', '', 'text', '', '97'), ('100', '14', '3', '', 'text', '', '97'), ('101', '14', '4', '', 'text', '', '97'), ('102', '14', '5', '', 'text', '', '97'), ('103', '14', '6', '', 'text', '', '97'), ('104', '14', '7', '', 'text', '', '97'), ('105', '14', '8', '', 'text', '', '97'), ('106', '15', '认定分值', 'recognized_score', 'select', '', '0'), ('107', '15', '5', 'recognized_score_5', 'text', '', '106'), ('108', '15', '6', 'recognized_score_6', 'text', '', '106'), ('109', '15', '7', 'recognized_score_7', 'text', '', '106'), ('110', '15', '8', 'recognized_score_8', 'text', '', '106'), ('111', '15', '9', 'recognized_score_9', 'text', '', '106'), ('112', '15', '10', 'recognized_score_10', 'text', '', '106'), ('113', '15', '11', 'recognized_score_11', 'text', '', '106'), ('114', '15', '12', 'recognized_score_12', 'text', '', '106'), ('115', '15', '13', 'recognized_score_13', 'text', '', '106'), ('116', '15', '14', 'recognized_score_14', 'text', '', '106'), ('117', '15', '15', 'recognized_score_15', 'text', '', '106'), ('118', '15', '16', 'recognized_score_16', 'text', '', '106'), ('119', '15', '17', 'recognized_score_17', 'text', '', '106'), ('120', '15', '18', 'recognized_score_18', 'text', '', '106'), ('121', '15', '19', 'recognized_score_19', 'text', '', '106'), ('122', '15', '20', 'recognized_score_20', 'text', '', '106'), ('123', '16', '人数', 'recruit_count', 'select', '', '0'), ('124', '16', '1', 'recruit_count_1', 'text', '', '123'), ('125', '5', '是否到账', 'model6_is_arrival', 'select', '', '0'), ('126', '5', '是', '', 'text', '', '125'), ('127', '5', '否', '', 'text', '', '125'), ('128', '14', '9', '', 'text', '', '97'), ('129', '14', '10', '', 'text', '', '97'), ('130', '14', '11', '', 'text', '', '97'), ('131', '14', '12', '', 'text', '', '97'), ('132', '14', '13', '', 'text', '', '97'), ('133', '14', '14', '', 'text', '', '97'), ('134', '14', '15', '', 'text', '', '97'), ('135', '14', '16', '', 'text', '', '97'), ('136', '16', '2', '', 'text', '', '123'), ('137', '16', '3', '', 'text', '', '123'), ('138', '16', '4', '', 'text', '', '123'), ('139', '16', '5', '', 'text', '', '123'), ('140', '16', '6', '', 'text', '', '123'), ('141', '16', '7', '', 'text', '', '123'), ('142', '16', '8', '', 'text', '', '123'), ('143', '16', '9', '', 'text', '', '123'), ('144', '16', '10', '', 'text', '', '123'), ('145', '17', '次数', 'data_model_17_num', 'select', '', '0'), ('146', '17', '1', '', 'text', '', '145'), ('147', '17', '2', '', 'text', '', '145'), ('148', '17', '3', '', 'text', '', '145'), ('149', '17', '4', '', 'text', '', '145'), ('150', '17', '5', '', 'text', '', '145'), ('151', '17', '6', '', 'text', '', '145'), ('152', '17', '7', '', 'text', '', '145'), ('153', '17', '8', '', 'text', '', '145'), ('154', '17', '9', '', 'text', '', '145'), ('155', '17', '10', '', 'text', '', '145'), ('156', '17', '11', '', 'text', '', '145'), ('157', '17', '12', '', 'text', '', '145'), ('158', '17', '13', '', 'text', '', '145'), ('159', '17', '14', '', 'text', '', '145'), ('160', '17', '15', '', 'text', '', '145'), ('161', '17', '16', '', 'text', '', '145'), ('162', '17', '17', '', 'text', '', '145'), ('163', '17', '18', '', 'text', '', '145'), ('164', '17', '19', '', 'text', '', '145'), ('165', '17', '20', '', 'text', '', '145'), ('166', '17', '21', '', 'text', '', '145'), ('167', '17', '22', '', 'text', '', '145'), ('168', '17', '23', '', 'text', '', '145'), ('169', '17', '24', '', 'text', '', '145'), ('170', '17', '25', '', 'text', '', '145'), ('171', '17', '26', '', 'text', '', '145'), ('172', '17', '27', '', 'text', '', '145'), ('173', '17', '28', '', 'text', '', '145'), ('174', '17', '29', '', 'text', '', '145'), ('175', '17', '30', '', 'text', '', '145');
COMMIT;

-- ----------------------------
--  Table structure for `yunzhi_department`
-- ----------------------------
DROP TABLE IF EXISTS `yunzhi_department`;
CREATE TABLE `yunzhi_department` (
  `id` int(10) unsigned NOT NULL AUTO_INCREMENT COMMENT '部门id',
  `name` varchar(100) DEFAULT NULL COMMENT '部门名',
  `parent_id` int(10) unsigned DEFAULT NULL COMMENT '上级部门id',
  `status` tinyint(3) unsigned DEFAULT 0 COMMENT '状态>0正常 ,1不正常',
  `remarks` text DEFAULT NULL COMMENT '备注',
  PRIMARY KEY (`id`)
) ENGINE=InnoDB AUTO_INCREMENT=29 DEFAULT CHARSET=utf8 ROW_FORMAT=COMPACT;

-- ----------------------------
--  Records of `yunzhi_department`
-- ----------------------------
BEGIN;
INSERT INTO `yunzhi_department` VALUES ('1', '经管学院', '0', '0', ''), ('2', '物流管理系', '1', '0', ''), ('3', '财务会计教育系', '1', '0', ''), ('5', '实验实训中心', '1', '0', ''), ('6', '信用管理系', '1', '0', ''), ('23', '综合办公室', '1', '0', ''), ('24', '劳动与社会保障系', '1', '0', ''), ('25', '人力资源管理系', '1', '0', ''), ('26', '学工办团总支', '1', '0', ''), ('27', '金融学系', '1', '0', ''), ('28', '电子商务系', '1', '0', '');
COMMIT;

-- ----------------------------
--  Table structure for `yunzhi_department_post`
-- ----------------------------
DROP TABLE IF EXISTS `yunzhi_department_post`;
CREATE TABLE `yunzhi_department_post` (
  `id` int(10) unsigned NOT NULL AUTO_INCREMENT,
  `department_id` int(10) unsigned DEFAULT NULL COMMENT '岗位id',
  `post_id` int(10) unsigned DEFAULT NULL COMMENT '部门id',
  `state` int(2) unsigned DEFAULT 1 COMMENT '状态，1表示正常，2表示冻结',
  PRIMARY KEY (`id`)
) ENGINE=InnoDB AUTO_INCREMENT=168 DEFAULT CHARSET=utf8 ROW_FORMAT=COMPACT;

-- ----------------------------
--  Records of `yunzhi_department_post`
-- ----------------------------
BEGIN;
INSERT INTO `yunzhi_department_post` VALUES ('13', '4', '9', '1'), ('35', '8', '1', '1'), ('36', '8', '2', '1'), ('37', '8', '3', '1'), ('38', '8', '4', '1'), ('39', '9', '1', '1'), ('42', '9', '7', '1'), ('43', '9', '11', '1'), ('56', '21', '1', '1'), ('57', '21', '2', '1'), ('58', '21', '4', '1'), ('103', '22', '1', '1'), ('104', '22', '2', '1'), ('116', '5', '8', '1'), ('117', '5', '11', '1'), ('131', '1', '5', '1'), ('133', '2', '24', '1'), ('138', '23', '9', '1'), ('145', '2', '6', '1'), ('146', '3', '6', '1'), ('147', '3', '24', '1'), ('148', '25', '6', '1'), ('149', '25', '24', '1'), ('150', '26', '9', '1'), ('151', '24', '6', '1'), ('152', '24', '24', '1'), ('153', '1', '7', '1'), ('154', '1', '1', '1'), ('155', '1', '2', '1'), ('156', '1', '3', '1'), ('157', '1', '4', '1'), ('158', '1', '9', '1'), ('159', '6', '6', '1'), ('160', '6', '24', '1'), ('164', '27', '24', '1'), ('165', '27', '6', '1'), ('166', '28', '24', '1'), ('167', '28', '6', '1');
COMMIT;

-- ----------------------------
--  Table structure for `yunzhi_examine`
-- ----------------------------
DROP TABLE IF EXISTS `yunzhi_examine`;
CREATE TABLE `yunzhi_examine` (
  `id` int(10) NOT NULL AUTO_INCREMENT COMMENT '编号',
  `name` varchar(20) CHARACTER SET utf8 COLLATE utf8_romanian_ci NOT NULL DEFAULT '' COMMENT '审批名称',
  `state` tinyint(2) NOT NULL DEFAULT 0 COMMENT '审批状态，0表示启用，1表示弃用',
  `type` int(2) NOT NULL DEFAULT 0 COMMENT '审批类型，对应是否并行',
  `chain_id` int(10) NOT NULL DEFAULT 0 COMMENT '审批对应的头结点链表编号',
  PRIMARY KEY (`id`)
) ENGINE=InnoDB AUTO_INCREMENT=104 DEFAULT CHARSET=latin1 ROW_FORMAT=COMPACT;

-- ----------------------------
--  Records of `yunzhi_examine`
-- ----------------------------
BEGIN;
INSERT INTO `yunzhi_examine` VALUES ('101', '管理人员项目审批', '0', '0', '241'), ('102', '实验教师项目审批', '0', '0', '244'), ('103', '专任教师项目审批', '0', '0', '247');
COMMIT;

-- ----------------------------
--  Table structure for `yunzhi_job`
-- ----------------------------
DROP TABLE IF EXISTS `yunzhi_job`;
CREATE TABLE `yunzhi_job` (
  `id` int(10) NOT NULL AUTO_INCREMENT COMMENT '工作编号',
  `research_id` int(10) NOT NULL DEFAULT 0 COMMENT '项目编号',
  `submit_time` int(15) NOT NULL DEFAULT 0 COMMENT '提交审批的时间戳',
  `submit_userid` int(10) NOT NULL DEFAULT 0 COMMENT '提交者用户编号',
  `finished_state` tinyint(1) NOT NULL DEFAULT 0 COMMENT '工作审批完成状态，0表示未完成，1表示已完成',
  PRIMARY KEY (`id`)
) ENGINE=InnoDB AUTO_INCREMENT=4 DEFAULT CHARSET=latin1 ROW_FORMAT=COMPACT;

-- ----------------------------
--  Records of `yunzhi_job`
-- ----------------------------
BEGIN;
INSERT INTO `yunzhi_job` VALUES ('1', '1', '1', '1', '0'), ('2', '2', '0', '0', '0'), ('3', '1', '1', '1', '0');
COMMIT;

-- ----------------------------
--  Table structure for `yunzhi_post`
-- ----------------------------
DROP TABLE IF EXISTS `yunzhi_post`;
CREATE TABLE `yunzhi_post` (
  `id` int(10) unsigned NOT NULL AUTO_INCREMENT COMMENT '编号',
  `name` varchar(30) CHARACTER SET utf8 DEFAULT '' COMMENT '岗位名称',
  `remarks` text CHARACTER SET utf8 DEFAULT NULL COMMENT '备注',
  `is_examine` int(10) unsigned DEFAULT 0 COMMENT '是否参与审批，0代表不参与，1代表参与',
  PRIMARY KEY (`id`)
) ENGINE=InnoDB AUTO_INCREMENT=25 DEFAULT CHARSET=latin1 ROW_FORMAT=COMPACT COMMENT='岗位表';

-- ----------------------------
--  Records of `yunzhi_post`
-- ----------------------------
BEGIN;
INSERT INTO `yunzhi_post` VALUES ('1', '院长', '无备注', '0'), ('2', '书记', '无备注', '0'), ('3', '教学副院长', '无备注', '0'), ('4', '科研副院长', '无备注', '0'), ('5', '科研秘书', '无备注', '0'), ('6', '系主任', '无备注', '0'), ('7', '副书记', null, '0'), ('8', '实验实训中心主任', null, '0'), ('9', '一般管理人员', '', '0'), ('11', '实验教师', '', '0'), ('24', '专任教师', '', '0');
COMMIT;

-- ----------------------------
--  Table structure for `yunzhi_project`
-- ----------------------------
DROP TABLE IF EXISTS `yunzhi_project`;
CREATE TABLE `yunzhi_project` (
  `id` int(11) NOT NULL AUTO_INCREMENT COMMENT '项目公共表id',
  `title` varchar(50) DEFAULT '' COMMENT '项目标题',
  `project_category_id` int(11) unsigned DEFAULT 0 COMMENT '项目总表的id',
  `cycle_id` int(10) unsigned DEFAULT 0 COMMENT '统计周期',
  `time` int(11) DEFAULT 0 COMMENT '提交时间',
  `user_id` int(11) DEFAULT 0 COMMENT '申请人ID',
  PRIMARY KEY (`id`)
) ENGINE=InnoDB AUTO_INCREMENT=857 DEFAULT CHARSET=utf8 ROW_FORMAT=COMPACT COMMENT='教工添加项目的公共表，会涉及到审批表，分值表，对应数据模型的类别表';

-- ----------------------------
--  Records of `yunzhi_project`
-- ----------------------------
BEGIN;
INSERT INTO `yunzhi_project` VALUES ('19', 'B2C电子商务退货成本与收益协调性分析', '76', '1', '1447985188', '108'), ('21', '高校女大学生就业情况基线调研', '81', '1', '1447985435', '108'), ('22', 'R/M集成供应链模型与决策', '86', '1', '1447987106', '110'), ('23', '［2］	乡城移民建构可持续生计的新视野——基于职业教育社会学的思考', '86', '1', '1447987434', '116'), ('24', '［5］	典型国家和地区产业链建构的经验及启示', '74', '1', '1447987523', '116'), ('25', '［3］	乡城移民建构可持续生计的新视野', '76', '1', '1447987609', '116'), ('26', '［4］	非洲青年就业及职业技能积累问题研究', '76', '1', '1447987658', '116'), ('27', '［6］	天津市劳动力市场供求总量与结果性问题分析', '77', '1', '1447987722', '116'), ('28', '乡-城移民建构可持续生计的研究----基于职业教育的视角', '83', '1', '1447987946', '116'), ('29', '推进天津城乡一体化的就业服务体系研究', '83', '1', '1447988079', '116'), ('30', 'IASB/FASB收入准则变化及对相关行业企业的影响分析', '76', '1', '1447988544', '94'), ('32', '基于作业成本法的企业物流成本控制研究', '81', '1', '1447989451', '73'), ('33', '中小企业电子商务模式及实施效果评价研究-以天津为例', '84', '1', '1447989529', '109'), ('36', '基于 AHP 的天津保税物流发展评价研究', '76', '1', '1447990986', '106'), ('38', '技术知识视野下技术人才的分层及其培养', '76', '1', '1447991625', '102'), ('39', '斯内登的职业教育思想及其影响', '76', '2', '1480580900', '102'), ('40', '基于机器学习和统计学习融合的无损鲁棒水印技术研究', '80', '1', '1447992418', '110'), ('43', '非营利组织会计信息披露探讨—基于信息需求方视角', '76', '1', '1447997313', '95'), ('44', '金融危机的周期性问题探究（	天津市2014年社科规划后期资助项目）', '83', '1', '1449025953', '70'), ('45', '	《证券投资理论与实务》（第三版）教育部“十二五”职业教育国家规划教材，高等教育出版社2015.2', '86', '1', '1447998466', '70'), ('47', '构建滨海新区新型资本市场体系研究', '80', '1', '1448000559', '70'), ('48', '金融危机的周期性问题探究（	天津市2014年社科规划后期资助项目）', '80', '1', '1448947505', '70'), ('49', '构建天津市现代职业教育体系有关问题的探讨', '91', '1', '1448001652', '70'), ('50', '天津市长期照护保险制度建设研究', '81', '1', '1448003686', '116'), ('51', '天津市长期照护保险制度建设研究', '81', '1', '1448003831', '116'), ('52', '推进天津市城乡一体化的就业服务体系研究', '80', '1', '1448003960', '116'), ('53', '提升新生代农民工融入城市能力的个人资本框架及生成机制研究', '80', '1', '1448004050', '116'), ('54', '对接于产业结构调整的天津市农村劳动力培训问题研究----以滨海新区为例', '80', '1', '1448004219', '116'), ('55', '乡城移民建构可持续生计的研究', '80', '1', '1448005005', '116'), ('56', '天津市长期照护保险制度建设研究', '81', '1', '1448007670', '116'), ('57', '我国城乡金融产业布局的形成及特征分析', '76', '1', '1448017115', '79'), ('58', '多元化债务融资策略与企业管理研究', '81', '1', '1448017193', '80'), ('64', '中国金融业监管策略推进效应研究', '78', '1', '1448164932', '72'), ('68', '高校女大学生就业情况基线调研', '81', '1', '1448340066', '114'), ('74', '中国区域经济“协同发展效率陷阱”及其福利成本研究', '83', '1', '1448245426', '82'), ('75', '我国高等职业教育学位层次结构的构建 ', '76', '1', '1448245718', '82'), ('76', '我国城镇化背景下居民收入差距对消费的影响研究——基于动态面板数据模型的估计 ', '74', '1', '1448245797', '82'), ('77', '“4+2”中等职业学校专业教师培养模式的构想 ', '76', '1', '1448245863', '82'), ('78', '基于多目标模糊优选模型的供应商选择 ', '76', '1', '1448245918', '82'), ('80', '物流学校级优秀主讲', '142', '1', '1448248899', '106'), ('81', '2014-2015学年校A级教师', '143', '1', '1448248972', '106'), ('84', '2014-2015年度教学评价', '143', '1', '1448250374', '50'), ('87', '商业银行经营管理', '151', '1', '1448251857', '81'), ('88', '生产与运作管理', '151', '1', '1448251956', '81'), ('89', '经济与管理实验教学示范中心', '146', '1', '1448253534', '3'), ('91', '基于Shapely修正的供应链协同产品创新收益分配', '75', '1', '1449058287', '51'), ('95', '关于加强农村籍大学生职业指导的几点思考', '91', '1', '1448263074', '85'), ('96', '地方本科院校应对人才需求的转型发展之路——以天津市为例', '77', '1', '1448263184', '85'), ('97', '高校创业教育对大学生创业行为的影响机制研究', '83', '1', '1448264056', '51'), ('98', '2014-2015学年第二学期宏观经济学（财会1301,1302班）；2015-2016学年第一学期', '151', '1', '1448264162', '71'), ('99', '金融抑制视角下天津银行信贷与经济增长的实证分析 ', '77', '1', '1448264309', '71'), ('101', '废旧电器再生利用生态产业链（71573188）', '79', '1', '1448267701', '107'), ('102', '运筹学电商1301', '151', '1', '1448382478', '111'), ('105', '教学过程质量', '143', '1', '1448270025', '96'), ('106', '其他教学建设', '151', '1', '1448270098', '96'), ('107', '天津市大学生征信知识竞赛', '185', '1', '1448270222', '69'), ('108', '破解失信难题的对策分析——基于信用与信息、失信成本关系视角', '76', '1', '1448270359', '69'), ('109', '网络商品交易市场中平台企业非价格竞争对策——基于双边市场理论的分析', '76', '1', '1448270463', '69'), ('112', '信用管理专业建设', '153', '1', '1448271015', '69'), ('113', '破解失信难题的对策分析——基于信用与信息、失信成本关系视角', '103', '1', '1448271064', '69'), ('114', '网络商品交易市场中平台企业非价格竞争对策——基于双边市场理论的分析', '103', '1', '1448271098', '69'), ('115', '赴澳参加高等教育教学法培训', '157', '1', '1448271139', '69'), ('116', '信用管理概论', '124', '1', '1448271319', '69'), ('117', '中国人民银行天津分行征信处信用管理实习基地', '150', '1', '1449479725', '69'), ('118', '宜信公司信用管理实习基地', '150', '1', '1448271419', '69'), ('119', '微观经济学', '151', '1', '1448271450', '69'), ('120', '其他教学建设', '151', '1', '1448271894', '96'), ('124', '成本管理会计', '151', '1', '1448279699', '94'), ('125', '财务管理学-财会1301班', '151', '1', '1448874492', '94'), ('130', '我国非营利组织会计信息披露现状分析——以教育基金会为例', '76', '1', '1449194466', '95'), ('131', '企业参与职业教育的激励政策探析', '202', '1', '1449194457', '95'), ('135', '可持续生计视域下的被征地农民就业问题研究', '202', '1', '1448348027', '116'), ('136', '关于提升新生代农民工城市融入能力的研究', '202', '1', '1448334513', '116'), ('142', '社会偏好、网络结构对供应链契约协调的影响研究', '195', '1', '1448381878', '111'), ('143', '学科与科研平台建设', '81', '1', '1448337819', '113'), ('144', '学科与科研平台建设', '80', '1', '1448338056', '113'), ('148', '金融抑制视角下天津银行信贷与经济增长的实证分析', '77', '1', '1448349420', '71'), ('149', '金融功能视角下的征信体系建设探讨', '76', '1', '1448349405', '71'), ('151', '天津市长期照护保险制度建设研究', '81', '1', '1448552547', '116'), ('153', '组织电子商务师考试', '158', '1', '1448347772', '98'), ('155', '电子商务品牌专业建设', '153', '1', '1448348193', '98'), ('156', '组织中职电子商务教师培训', '158', '1', '1448348274', '98'), ('157', '基于生态文明的再制造闭环供应链回收渠道模型及复杂性研究', '194', '1', '1448348746', '98'), ('159', '2015-2016（1）宏观经济学（金融1401-2，信管1401）', '151', '1', '1448354845', '71'), ('160', '对接于自贸区的京津冀物流协同发展平台建设研究', '194', '1', '1448355183', '106'), ('161', '基于CDIO理念的应用型港口物流管理人才培养模式研究', '77', '1', '1448357894', '104'), ('162', '2014-2015教学A级', '143', '1', '1448357885', '104'), ('163', '现代港口物流管理1班', '151', '1', '1448358611', '104'), ('164', '现代港口物流管理2班', '151', '1', '1448358528', '104'), ('166', '企业参与职业教育动力不足的经济学探析', '202', '1', '1448432197', '76'), ('167', '金融学学术带头人', '156', '1', '1448370426', '70'), ('170', '李秀红', '143', '1', '1448432240', '76'), ('174', '国际金融', '151', '1', '1448432230', '76'), ('175', '国际金融', '151', '1', '1448432217', '76'), ('177', '金融学', '151', '1', '1448373333', '79'), ('178', '金融学', '151', '1', '1448373355', '79'), ('179', '运筹学电商1302', '151', '1', '1448382474', '111'), ('180', '天津智源经略商务信息咨询服务有限公司管理咨询方案', '81', '1', '1448396911', '87'), ('181', '大数据环境下天津市科技创新政策仿真模型构建研究', '194', '1', '1449065020', '87'), ('182', '大数据环境下我国科技创新政策仿真模型及技术支撑平台研究', '194', '1', '1449065073', '87'), ('183', '大数据环境下我国科技创新政策仿真模型及技术支撑平台研究', '195', '1', '1449065090', '87'), ('184', '碳交易、互惠偏好与供应链减排博弈研究', '79', '1', '1448411486', '111'), ('185', '高校创业教育对大学生创业行为的影响机制研究', '80', '1', '1449101025', '51'), ('187', '协同创新视阈下地方本科高校应用型创新人才培养路径与对策', '194', '1', '1449203994', '51'), ('189', '《证券投资理论与实务》（第三版）教育部“十二五”职业教育国家规划教材，高等教育出版社2015.2', '176', '1', '1448412819', '70'), ('190', '《证券投资理论与实务》（第三版）教育部“十二五”职业教育国家规划教材，高等教育出版社2015.2', '176', '1', '1448412872', '70'), ('191', '天津职业教育金融支撑体系构建研究 天津社科', '194', '1', '1448413539', '74'), ('192', '基于职业教育资金需求的职业教育金融体系构建及风险防范研究  教育部人文社科', '194', '1', '1448413669', '74'), ('194', '公司金融', '151', '1', '1448414029', '74'), ('196', '有回收检测误差的制造/再制造最优生产决策研究', '83', '1', '1448417792', '110'), ('197', '2014-2015校A级教学', '143', '1', '1448417046', '99'), ('198', '电子商务学术带头人', '156', '1', '1448417153', '99'), ('199', '有回收检测误差的制造/再制造最优生产决策研究', '80', '1', '1448417803', '110'), ('200', '大数据背景下电子商务专业《信息能力》链式课程开发与实践', '77', '1', '1448417475', '99'), ('201', '对接于现代服务业的应用型人才培养创新研究', '80', '1', '1448417716', '99'), ('202', '有回收检测误差的制造/再制造最优生产决策研究', '194', '1', '1448418842', '110'), ('203', '再制造双向动力源内在机理与供应链联合优化研究', '195', '1', '1448418850', '110'), ('206', '资产评估理论与实务', '151', '1', '1448420222', '48'), ('209', '高校女大学生就业情况基线调研', '81', '1', '1448423241', '105'), ('210', '企业物流管理', '151', '1', '1448423890', '105'), ('211', '高校女大学生就业基线调研', '81', '1', '1448424495', '114'), ('212', '天津市北辰区星铭通讯公司微商城平台建设与推广项目', '81', '1', '1448426511', '103'), ('213', '网络营销', '151', '1', '1448426363', '103'), ('215', '电子商务安全', '151', '1', '1448426611', '98'), ('216', '物流学', '151', '1', '1448426775', '106'), ('217', '国际贸易理论与实务', '151', '1', '1448426810', '106'), ('220', '微观经济学', '151', '1', '1448427960', '77'), ('221', '微观经济学', '151', '1', '1448427968', '77'), ('222', '金融工程', '151', '1', '1448427948', '77'), ('224', '大力发展OTC业务构建新型资本市场', '104', '1', '1449473429', '77'), ('225', '指导研究生', '222', '1', '1448537300', '110'), ('226', '国际物流管理', '151', '1', '1448428003', '106'), ('227', '消费者废旧家电回收行为回归分析', '190', '1', '1448537459', '110'), ('228', '高校创业教育对大学生创业行为的影响机制研究', '194', '1', '1449203905', '51'), ('229', '社会保险基金社会监督体系的对策研究', '202', '1', '1448430461', '59'), ('230', 'A级', '143', '1', '1448432012', '59'), ('231', '中级财务会计2-2', '151', '1', '1448432621', '59'), ('232', '天津市艺术规划重点项目', '173', '1', '1448434219', '62'), ('233', '天津市艺术规划重点项目', '80', '1', '1448434910', '62'), ('234', '数据库原理及应用', '128', '1', '1449211291', '62'), ('235', 'A级教师', '143', '1', '1448435346', '62'), ('236', '数据库原理及应用', '151', '1', '1448435372', '62'), ('237', '区域物流供需耦合系统的协同发展评价研究', '202', '1', '1448445162', '108'), ('238', '基于DEA-GRA双层模型的制造业与物流业联动效果分析——以天津市为例', '202', '1', '1448445279', '108'), ('239', '京津冀职业教育与地区经济协同发展研究', '194', '1', '1448445702', '108'), ('240', '中职教育与区域发展的匹配度实证研究——基于京津冀、长江经济带视角', '194', '1', '1448445763', '108'), ('242', '2014-2015学年教学评价A级', '143', '1', '1448446082', '108'), ('243', '物流成本管理-物流1201', '151', '1', '1448446244', '108'), ('244', '物流成本管理-物流1202', '151', '1', '1448446270', '108'), ('245', '第三方物流管理-物流1301', '151', '1', '1448446292', '108'), ('246', '第三方物流管理-物流1302', '151', '1', '1448446316', '108'), ('247', '天津三泰祥国际贸易有限责任公司国际物流单证系统优化', '81', '1', '1448462755', '105'), ('248', '基于博弈论的逆向供应链定价策略分析', '202', '1', '1448485602', '110'), ('249', '基于博弈论的逆向供应链定价策略分析', '202', '1', '1448485754', '110'), ('250', '社会保险基金财务信息披露制度与社会监督体系的研究', '202', '1', '1448504714', '96'), ('251', '大学生就业与高等院校实践性教学研究', '202', '1', '1448504976', '96'), ('252', '协同与融合:战略性新兴产业与传统产业互动发展的有效路径', '202', '1', '1448505805', '69'), ('253', '数字图像可逆认证技术研究综述', '202', '1', '1448506577', '110'), ('254', 'Risk Control for Reverse Supply Chain: Collecting ', '73', '1', '1448506980', '110'), ('255', '艾舟格尔（天津）医疗器械有限公司市场营销方案', '81', '1', '1448514187', '78'), ('257', '艾舟格尔（天津）医疗器械有限公司电商营销方案', '81', '1', '1448945095', '100'), ('258', '基于不同采纳阶段视角下的个人用户创新采纳行为研究——以公共服务 移动客户端为例', '195', '1', '1448511711', '103'), ('259', '天津市公民采纳移动公共服务平台的影响因素及对策研究——以天津“无线城市”为例', '194', '1', '1448511884', '103'), ('260', '计量经济学', '151', '1', '1448513015', '78'), ('261', '微观经济学', '151', '1', '1448513039', '78'), ('262', '职业教育质量标准现状研究、案例研究', '81', '1', '1448518658', '82'), ('263', '中国区域经济“协同发展效率陷阱”及其福利成本研究', '80', '1', '1448518732', '82'), ('264', '教学效果为A', '143', '1', '1448523260', '57'), ('265', '微观经济学', '151', '1', '1448523330', '57'), ('266', '微观经济学', '151', '1', '1448523369', '57'), ('267', '指导研究生', '222', '1', '1448523533', '62'), ('268', '数据库原理及应用-电商1202', '151', '1', '1448523611', '62'), ('269', '编写研究生课程大纲', '153', '1', '1448525076', '62'), ('270', '管理科学与工程学科评估', '154', '1', '1448525316', '62'), ('271', '申报教育部项目', '194', '1', '1448525772', '62'), ('272', '申报教育决策研究中心重大课题', '194', '1', '1448525619', '62'), ('273', '申报国家自然基金', '195', '1', '1448525654', '62'), ('274', '研究生招生宣传', '158', '1', '1448525965', '62'), ('275', '统计学', '221', '1', '1448536275', '108'), ('277', '区域金融导论', '80', '1', '1448609777', '79'), ('278', '审计学', '151', '1', '1448622480', '114'), ('281', '我国农业投资效益分析', '202', '1', '1448709873', '57'), ('282', '返乡农民工职业技能培训的影响因素及对策', '202', '1', '1448710091', '57'), ('283', '研究生指导', '222', '1', '1448710450', '57'), ('286', '研究生指导', '222', '1', '1448711188', '57'), ('289', '证券投资（7月）', '151', '1', '1449045762', '75'), ('290', '证券投资（补考）', '151', '1', '1448775413', '75'), ('291', '证券投资（毕业换结业）张炼周通知出题', '151', '1', '1448775699', '75'), ('292', '商业银行经营与管理', '151', '1', '1448788378', '80'), ('293', '商业银行经营与管理', '151', '1', '1448788411', '80'), ('294', '统计模型方向和物流管理方向', '223', '1', '1448843837', '110'), ('296', ' 深化政府职能转变 提升公共服务水平', '198', '1', '1448852856', '91'), ('297', '管理学原理', '151', '1', '1448853029', '91'), ('298', '社会学', '151', '1', '1448853056', '91'), ('299', '证券投资（清考）', '151', '1', '1448853816', '75'), ('300', '生产与运作管理', '151', '1', '1448863287', '81'), ('301', '商业银行经营管理', '151', '1', '1448863312', '81'), ('304', '国际金融', '151', '1', '1448863903', '76'), ('308', '申报国家级项目且通过学校初审', '195', '1', '1448866696', '57'), ('309', '2014-2015(2)宏观经济学（财会1301）', '151', '1', '1448866218', '71'), ('310', '2014-2015（2）宏观经济学（财会1302）', '151', '1', '1448866253', '71'), ('311', '2015-2016（1）宏观经济学（信管1401）', '151', '1', '1448866291', '71'), ('312', '2015-2016（2）宏观经济学（金融1401）', '151', '1', '1448866321', '71'), ('313', '2015-2016（1）宏观经济学（金融1402）', '151', '1', '1448866360', '71'), ('315', '申报省部级项目且通过学校初审', '194', '1', '1448866842', '57'), ('316', '申报省部级项目且通过学校初审', '194', '1', '1448867129', '57'), ('317', '微观经济学', '151', '1', '1448868397', '57'), ('318', '微观经济学', '151', '1', '1448868420', '57'), ('319', '2014-2015(1)宏观经济学（金融1301）', '151', '1', '1448868463', '71'), ('320', '2014-2015（1）宏观经济学（金融1302）', '151', '1', '1448868492', '71'), ('321', '2014-2015（1）宏观经济学（信管1301）', '151', '1', '1448868524', '71'), ('322', '证券投资（1月）', '151', '1', '1449045792', '75'), ('324', '物流管理 ', '151', '1', '1448870850', '110'), ('326', '财务管理学-财会1302班', '151', '1', '1448874410', '94'), ('327', '成本管理会计--财会1202班', '151', '1', '1448874468', '94'), ('328', '2014-2015（2）微观经济学（信管1401）', '151', '1', '1448876367', '69'), ('329', '2014-2015（2）微观经济学（社保1401）', '151', '1', '1448876401', '69'), ('330', '公司金融', '151', '1', '1448882661', '74'), ('331', '人力', '152', '1', '1448882971', '87'), ('332', '工作分析与应用', '151', '1', '1448884598', '87'), ('333', '就业与培训', '151', '1', '1448884651', '87'), ('334', '管理学', '151', '1', '1448884864', '87'), ('335', '人员测评与甄选', '151', '1', '1448884890', '87'), ('339', '中级财务会计2-2', '151', '1', '1448887005', '59'), ('340', '中级财务会计2-1', '151', '1', '1448887034', '59'), ('341', '中级财务会计2-1', '151', '1', '1448887061', '59'), ('342', '商业银行经营与管理', '151', '1', '1448890000', '76'), ('343', '商业银行经营与管理', '151', '1', '1448890010', '76'), ('345', '市场营销1101', '151', '1', '1448932745', '111'), ('346', '市场营销1102', '151', '1', '1448932740', '111'), ('347', '吴纬地', '143', '1', '1448931079', '74'), ('348', '2014-2015(1)中央银行学(金融1201）', '151', '1', '1449112675', '72'), ('350', '2014-2015(1)中央银行学(金融1202）', '151', '1', '1449112766', '72'), ('351', '2014-2015(2)金融学（电商1201）', '151', '1', '1448932922', '72'), ('352', '2014-2015(2)金融学（电商1202）', '151', '1', '1448932962', '72'), ('353', '其他教学建设', '151', '1', '1448933252', '96'), ('354', '其他教学建设', '151', '1', '1448933276', '96'), ('355', 'intention of online customized marketing system in', '72', '1', '1448933409', '109'), ('356', 'B2B品牌化：社交媒体使用对品牌资产影响机理研究 ', '194', '1', '1448934071', '111'), ('357', '审计学', '151', '1', '1448934239', '114'), ('358', '专业英语', '151', '1', '1448934262', '114'), ('359', '专业英语 ', '151', '1', '1448934282', '114'), ('360', '生产与运作管理', '151', '1', '1448936512', '103'), ('361', '微观经济学', '151', '1', '1448937100', '77'), ('362', '微观经济学', '151', '1', '1448937094', '77'), ('363', '金融工程', '151', '1', '1448937085', '77'), ('364', '管理信息系统', '151', '1', '1448945030', '100'), ('366', '电子商务安全', '151', '1', '1448946862', '98'), ('367', '新常态下中国银行业对外开放与新风险预警研究', '195', '1', '1449131235', '72'), ('368', '管理信息系统', '151', '1', '1448947402', '100'), ('369', '电子商务系统开发', '151', '1', '1448947486', '102'), ('370', '电子商务系统开发', '151', '1', '1448947504', '102'), ('371', '京津冀一体化下职业教育研究', '194', '1', '1448947614', '100'), ('372', '教学效果为A', '143', '1', '1448947623', '102'), ('373', '指导13级研究生一名', '222', '1', '1448947963', '70'), ('374', '申报天津市重大应急项目', '194', '1', '1448948017', '70'), ('375', '金融学-金融1301', '151', '1', '1448948062', '70'), ('376', '金融学-金融1302', '151', '1', '1448948082', '70'), ('377', '金融学-信用管理1301', '151', '1', '1448948112', '70'), ('378', '运筹学', '151', '1', '1448948380', '107'), ('379', '运筹学', '151', '1', '1448948401', '107'), ('380', '郝海', '143', '1', '1448948444', '107'), ('385', '郝海', '222', '1', '1448949582', '107'), ('386', '硕士研究生导师', '222', '1', '1448948786', '109'), ('387', '证券投资（1月）', '151', '1', '1449045786', '75'), ('388', '证券投资（7月）', '151', '1', '1449045776', '75'), ('389', '证券投资（7月）', '151', '1', '1449045769', '75'), ('392', '天津市实验教学示范中心', '146', '1', '1449210055', '59'), ('393', '仓储与配送管理', '151', '1', '1448951202', '109'), ('394', '仓储与配送管理', '151', '1', '1448951195', '109'), ('396', '网络营销', '151', '1', '1448951842', '103'), ('397', '生产与运作管理', '151', '1', '1448951871', '103'), ('398', '企业物流管理', '151', '1', '1448952406', '105'), ('399', '供应链', '151', '1', '1448952427', '105'), ('400', '供应链', '151', '1', '1448952450', '105'), ('401', '基于全生命周期理论的中小企业电子商务模式实施效果动态评价研究', '195', '1', '1448977842', '109'), ('402', '14-15第一学期金融1101专业英语', '151', '1', '1448954046', '73'), ('403', '14-15第一学期金融1102专业英语', '151', '1', '1448954073', '73'), ('404', '社会网络环境下体验价值形成机理研究—基于时间动态视角', '194', '1', '1448977968', '109'), ('406', '资产评估理论与实务', '151', '1', '1448966443', '48'), ('407', 'IASB/FASB租赁准则变革及其影响分析', '202', '1', '1448966757', '94'), ('408', '完善社会志愿服务体系的长效机制研究', '83', '1', '1448971029', '91'), ('411', '管理学原理', '151', '1', '1448971584', '91'), ('413', '管理学原理', '151', '1', '1448971703', '91'), ('414', '管理学原理', '151', '1', '1448971729', '91'), ('415', '管理学', '151', '1', '1448973501', '87'), ('416', '管理学', '151', '1', '1448973518', '87'), ('417', '人员测评与甄选', '151', '1', '1449065120', '87'), ('418', '就业与培训', '151', '1', '1448973562', '87'), ('419', '工作分析与应用', '151', '1', '1448973586', '87'), ('420', '社会保障基金管理', '151', '1', '1448974998', '93'), ('421', '社会保障基金管理', '151', '1', '1448975166', '93'), ('422', '财政学', '151', '2', '1480893721', '92'), ('423', '保险学理论与实务', '151', '1', '1448975433', '92'), ('424', '保险学理论与实务', '151', '1', '1448975478', '92'), ('425', '保险学', '151', '1', '1448975616', '92'), ('426', '三泰祥电商优化', '81', '1', '1449188484', '112'), ('427', '物流管理 ', '151', '1', '1448977879', '110'), ('428', '三泰祥电商优化', '81', '1', '1449019982', '72'), ('430', '战略人力资源管理', '151', '1', '1449022523', '84'), ('431', '薪酬管理', '151', '1', '1449022568', '84'), ('432', '薪酬与福利管理', '151', '1', '1449022612', '84'), ('433', '薪酬与福利管理', '151', '1', '1449022672', '84'), ('434', '人力资源管理概论', '151', '1', '1449022706', '84'), ('436', '城市困难家庭就业社会政策研究', '203', '1', '1449023891', '92'), ('440', '人力资源管理概论', '151', '1', '1449022950', '84'), ('441', '战略人力资源管理', '151', '1', '1449027470', '84'), ('442', '微观经济学', '151', '1', '1449032145', '78'), ('443', '计量经济学', '151', '1', '1449032167', '78'), ('444', '计量经济学', '151', '1', '1449032215', '78'), ('445', '概念地图在中级财务会计课程教学中的应用研究——以第一章“总论”为例', '190', '1', '1449035999', '95'), ('446', '中小企业电子商务模式及实施效果评价研究-以天津为例', '194', '1', '1449038874', '109'), ('447', '完善社会志愿服务体系的长效机制研究', '80', '1', '1449048582', '91'), ('448', '物流信息管理', '151', '1', '1449057789', '3'), ('449', '电子平台下科技型中小企业供应链金融运作模式创新及风险监管研究', '194', '1', '1449102621', '82'), ('451', '中国区域经济“协同发展效率陷阱”及其福利成本研究', '194', '1', '1449110874', '82'), ('452', '邻避危机视角下的“公众参与悖论”与适应性治理研究', '194', '1', '1449103295', '82'), ('453', '基于学生视角的高等教育质量评价与改进路径研究', '194', '1', '1449110842', '82'), ('454', '基于柔性的企业发展战略研究', '194', '1', '1449104114', '82'), ('455', '社会偏好对供应链网络协调效果的影响研究', '194', '1', '1449105379', '111'), ('456', '人力资源开发', '151', '1', '1449118063', '86'), ('457', '人力资源开发', '151', '1', '1449118588', '86'), ('459', '社会保险', '151', '1', '1449140894', '90'), ('461', '学术带头人', '223', '1', '1449192641', '57'), ('462', '创新型国家视阈下科技型小微企业衍生系统研究', '194', '1', '1449199587', '83'), ('463', '硕士研究生导师', '222', '1', '1449215241', '109'), ('464', '国际物流管理', '151', '1', '1449234026', '106'), ('465', '国际贸易理论与实务', '151', '1', '1449234064', '106'), ('466', '物流学', '151', '1', '1449234089', '106'), ('467', '完善社会志愿服务体系的长效机制研究', '194', '1', '1449321408', '91'), ('468', '14-15（1）劳动经济学-人力1201', '151', '1', '1449473500', '116'), ('469', '14-15（1）劳动经济学-人力1202', '151', '1', '1449473529', '116'), ('470', '14-15（1）劳动经济学-社保1201', '151', '1', '1449473552', '116'), ('471', '微观经济学', '151', '1', '1449535827', '69'), ('472', 'xcvcx', '69', '2', '1477623058', '113'), ('474', 'ggg', '165', '2', '1479790677', '113'), ('477', '应对工业4.0地方本科院校转型为应用技术型高校的几点思考', '233', '2', '1480924805', '85'), ('478', '对接于自贸区的京津冀物流协同发展平台建设研究', '83', '2', '1479975165', '106'), ('479', '物流学', '151', '2', '1479817744', '106'), ('480', '物流学', '151', '2', '1479860034', '106'), ('482', '“一带一路”战略下区域物流协同发展路径研究——基于双区域协同发展视角', '194', '2', '1479820482', '106'), ('483', '对接于自贸区的京津冀物流协同发展平台建设研究', '80', '2', '1479975153', '106'), ('484', '物流学校级优秀主讲教师', '142', '2', '1479820678', '106'), ('486', '对接于天津自贸区的应用型本科学生职业核心技能培养研究', '82', '2', '1479819186', '106'), ('487', '经管论坛物流专场报告人之一', '230', '2', '1479821503', '106'), ('490', '对接于京津冀一体化的现代职业 教育本科人才培养改革研究', '194', '2', '1479864860', '104'), ('491', '对接于“中国制造2025”的现代职业教育本科人才培养改革研究', '82', '2', '1479865297', '104'), ('492', '现代港口物流1201班', '151', '2', '1480500724', '104'), ('493', '现代港口物流1202班', '151', '2', '1480500697', '104'), ('494', '2015-2016学年教学评价A级', '143', '2', '1479867081', '104'), ('495', '经管论坛物流专场报告人之一 ', '230', '2', '1479868406', '104'), ('496', '专业英语', '151', '2', '1479902651', '114'), ('497', '审计学', '151', '2', '1479902674', '114'), ('498', '2015-2016年度', '143', '2', '1479931617', '50'), ('499', '财务报表分析与使用', '151', '2', '1479931901', '50'), ('502', '经管论坛', '230', '2', '1480318249', '83'), ('503', '管理沟通（双语）', '151', '2', '1479950353', '83'), ('504', 'Application and optimization of experimental teach', '73', '2', '1480424179', '48'), ('505', '天津市生活垃圾处理成本测算项目', '81', '2', '1480423310', '48'), ('506', '海河教育园支撑滨海新区现代产业体发展研究 ', '80', '2', '1480906142', '82'), ('507', '我国高等职业教育规模对经济增长贡献率的实证分析', '76', '2', '1480906216', '82'), ('508', '二部制契约下供应链内外部融资模式比较分析', '76', '2', '1480906197', '82'), ('509', '供应链金融的运作模式与优势研究', '76', '2', '1480066486', '82'), ('510', '基于柔性的企业发展战略理论研究 ', '83', '2', '1480906179', '82'), ('511', '基于柔性的企业发展战略理论研究 ', '80', '2', '1480906165', '82'), ('512', '学院认定的学生评教前10%的教师', '228', '2', '1480072237', '74'), ('513', '公司金融（金融1301班）', '151', '2', '1480072452', '74'), ('514', '公司金融（金融1302班）', '151', '2', '1480072585', '74'), ('515', '教学效果为A的教师', '143', '2', '1480072972', '74'), ('516', '金融学（财会1301班）', '151', '2', '1480073068', '74'), ('517', '金融学（财会1302）', '151', '2', '1480073096', '74'), ('518', '企业参与职业教育的可行性分析', '202', '2', '1480319417', '96'), ('519', '指导硕士', '222', '2', '1480857087', '109'), ('520', '指导研究生', '226', '2', '1480856942', '109'), ('521', '仓储与配送管理', '151', '2', '1480927430', '109'), ('522', '京津沪社会组织发展比较研究', '81', '2', '1480382773', '92'), ('523', '海河教育园区职业院校资源共享平台构建路径', '232', '2', '1480305079', '94'), ('524', '成本会计-财会1301班', '151', '2', '1480425548', '94'), ('525', '成本会计--财会1302', '151', '2', '1480305257', '94'), ('526', '财务管理学--财会1401班', '151', '2', '1480305314', '94'), ('528', '财务管理学--财会1402班', '151', '2', '1480305341', '94'), ('529', '海河教育园支撑滨海新区现代产业体发展研究', '80', '2', '1480312960', '57'), ('530', '金融统计', '156', '2', '1480568607', '57'), ('531', '闻洁', '222', '2', '1480568530', '57'), ('532', '郭启闻', '222', '2', '1480556627', '57'), ('533', '职业教育体系结构及毕业生升学途径与机制研究', '194', '2', '1480474676', '57'), ('534', 'A级', '143', '2', '1480314129', '57'), ('535', '微观经济学', '151', '2', '1480314307', '57'), ('536', '微观经济学', '151', '2', '1480314349', '57'), ('537', '微观经济学', '151', '2', '1480314391', '57'), ('538', '微观经济学', '151', '2', '1480314422', '57'), ('539', '绩效管理', '151', '2', '1480314747', '82'), ('540', '绩效管理', '151', '2', '1480314773', '82'), ('541', '组织行为学', '151', '2', '1480314799', '82'), ('542', '组织行为学', '151', '2', '1480314848', '82'), ('543', '优化的协作过滤推荐算法', '202', '2', '1480905973', '101'), ('544', '基于情感特征向量空间模型的中文商品评论倾向分类算法', '189', '2', '1480906018', '101'), ('545', '学院认定的学生评教前10%教师', '228', '2', '1480318866', '95'), ('546', '教学效果为A 的教师', '143', '2', '1480326695', '95'), ('547', '中级财务会计2-1（财会1401）', '151', '2', '1480327788', '95'), ('548', '中级财务会计2-1（财会1402）', '151', '2', '1480327762', '95'), ('549', '中级财务会计2-2（财会1401）', '151', '2', '1480326937', '95'), ('550', '中级财务会计2-2（财会1402）', '151', '2', '1480326973', '95'), ('551', '2016级研究生指导', '222', '2', '1480327402', '95'), ('552', '经管论坛学术报告主讲人', '230', '2', '1480327522', '95'), ('553', '商业银行经营与管理', '151', '2', '1480328142', '80'), ('554', '商业银行经营与管理', '151', '2', '1480328242', '80'), ('555', '“互联网+”背景下天津市国有文化资产管理体制创新研究', '194', '2', '1480575176', '95'), ('556', '基于委托代理理论的教育捐赠激励机制研究', '194', '2', '1480575212', '95'), ('557', '保险学理论与实务', '151', '2', '1480384274', '92'), ('558', '保险学理论与实务', '151', '2', '1480384259', '92'), ('559', '财会1501微观经济学', '151', '2', '1480394114', '73'), ('560', '16-17第一学期财会1502微观经济学', '151', '2', '1480395474', '73'), ('561', '16-17第一学期财会1501微观经济学', '151', '2', '1480394541', '73'), ('562', '过度创业与创业中的理性和非理性', '195', '2', '1480643794', '73'), ('563', '府际关系视角下的地方政府应急管理模式创新研究', '80', '2', '1480425800', '52'), ('564', '经管论坛学术报告主讲人', '230', '2', '1480559833', '94'), ('565', '应急管理职能定位：政府应急管理体系创新的逻辑起点', '203', '2', '1480425971', '52'), ('566', '基础会计1501', '151', '2', '1480504995', '96'), ('567', '税法与税务会计1402', '151', '2', '1480508328', '96'), ('568', '基础会计1502', '151', '2', '1480505006', '96'), ('569', '税法与税务会计1401', '151', '2', '1480508302', '96'), ('570', '经管论坛', '230', '2', '1480466954', '114'), ('571', '专业英语-财会1301', '151', '2', '1480665648', '114'), ('572', '审计学', '151', '2', '1480467086', '114'), ('573', '我国高职院校信用教育的缺失与内化', '76', '2', '1480468084', '69'), ('574', '我国高职院校信用教育的缺失与内化', '76', '2', '1480476266', '69'), ('575', '推动天津现代服务业超常规发展的新思路', '76', '2', '1480468211', '69'), ('576', '以构建天津社会信用体系为导向的信用管理专业人才培养模式创新研究', '82', '2', '1480475857', '69'), ('577', '中韩自贸区的发展现状、困境与对策', '81', '2', '1480468665', '69'), ('578', '天津职业教育金融支撑体系构建研究', '83', '2', '1480561043', '74'), ('579', '信用管理系天津市战略新兴产业专业验收', '117', '2', '1480468872', '69'), ('580', '信用管理新专业建设验收', '121', '2', '1481007903', '69'), ('581', '信用管理专业新专业评估', '122', '2', '1481007921', '69'), ('582', '2016届毕业生最喜爱的教师', '225', '2', '1480469130', '69'), ('583', '我市推进供给侧改革中原有传统优势产业调整问题研究', '194', '2', '1480469300', '69'), ('584', '京津冀一体化信用体系建设研究', '194', '2', '1480469395', '69'), ('585', '天津滨海新区战略性新兴产业与传统产业良性互动研究', '194', '2', '1480469446', '69'), ('586', '天津在“一带一路”中的应有作为与实施方略研究', '82', '2', '1480561033', '74'), ('587', '天津在“一带一路”中的应有作为与实施方略研究', '80', '2', '1480561027', '74'), ('588', '电商效率视角下科技型中小企业供应链金融模式研究', '195', '2', '1480475441', '82'), ('589', '德亨（天津）商务信息咨询有限公司市场营销方案', '81', '2', '1480476576', '78'), ('590', '基于教育大数据共享服务天津现代职业教育发展与引导对策研究', '194', '2', '1480475497', '82'), ('591', '余晓雅', '222', '2', '1480475579', '82'), ('592', '胡士悦', '222', '2', '1480481805', '82'), ('593', '赵晓爽', '222', '2', '1480479824', '82'), ('594', '计量经济学', '151', '2', '1480476878', '78'), ('595', '计量经济学', '151', '2', '1480476902', '78'), ('596', '计量经济学', '151', '2', '1480476933', '78'), ('597', '微观经济学', '151', '2', '1480476987', '78'), ('598', '微观经济学', '151', '2', '1480477034', '78'), ('600', '区域金融学导论', '79', '2', '1480944301', '79'), ('602', '我国区域金融中心建设的可行路径探讨', '103', '2', '1480944371', '79'), ('603', '论金融机构布局的影响因素', '104', '2', '1480944367', '79'), ('604', '《金融学》', '151', '2', '1480944476', '79'), ('605', '《国际金融》', '151', '2', '1480944469', '79'), ('606', '王力平获天津市青年教师教学基本功竞赛三等奖', '157', '2', '1480944358', '79'), ('607', '收益驱动、条件约束与我国的区域金融合作问题', '231', '2', '1480944307', '79'), ('608', '学术报告主讲人', '230', '2', '1480482434', '81'), ('609', '人民币汇率波动及其效应研究', '77', '2', '1480482771', '72'), ('610', '天津建设创新型养老金融服务体系研究（ 青年项目）', '194', '2', '1480663446', '81'), ('611', '我国创新型养老金融产品设计及组合优化研究（青年基 金项目）', '194', '2', '1480925053', '81'), ('612', '社会办养老机构运营机制与政策支持创新研究', '194', '2', '1480502119', '48'), ('613', '分离与融合：国有文化资产管理体制优化与路径选择', '195', '2', '1481008465', '48'), ('614', '经管论坛学术报告主讲人', '230', '2', '1480670656', '48'), ('615', '研究生指导', '222', '2', '1480505779', '96'), ('616', '2015-2016（1）宏观经济学（财会1401）', '151', '2', '1480558507', '72'), ('617', '2015-2016（1）宏观经济学（财会1402）', '151', '2', '1480558503', '72'), ('618', '2015-2016（1）银行信用（信管1301）', '151', '2', '1480558495', '72'), ('619', '2015-2016（2）宏观经济学（人力1501）', '151', '2', '1480558489', '72'), ('620', '2015-2016（2）宏观经济学（人力1502）', '151', '2', '1480558482', '72'), ('621', '2015-2016（2）国际金融（信管1401）', '151', '2', '1480558475', '72'), ('622', '武玉坤', '222', '2', '1480568592', '57'), ('623', '管理科学', '156', '2', '1480646088', '57'), ('624', '孙艺丹', '222', '2', '1480568741', '57'), ('625', '信用管理实训教材', '221', '2', '1480571443', '59'), ('626', '教学效果为A的教师', '143', '2', '1480572507', '59'), ('627', '天津市实验教学示范中心', '146', '2', '1480573029', '59'), ('628', '学院认定学生评教前10%', '228', '2', '1480580879', '102'), ('629', '第六届全国大学生电子商务“创新，创意及创业”挑战赛天津市二等奖', '185', '2', '1480581715', '103'), ('630', '人力资源管理概论', '151', '2', '1480593421', '84'), ('631', '薪酬管理', '151', '2', '1480593453', '84'), ('632', '薪酬与福利管理', '151', '2', '1480593498', '84'), ('633', 'Investment risk control for upgrade-products', '201', '2', '1480925222', '110'), ('634', 'Management of two competitive closed-loop supply c', '201', '2', '1480925063', '110'), ('635', '物流管理方向', '156', '2', '1480925317', '110'), ('636', '指导研究生', '222', '2', '1480925303', '110'), ('637', 'Production disruption management for R/M integrate', '72', '2', '1480925015', '110'), ('638', '再制造逆向供应链检测误差率管理策略', '72', '2', '1480924986', '110'), ('639', 'Contracts of Reverse Logistics with Different Risk', '73', '2', '1480925029', '110'), ('640', 'Investigation and analysis of university students’', '73', '2', '1480925230', '110'), ('641', '2015-2016学年教学评价A级', '143', '2', '1480636435', '104'), ('642', '在线购买服装的消费者感知风险实证研究', '77', '2', '1480640824', '62'), ('643', '教学评价前10%', '228', '2', '1480640868', '62'), ('644', '快速迭代情境下创新产品扩散障碍识别与营销变革研究', '79', '2', '1480997749', '62'), ('645', '电子商务运营管理', '124', '2', '1480641563', '62'), ('646', '数据库原理及应用', '129', '2', '1480641558', '62'), ('647', '数据库原理及应用', '151', '2', '1480641765', '62'), ('648', '教学评价A级', '143', '2', '1480997865', '62'), ('649', '申报教育部人文社科项目：大数据背景下消费者定制化推荐系统采纳影响因素研究', '194', '2', '1480642658', '62'), ('650', '申报天津市科技战略规划项目：京津冀科技型小微企业协同创新平台及其生态系统构建', '194', '2', '1480642764', '62'), ('651', ' 第六届全国大学生电子商务“创新，创意及创业”挑战赛天津市三等奖  ', '186', '2', '1480642951', '98'), ('652', '指导3名16级研究生', '222', '2', '1480643001', '62'), ('653', '信用、信息与失信成本——谈破解失信难题的对策', '230', '2', '1480643704', '69'), ('654', '过度创业与过度自信', '230', '2', '1480643969', '73'), ('655', '经管论坛', '230', '2', '1480644144', '87'), ('656', '第四轮全国学科评估', '154', '2', '1480998211', '62'), ('658', '废旧电器（71573188）', '80', '2', '1480644838', '107'), ('660', '基于全创新链的创新实验室关键构成要素研究', '190', '2', '1480646266', '51'), ('661', '供给侧结构性改革与制造业转型升级研究', '83', '2', '1480647738', '107'), ('662', '供给侧结构性改革与制造业转型升级研究', '80', '2', '1480647857', '107'), ('663', '应用技术型物流管理本科人才职业核心技能培养研究', '90', '2', '1480646092', '107'), ('664', '公共政策视阈下天津自创区创新生态系统演化动力机制研究', '194', '2', '1480661667', '51'), ('665', '人力资源管理——解除劳动关系的风险规避研究', '230', '2', '1480924854', '85'), ('666', '运筹学', '151', '2', '1480982261', '107'), ('667', '郝海', '143', '2', '1480647190', '107'), ('668', '运筹学', '151', '2', '1480648053', '107'), ('669', '郝海', '222', '2', '1480647378', '107'), ('670', '经管论坛', '230', '2', '1480945276', '71'), ('671', '2015-2016（2）信用评级-信管1301', '151', '2', '1480945374', '71'), ('672', '研究生开题报告', '153', '2', '1480653441', '62'), ('673', '15级研究生开题报告', '153', '2', '1480997972', '62'), ('674', '互联网银行对传统银行的机遇与挑战', '230', '2', '1480660731', '72'), ('675', '基于需求分析的天津市长期照护保险制度建设研究', '104', '2', '1480662802', '90'), ('676', '天津市长期护理保险制度研究', '230', '2', '1480662950', '90'), ('677', '管理学', '151', '2', '1480663063', '90'), ('678', '基于需求分析的天津市长期照护保险制度建设研究', '190', '2', '1480663659', '90'), ('679', '社会偏好、网络结构对供应链契约协调的影响研究', '79', '2', '1480917651', '111'), ('680', '社会偏好、网络结构对供应链契约协调的影响研究', '80', '2', '1480663686', '111'), ('681', '运筹学电商1401', '151', '2', '1480663844', '111'), ('682', '运筹学电商1402', '151', '2', '1480663930', '111'), ('685', '基于就医流程的患者满意度模型研究', '76', '2', '1480917134', '111'), ('686', '微信用户持续使用意向的实证研究——网络外部性与期望确认度的影响', '76', '2', '1480664629', '111'), ('687', '经管论坛', '230', '2', '1480665818', '114'), ('688', '分离与融合：国有文化资产管理体制优化与路径选择 ', '194', '2', '1480671844', '48'), ('692', '我国中等职业教育与地区经济协调发展状况分析', '232', '2', '1480673540', '108'), ('696', '重大国家区域发展战略与教育应对研究', '83', '2', '1480907055', '108'), ('697', '重大国家区域发展战略与教育应对研究', '80', '2', '1480907062', '108'), ('698', '评教前10%', '228', '2', '1480907068', '108'), ('699', '2名研究生', '222', '2', '1480931007', '108'), ('700', '区域物流供给-需求-环境协同演化机制及效度评价研究——以京津冀地区为例', '195', '2', '1480930975', '108'), ('701', '教学A', '143', '2', '1480930951', '108'), ('702', '物流成本管理1301', '151', '2', '1480930945', '108'), ('703', '物流成本管理1302', '151', '2', '1480930939', '108'), ('705', '消费者再制造产品购买意愿影响因素研究', '190', '2', '1480925343', '110'), ('706', '基于因子分析的天津市居民垃圾分类影响因素研究', '190', '2', '1480925358', '110'), ('707', 'A novel reversible robust watermarking algorithm b', '201', '2', '1480925049', '110'), ('708', '统计模型方向', '156', '2', '1480925311', '110'), ('709', '证券投资', '151', '2', '1480890719', '75'), ('710', '证券投资（清考', '151', '2', '1480890776', '75'), ('711', '微观经济学', '151', '2', '1480895365', '77'), ('712', '微观经济学', '151', '2', '1480895354', '77'), ('713', '金融工程', '151', '2', '1480895347', '77'), ('714', '金融工程', '151', '2', '1480895296', '77'), ('715', '金融工程', '151', '2', '1480895329', '77'), ('716', '天津滨海新区金融产业集群障碍及对策研究', '76', '2', '1480895618', '77'), ('717', '《物流管理》清考', '151', '2', '1480925418', '110'), ('720', 'The Effect of Status Seeking on Buyback Contract C', '73', '2', '1480917115', '111'), ('721', '我国中等职业教育与地区经济协调发展状况分析', '77', '2', '1480907779', '108'), ('722', '学术报告', '152', '2', '1480912675', '86'), ('723', '管理学', '151', '2', '1480912333', '87'), ('724', '电子商务运营管理', '151', '2', '1480912644', '103'), ('725', '网络营销', '151', '2', '1480912671', '103'), ('726', '人力资源开发', '151', '2', '1480913768', '86'), ('727', '经管论坛学术报告主讲人', '230', '2', '1480914591', '95'), ('728', '经管论坛主讲人', '230', '2', '1480914905', '92'), ('731', '关于深化天津公共服务领域发展研究', '83', '2', '1480991526', '91'), ('732', '供给侧改革视角下的我市公共服务发展研究', '230', '2', '1480991547', '91'), ('733', '管理学原理', '151', '2', '1480991678', '91'), ('734', '管理学原理', '151', '2', '1480991672', '91'), ('735', '社会学', '151', '2', '1480991662', '91'), ('736', '关于深化天津公共服务领域发展研究 __基于供给侧改革视角', '194', '2', '1480991614', '91'), ('737', '供应链', '151', '2', '1480922431', '105'), ('738', '供应链', '151', '2', '1480922474', '105'), ('739', '企业物流管理', '151', '2', '1480924634', '105'), ('740', '企业物流管理', '151', '2', '1480924656', '105'), ('741', '管理学', '151', '2', '1480924784', '85'), ('742', '监考', '236', '2', '1480925713', '85'), ('743', '监考次数合计', '236', '2', '1480925762', '48'), ('744', '监考次数合计', '236', '2', '1480925825', '95'), ('745', '监考', '236', '2', '1480925893', '81'), ('746', '监考次数合计', '236', '2', '1480925959', '50'), ('747', '监考总数', '236', '2', '1480926204', '88'), ('748', '侯如靖-监考', '236', '2', '1480926316', '111'), ('749', '期中期末监考', '236', '2', '1480926348', '103'), ('750', '2015-2016学年监考', '236', '2', '1480926387', '80'), ('751', '监考', '236', '2', '1480926940', '110'), ('752', '监考', '236', '2', '1480926945', '102'), ('753', '教学效果为A', '143', '2', '1480927017', '102'), ('754', '电子商务系统开发', '151', '2', '1480927130', '102'), ('755', '电子金融学', '151', '2', '1480927162', '102'), ('756', '2015-2016学年教学评价A级', '143', '2', '1480927659', '101'), ('757', '监考', '236', '2', '1480927382', '98'), ('758', '监考', '236', '2', '1480927404', '109'), ('759', '电子商务安全', '151', '2', '1480927416', '98'), ('760', '15-16学年监考次数', '236', '2', '1480927643', '101'), ('761', '城乡一体化视角下的就业服务体系研究', '203', '2', '1480930477', '116'), ('762', '电子商务安全', '151', '2', '1480927466', '98'), ('763', '监考', '236', '2', '1480927494', '72'), ('764', '城乡一体化视角下的就业服务体系研究', '233', '2', '1480930471', '116'), ('765', '论文', '202', '2', '1480928788', '109'), ('766', '美国高校促进创新创业的实践及启示', '231', '2', '1480930490', '116'), ('767', '2015-2016监考', '236', '2', '1480927752', '74'), ('768', '经管论坛电商分论坛主讲', '230', '2', '1480927834', '102'), ('769', '创新驱动下京津冀产业协同及新型技术技能人才培养研究', '84', '2', '1480945125', '116'), ('770', '天津市高校在创新驱动发展中的角色定位与创新创业', '83', '2', '1480944488', '116'), ('771', '天津市高校在创新驱动发展中的角色定位与创新创业机制研究', '80', '2', '1480930483', '116'), ('772', '监考', '236', '2', '1480928654', '114'), ('773', '创新驱动下京津冀产业协同及新型技术技能人才培养研究', '194', '2', '1480929196', '116'), ('774', '我国企业跨国并购中的逆向知识转移问题研究', '74', '2', '1480929291', '109'), ('775', '监考次数', '236', '2', '1480929740', '84'), ('776', '天津市长期照护保险制度建设研究', '81', '2', '1480930420', '116'), ('777', ' 监考', '236', '2', '1480930602', '106'), ('778', '监考', '236', '2', '1480930915', '108'), ('779', '15-16学年', '236', '2', '1480930934', '96'), ('780', '企业会计实训教程（第三版）', '221', '2', '1480931354', '96'), ('781', '应对工业4.0地方本科院校转型为应用技术型高校的几点思考', '233', '2', '1480992758', '85'), ('782', '国有文化企业融资问题研究', '190', '2', '1480932205', '96'), ('783', '期末等监考', '236', '2', '1480932884', '83'), ('785', '乡城移民于城市的可持续生计之思：基于职业教育的视角', '76', '2', '1480934884', '116'), ('786', '孙艺丹', '234', '2', '1480936210', '87'), ('788', '监考', '236', '2', '1480937009', '87'), ('789', '人员测评与甄选', '151', '2', '1480937430', '87'), ('790', '天津职业教育金融支撑体系构建研究', '84', '2', '1480938499', '74'), ('791', '2015-2016（1）宏观经济学——信管1401', '151', '2', '1480945382', '71'), ('792', '2015-2016（1）宏观经济学——金融1401', '151', '2', '1480945362', '71'), ('793', '2015-2016（1）宏观经济学——金融1402', '151', '2', '1480945352', '71'), ('794', '监考', '236', '2', '1480945344', '71'), ('795', '监考', '236', '2', '1480939865', '94'), ('796', '监考', '236', '2', '1480940239', '86'), ('797', '期中考试', '236', '2', '1480940372', '75'), ('798', '期末考试', '236', '2', '1480940425', '75'), ('799', '区域金融学导论', '80', '2', '1480944447', '79'), ('800', '《国际金融》', '151', '2', '1480944520', '79'), ('801', '《金融学》', '151', '2', '1480944549', '79'), ('802', '《金融学》', '151', '2', '1480944568', '79'), ('803', '区域金融学导论', '195', '2', '1480944850', '79'), ('804', '居民金融人格视角下的金融发展方式转变研究', '194', '2', '1480945437', '79'), ('805', '微观经济学', '151', '2', '1480945314', '77'), ('806', '微观经济学', '151', '2', '1480945365', '77'), ('807', '金融工程', '151', '2', '1480945422', '77'), ('808', '金融工程', '151', '2', '1480945457', '77'), ('809', '第三方物流1401班', '151', '2', '1480945576', '104'), ('810', '第三方物流1402班', '151', '2', '1480945603', '104'), ('811', '期中和期末', '236', '2', '1480945649', '77'), ('812', '考试课监考', '236', '2', '1480945832', '104'), ('813', '中国（天津）自贸区金融服务便利化研究——基于京津冀金融协同创新视角', '82', '2', '1481094265', '70'), ('815', '中国（天津）自贸区金融服务便利化研究——基于京津冀金融协同创新视角', '80', '2', '1481094104', '70'), ('816', '经管论坛', '153', '2', '1480946337', '88'), ('817', '研究生指导黄嘉敏', '222', '2', '1480946320', '70'), ('818', '指导研究生王雅茜', '222', '2', '1480946353', '70'), ('819', '指导研究生王芳', '222', '2', '1480946377', '70'), ('820', '金融学学术带头人', '156', '2', '1480946503', '70'), ('821', '申请教育部人文社科项目', '194', '2', '1480947569', '52'), ('822', '15-16学年监考', '236', '2', '1480947659', '73'), ('823', '行为经济学原理', '192', '2', '1480947832', '73'), ('824', '申请天津市哲学社会科学项目', '194', '2', '1480948064', '52'), ('825', '申报天津市艺术规划项目', '194', '2', '1480948183', '52'), ('826', '应急管理职能定位：政府应急管理体系创新的逻辑起点', '76', '2', '1480948271', '52'), ('827', '监考', '236', '2', '1480949777', '3'), ('828', '郝海', '236', '2', '1480982318', '107'), ('829', '9次', '236', '2', '1480982799', '78'), ('830', '研究生招生', '234', '2', '1480983568', '69'), ('831', '监考', '236', '2', '1480983762', '69'), ('832', '金融讲座', '230', '2', '1480985000', '78'), ('834', '杨勇', '236', '2', '1480988299', '82'), ('835', '中国（天津）自贸区金融服务便利化研究——基于京津冀金融协同创新视角', '81', '2', '1481000486', '70'), ('836', '管理科学', '236', '2', '1480991788', '91'), ('837', '美国非政府组织功能分析', '230', '2', '1480992444', '88'), ('838', '监考次数合计', '236', '2', '1480992824', '52'), ('839', '关于深化天津公共服务领域发展研究', '80', '2', '1480992941', '91'), ('840', '监考', '236', '2', '1480994254', '51'), ('841', '期末考试监考', '236', '2', '1480995626', '92'), ('842', '基于天津市职业学校的教育质量评价实证研究', '90', '2', '1480997702', '99'), ('843', '2015-2016校A级教师', '143', '2', '1480997221', '99'), ('844', '仲丛友监考', '236', '2', '1480997382', '99'), ('845', '运营管理（研究生）', '151', '2', '1480997636', '99'), ('846', '监考', '236', '2', '1480997857', '62'), ('847', '证券投', '151', '2', '1480999973', '75'), ('848', '证券投', '151', '2', '1480999989', '75'), ('849', '基于需求分析的天津市长期照护保险制度建设研究', '190', '2', '1481000951', '90'), ('850', '监考', '236', '2', '1481003195', '59'), ('851', '15-16监考', '236', '2', '1481003520', '100'), ('852', '监考次数合计', '236', '2', '1481006716', '90'), ('853', '2015-2016', '236', '2', '1481008995', '105'), ('854', '物流专业评估', '122', '2', '1481013061', '104'), ('855', 'wqeqwe', '220', '2', '1481170379', '113'), ('856', 'sdfd', '69', '2', '1481170652', '113');
COMMIT;

-- ----------------------------
--  Table structure for `yunzhi_project_category`
-- ----------------------------
DROP TABLE IF EXISTS `yunzhi_project_category`;
CREATE TABLE `yunzhi_project_category` (
  `id` int(10) unsigned NOT NULL AUTO_INCREMENT COMMENT '项目id',
  `name` varchar(30) CHARACTER SET utf8 NOT NULL DEFAULT '' COMMENT '项目名称',
  `pid` int(11) NOT NULL DEFAULT 0 COMMENT '项目的上级id',
  `data_model_id` tinyint(4) unsigned NOT NULL DEFAULT 0 COMMENT '数据模型ID。0为没有数据模型。',
  `is_team` tinyint(3) unsigned DEFAULT 0 COMMENT '是否团队项目',
  `type` varchar(50) DEFAULT '' COMMENT '类别 TYPE ',
  `status` tinyint(4) NOT NULL,
  `score` int(4) unsigned NOT NULL DEFAULT 0 COMMENT '项目分数',
  PRIMARY KEY (`id`)
) ENGINE=InnoDB AUTO_INCREMENT=237 DEFAULT CHARSET=latin1 ROW_FORMAT=COMPACT;

-- ----------------------------
--  Records of `yunzhi_project_category`
-- ----------------------------
BEGIN;
INSERT INTO `yunzhi_project_category` VALUES ('63', '学术论文', '0', '0', '0', 'ScientificResearch', '0', '0'), ('64', '纵向科研项目', '0', '0', '0', 'ScientificResearch', '0', '0'), ('65', '横向科研项目', '0', '0', '0', 'ScientificResearch', '0', '0'), ('68', 'SCI论文', '63', '0', '0', 'ScientificResearch', '0', '0'), ('69', 'SCI-2区', '68', '4', '1', 'ScientificResearch', '0', '400'), ('70', 'SCI-4区', '68', '4', '1', 'ScientificResearch', '0', '140'), ('71', 'EI检索论文', '63', '0', '0', 'ScientificResearch', '0', '0'), ('72', 'EI期刊论文', '71', '4', '1', 'ScientificResearch', '0', '140'), ('73', '[EI会议论文]', '71', '4', '1', 'ScientificResearch', '0', '80'), ('74', 'CSSCI', '63', '4', '1', 'ScientificResearch', '0', '80'), ('75', 'CSCD', '63', '4', '1', 'ScientificResearch', '0', '80'), ('76', '中文核心期刊', '63', '4', '1', 'ScientificResearch', '0', '40'), ('77', '我校学报省部级项目资助', '63', '4', '1', 'ScientificResearch', '0', '40'), ('78', '我校学报一般论文', '63', '4', '1', 'ScientificResearch', '0', '15'), ('79', '国家级一般项目（含青年项目）', '64', '5', '1', 'ScientificResearch', '0', '600'), ('80', '纵向经费到账', '64', '7', '1', 'ScientificResearch', '0', '100'), ('81', '横向经费到账', '65', '7', '1', 'ScientificResearch', '0', '100'), ('82', '省部级重点项目（有经费）', '64', '5', '1', 'ScientificResearch', '0', '500'), ('83', '省部级一般项目（有经费）', '64', '5', '1', 'ScientificResearch', '0', '400'), ('84', '局级项目（有经费）', '64', '5', '1', 'ScientificResearch', '0', '200'), ('85', '学术专著', '0', '0', '0', 'ScientificResearch', '0', '0'), ('86', '学术专著-学校未资助', '85', '3', '0', 'ScientificResearch', '0', '300'), ('87', '学术专著-学校已资助', '85', '3', '0', 'ScientificResearch', '0', '150'), ('88', '省部级重点项目（无经费）', '64', '5', '1', 'ScientificResearch', '0', '100'), ('89', '省部级一般项目（无经费）', '64', '5', '1', 'ScientificResearch', '0', '80'), ('90', '局级项目（无经费）', '64', '5', '1', 'ScientificResearch', '0', '40'), ('91', '《职业教育研究》发表论文', '63', '4', '1', 'ScientificResearch', '0', '15'), ('92', 'SCI-1区', '68', '4', '1', 'ScientificResearch', '0', '600'), ('93', 'SCI-3区', '68', '4', '1', 'ScientificResearch', '0', '200'), ('100', '论文', '0', '0', '0', 'Course', '0', '0'), ('101', '中文发表并被EI检索的国际会议论文', '100', '4', '1', 'Course', '0', '80'), ('102', 'CSSCI扩展版', '100', '4', '1', 'Course', '0', '20'), ('103', '经济类、人文社科类核心', '100', '4', '1', 'Course', '0', '20'), ('104', '公开发表一般期刊（含ISTP等检索的国际会议论文）', '100', '4', '1', 'Course', '0', '10'), ('105', '译著', '0', '0', '0', 'Course', '0', '0'), ('106', '译著', '105', '3', '1', 'Course', '0', '200'), ('107', '获奖', '0', '0', '0', 'Course', '0', '0'), ('108', '省部级调研成果一等奖', '107', '3', '1', 'Course', '0', '50'), ('109', '省部级调研成果二等奖', '107', '3', '1', 'Course', '0', '30'), ('110', '省部级调研成果三等奖', '107', '3', '1', 'Course', '0', '20'), ('111', '专业建设', '0', '0', '0', 'Education', '0', '0'), ('112', '国家级特色专业建设立项', '111', '3', '1', 'Education', '0', '500'), ('113', '国家级特色专业建设验收', '111', '3', '1', 'Education', '0', '500'), ('114', '天津市品牌专业建设立项', '111', '3', '1', 'Education', '0', '400'), ('115', '天津市品牌专业建设验收', '111', '3', '1', 'Education', '0', '400'), ('116', '天津市战略性新兴产业相关专业建设立项', '111', '3', '1', 'Education', '0', '400'), ('117', '天津市战略性新兴产业相关专业建设验收', '111', '3', '1', 'Education', '0', '400'), ('118', '天津市特色专业建设立项', '111', '3', '1', 'Education', '0', '400'), ('119', '天津市特色专业建设验收', '111', '3', '1', 'Education', '0', '400'), ('120', '新专业建设立项', '111', '3', '1', 'Education', '0', '200'), ('121', '新专业建设验收', '111', '3', '1', 'Education', '0', '200'), ('122', '新专业评估', '111', '3', '1', 'Education', '0', '100'), ('124', '公开出版的学校立项或规划教材', '111', '3', '1', 'Education', '0', '100'), ('125', '课程建设', '0', '0', '0', 'Education', '0', '0'), ('126', '国家级精品视频公开课审批', '125', '3', '1', 'Education', '0', '600'), ('127', '国家级精品视频公开课建设（3年）', '125', '3', '1', 'Education', '0', '200'), ('128', '学校精品课程审批', '125', '3', '1', 'Education', '0', '200'), ('129', '学校精品课程建设(3年）', '125', '3', '1', 'Education', '0', '50'), ('130', '学校精品课建设课程审批', '125', '3', '1', 'Education', '0', '100'), ('131', '学校精品课建设课程建设（3年）', '125', '3', '1', 'Education', '0', '25'), ('132', '教学队伍', '0', '0', '0', 'Education', '0', '0'), ('133', '国家级教学团队立项', '132', '3', '1', 'Education', '0', '900'), ('134', '国家级教学团队验收', '132', '3', '1', 'Education', '0', '900'), ('135', '天津市教学团队立项', '132', '3', '1', 'Education', '0', '300'), ('136', '天津市教学团队验收', '132', '3', '1', 'Education', '0', '300'), ('137', '课程建设', '0', '0', '0', 'Education', '0', '0'), ('138', '承办国家级专业、技能竞赛', '137', '3', '1', 'Education', '0', '400'), ('139', '承办省部级专业、技能竞赛', '137', '3', '1', 'Education', '0', '200'), ('140', '承办校级专业、技能竞赛', '137', '3', '1', 'Education', '0', '100'), ('141', '校级教学名师', '0', '3', '0', 'Education', '0', '80'), ('142', '校级优秀主讲', '0', '3', '0', 'Education', '0', '50'), ('143', '教学效果为A的教师', '0', '3', '0', 'Education', '0', '30'), ('144', '实验室建设', '0', '0', '0', 'Education', '0', '0'), ('145', '国家级实验教学示范中心', '144', '3', '1', 'Education', '0', '2100'), ('146', '天津市实验教学示范中心', '144', '3', '1', 'Education', '0', '700'), ('147', '实验室新建及改建', '144', '3', '1', 'Education', '0', '70'), ('148', '实践教学基地建设', '0', '0', '0', 'Education', '0', '0'), ('149', '校外实习基地建设', '148', '3', '1', 'Education', '0', '50'), ('150', '新增校外实习基地', '148', '3', '1', 'Education', '0', '100'), ('151', '考试课命题阅卷', '235', '3', '0', 'Education', '0', '6'), ('152', '学科平台建设', '0', '3', '0', 'Course', '0', '0'), ('153', '完成年度学科建设任务', '152', '3', '1', 'Course', '0', '100'), ('154', '学科评估', '152', '3', '1', 'Course', '0', '100'), ('155', '学科带头人', '152', '3', '0', 'Course', '0', '50'), ('156', '学术带头人', '152', '3', '0', 'Course', '0', '25'), ('157', '培养青年骨干师资', '152', '3', '0', 'Course', '0', '20'), ('158', '其他学科工作', '152', '3', '1', 'Course', '0', '20'), ('159', '研究生指导', '0', '0', '0', 'Course', '0', '0'), ('161', '科研平台建设', '0', '0', '0', 'Course', '0', '0'), ('162', '协同创新中心', '161', '3', '0', 'Course', '0', '25'), ('163', '教学成果奖', '0', '0', '0', 'ScientificResearch', '0', '0'), ('164', '国家级教学成果特等奖', '163', '3', '1', 'ScientificResearch', '0', '20000'), ('165', '国家级教学成果一等奖', '163', '3', '1', 'ScientificResearch', '0', '15000'), ('166', '国家级教学成果二等奖', '163', '3', '1', 'ScientificResearch', '0', '8000'), ('167', '天津市教学成果一等奖', '163', '3', '1', 'ScientificResearch', '0', '2500'), ('168', '天津市教学成果二等奖', '163', '3', '1', 'ScientificResearch', '0', '1000'), ('169', '教学研究与改革项目', '0', '0', '0', 'ScientificResearch', '0', '0'), ('170', '教育部重点项目', '169', '3', '1', 'ScientificResearch', '0', '900'), ('171', '教育部一般项目', '169', '3', '1', 'ScientificResearch', '0', '600'), ('172', '天津市重大项目', '169', '3', '1', 'ScientificResearch', '0', '600'), ('173', '天津市重点项目', '169', '3', '1', 'ScientificResearch', '0', '500'), ('174', '天津市一般项目', '169', '3', '0', 'ScientificResearch', '0', '400'), ('175', '教材建设', '0', '0', '0', 'ScientificResearch', '0', '0'), ('176', '国家级教材', '175', '3', '1', 'ScientificResearch', '0', '300'), ('177', '省部级教材', '175', '3', '1', 'ScientificResearch', '0', '200'), ('178', '教学名师奖', '0', '0', '0', 'ScientificResearch', '0', '0'), ('179', '国家级', '178', '3', '0', 'ScientificResearch', '0', '200'), ('180', '省部级', '178', '3', '0', 'ScientificResearch', '0', '100'), ('181', '指导学生专业、技能竞赛获奖', '0', '0', '0', 'ScientificResearch', '0', '0'), ('182', '国家级一等奖', '181', '3', '0', 'ScientificResearch', '0', '240'), ('183', '国家级二等奖', '181', '3', '0', 'ScientificResearch', '0', '150'), ('184', '省部（市）级一等奖', '181', '3', '0', 'ScientificResearch', '0', '90'), ('185', '省部（市）级二等奖', '181', '3', '0', 'ScientificResearch', '0', '60'), ('186', '省部（市）级三等奖', '181', '3', '0', 'ScientificResearch', '0', '30'), ('187', '论文', '0', '0', '0', 'Excess', '0', '0'), ('188', '以中文发表并被EI检索国际会议论文', '187', '3', '1', 'Excess', '0', '80'), ('189', 'CSSCI扩展版目录期刊 经济类核心、人文社科核心', '187', '3', '1', 'Excess', '0', '20'), ('190', '公开发表的一般期刊（含ISTP等检索的国际会议论文）', '187', '3', '1', 'Excess', '0', '10'), ('191', '著作', '0', '0', '0', 'Excess', '0', '0'), ('192', '译著', '191', '3', '1', 'Excess', '0', '200'), ('193', '项目', '0', '0', '0', 'Excess', '0', '0'), ('194', '申报省部级项目且通过学校初审', '193', '3', '1', 'Excess', '0', '25'), ('195', '申报国家级项目且通过学校初审', '193', '3', '1', 'Excess', '0', '50'), ('196', '获奖', '0', '0', '0', 'Excess', '0', '0'), ('197', '省部级调研成果奖一等奖', '196', '3', '1', 'Excess', '0', '50'), ('198', '省部级调研成果奖二等奖', '196', '3', '1', 'Excess', '0', '30'), ('199', '省部级调研成果奖三等奖', '196', '3', '1', 'Excess', '0', '20'), ('200', '在国外科学技术核心期刊发表', '63', '4', '1', 'ScientificResearch', '0', '80'), ('201', '被国外期刊他引3次以上', '63', '4', '1', 'ScientificResearch', '0', '80'), ('202', '被国内外期刊他引10次以上', '63', '4', '1', 'ScientificResearch', '0', '80'), ('203', '被人大复印资料全文收录', '63', '4', '1', 'ScientificResearch', '0', '80'), ('214', '专利或软件著作权', '0', '0', '0', 'ScientificResearch', '0', '0'), ('215', '发明专利', '214', '3', '0', 'ScientificResearch', '0', '200'), ('216', '实用新型专利', '214', '3', '0', 'ScientificResearch', '0', '50'), ('217', '外观设计专利', '214', '3', '0', 'ScientificResearch', '0', '20'), ('218', '软件著作权等', '214', '3', '0', 'ScientificResearch', '0', '45'), ('219', '成果转化', '0', '0', '0', 'ScientificResearch', '0', '0'), ('220', '成果转化（学校获利）', '219', '7', '0', 'ScientificResearch', '0', '100'), ('221', '分开发表的一般教材', '111', '3', '1', 'Education', '0', '80'), ('222', '研究生指导', '159', '14', '0', 'Course', '0', '40'), ('223', '学术带头人（2个方向）', '152', '3', '0', 'Course', '0', '30'), ('224', '教学过程质量评价', '0', '0', '0', 'Education', '0', '0'), ('225', '学生最喜爱的教师', '224', '3', '0', 'Education', '0', '40'), ('226', '留学研究生指导', '159', '14', '0', 'Course', '0', '45'), ('227', '教学质量奖', '0', '0', '0', 'ScientificResearch', '0', '0'), ('228', '学院认定的学生评教前10%的教师', '227', '3', '0', 'ScientificResearch', '0', '40'), ('229', '学术活动', '0', '0', '0', 'Course', '0', '0'), ('230', '学术报告主讲人', '229', '15', '0', 'Course', '0', '1'), ('231', '最新《中文核心期刊要览》上发表的论文', '63', '4', '1', 'ScientificResearch', '0', '40'), ('232', '《学报》发表省部级及以上项目资助的论文', '63', '4', '1', 'ScientificResearch', '0', '40'), ('233', '《职业教育研究》发表省部级及以上项目资助的论文', '63', '4', '1', 'ScientificResearch', '0', '40'), ('234', '学术型研究生招生', '159', '16', '0', 'Course', '0', '200'), ('235', '其它教学建设', '0', '0', '0', 'Education', '0', '0'), ('236', '监考', '235', '17', '0', 'Education', '0', '2');
COMMIT;

-- ----------------------------
--  Table structure for `yunzhi_project_category_ratio`
-- ----------------------------
DROP TABLE IF EXISTS `yunzhi_project_category_ratio`;
CREATE TABLE `yunzhi_project_category_ratio` (
  `id` int(10) unsigned NOT NULL AUTO_INCREMENT,
  `project_category_id` int(10) unsigned DEFAULT 0 COMMENT '项目类别ID',
  `data_model_detail_id` int(10) unsigned DEFAULT 0 COMMENT '数据模型扩展ID',
  `ratio` smallint(5) unsigned DEFAULT 0 COMMENT '系数。0-100。',
  PRIMARY KEY (`id`)
) ENGINE=InnoDB AUTO_INCREMENT=915 DEFAULT CHARSET=utf8 ROW_FORMAT=COMPACT COMMENT='项目类别系数设置表。PANJIE';

-- ----------------------------
--  Records of `yunzhi_project_category_ratio`
-- ----------------------------
BEGIN;
INSERT INTO `yunzhi_project_category_ratio` VALUES ('456', '80', '35', '150'), ('728', '220', '35', '160'), ('729', '82', '15', '100'), ('730', '82', '16', '0'), ('731', '82', '17', '0'), ('732', '82', '93', '0'), ('733', '82', '94', '0'), ('734', '82', '19', '100'), ('735', '82', '20', '0'), ('736', '82', '21', '0'), ('737', '82', '95', '0'), ('738', '82', '96', '0'), ('739', '83', '15', '100'), ('740', '83', '16', '0'), ('741', '83', '17', '0'), ('742', '83', '93', '0'), ('743', '83', '94', '0'), ('744', '83', '19', '100'), ('745', '83', '20', '0'), ('746', '83', '21', '0'), ('747', '83', '95', '0'), ('748', '83', '96', '0'), ('749', '84', '15', '100'), ('750', '84', '16', '0'), ('751', '84', '17', '0'), ('752', '84', '93', '0'), ('753', '84', '94', '0'), ('754', '84', '19', '100'), ('755', '84', '20', '0'), ('756', '84', '21', '0'), ('757', '84', '95', '0'), ('758', '84', '96', '0'), ('759', '88', '15', '100'), ('760', '88', '16', '0'), ('761', '88', '17', '0'), ('762', '88', '93', '0'), ('763', '88', '94', '0'), ('764', '88', '19', '100'), ('765', '88', '20', '0'), ('766', '88', '21', '0'), ('767', '88', '95', '0'), ('768', '88', '96', '0'), ('769', '89', '15', '100'), ('770', '89', '16', '0'), ('771', '89', '17', '0'), ('772', '89', '93', '0'), ('773', '89', '94', '0'), ('774', '89', '19', '100'), ('775', '89', '20', '0'), ('776', '89', '21', '0'), ('777', '89', '95', '0'), ('778', '89', '96', '0'), ('779', '90', '15', '100'), ('780', '90', '16', '0'), ('781', '90', '17', '0'), ('782', '90', '93', '0'), ('783', '90', '94', '0'), ('784', '90', '19', '100'), ('785', '90', '20', '0'), ('786', '90', '21', '0'), ('787', '90', '95', '0'), ('788', '90', '96', '0'), ('790', '81', '35', '25'), ('815', '230', '107', '500'), ('816', '230', '108', '600'), ('817', '230', '109', '700'), ('818', '230', '110', '800'), ('819', '230', '111', '900'), ('820', '230', '112', '1000'), ('821', '230', '113', '1100'), ('822', '230', '114', '1200'), ('823', '230', '115', '1300'), ('824', '230', '116', '1400'), ('825', '230', '117', '1500'), ('826', '230', '118', '1600'), ('827', '230', '119', '1700'), ('828', '230', '120', '1800'), ('829', '230', '121', '1900'), ('830', '230', '122', '2000'), ('839', '226', '98', '100'), ('840', '226', '99', '200'), ('841', '226', '100', '300'), ('842', '226', '101', '400'), ('843', '226', '102', '500'), ('844', '226', '103', '600'), ('845', '226', '104', '700'), ('846', '226', '105', '800'), ('847', '79', '15', '100'), ('848', '79', '16', '60'), ('849', '79', '17', '40'), ('850', '79', '93', '0'), ('851', '79', '94', '0'), ('852', '79', '19', '100'), ('853', '79', '20', '80'), ('854', '79', '21', '60'), ('855', '79', '95', '40'), ('856', '79', '96', '20'), ('857', '79', '126', '100'), ('858', '79', '127', '20'), ('859', '222', '98', '100'), ('860', '222', '99', '200'), ('861', '222', '100', '300'), ('862', '222', '101', '400'), ('863', '222', '102', '500'), ('864', '222', '103', '600'), ('865', '222', '104', '700'), ('866', '222', '105', '800'), ('867', '222', '128', '900'), ('868', '222', '129', '1000'), ('869', '222', '130', '1100'), ('870', '222', '131', '1200'), ('871', '222', '132', '1300'), ('872', '222', '133', '1400'), ('873', '222', '134', '1500'), ('874', '222', '135', '1600'), ('875', '234', '124', '100'), ('876', '234', '136', '200'), ('877', '234', '137', '300'), ('878', '234', '138', '400'), ('879', '234', '139', '500'), ('880', '234', '140', '600'), ('881', '234', '141', '700'), ('882', '234', '142', '800'), ('883', '234', '143', '900'), ('884', '234', '144', '1000'), ('885', '236', '146', '100'), ('886', '236', '147', '200'), ('887', '236', '148', '300'), ('888', '236', '149', '400'), ('889', '236', '150', '500'), ('890', '236', '151', '600'), ('891', '236', '152', '700'), ('892', '236', '153', '800'), ('893', '236', '154', '900'), ('894', '236', '155', '1000'), ('895', '236', '156', '1100'), ('896', '236', '157', '1200'), ('897', '236', '158', '1300'), ('898', '236', '159', '1400'), ('899', '236', '160', '1500'), ('900', '236', '161', '1600'), ('901', '236', '162', '1700'), ('902', '236', '163', '1800'), ('903', '236', '164', '1900'), ('904', '236', '165', '2000'), ('905', '236', '166', '2100'), ('906', '236', '167', '2200'), ('907', '236', '168', '2300'), ('908', '236', '169', '2400'), ('909', '236', '170', '2500'), ('910', '236', '171', '2600'), ('911', '236', '172', '2700'), ('912', '236', '173', '2800'), ('913', '236', '174', '2900'), ('914', '236', '175', '3000');
COMMIT;

-- ----------------------------
--  Table structure for `yunzhi_project_detail`
-- ----------------------------
DROP TABLE IF EXISTS `yunzhi_project_detail`;
CREATE TABLE `yunzhi_project_detail` (
  `id` int(10) unsigned NOT NULL AUTO_INCREMENT,
  `project_id` int(10) unsigned DEFAULT 0 COMMENT '项目ID',
  `name` varchar(50) DEFAULT '' COMMENT '字段名',
  `value` varchar(1000) DEFAULT NULL,
  PRIMARY KEY (`id`)
) ENGINE=InnoDB AUTO_INCREMENT=1216 DEFAULT CHARSET=utf8 ROW_FORMAT=COMPACT;

-- ----------------------------
--  Records of `yunzhi_project_detail`
-- ----------------------------
BEGIN;
INSERT INTO `yunzhi_project_detail` VALUES ('23', '19', 'publication_time', '1439568000'), ('24', '19', 'publication_position', '物流技术'), ('26', '21', 'project_funding', '10000'), ('27', '24', 'publication_time', '1431532800'), ('28', '24', 'publication_position', '贵州社会科学'), ('29', '25', 'publication_time', '1439395200'), ('30', '25', 'publication_position', '职教论坛'), ('31', '26', 'publication_time', '1430928000'), ('32', '26', 'publication_position', '职业技术教育'), ('33', '27', 'publication_time', '1420560000'), ('34', '27', 'publication_position', '天津职业技术师范大学学报'), ('35', '28', 'unit_rank', '15'), ('36', '28', 'personal_ranking', '19'), ('37', '28', 'project_time', '1419436800'), ('38', '29', 'unit_rank', '15'), ('39', '29', 'personal_ranking', '19'), ('40', '29', 'project_time', '1398268800'), ('41', '30', 'publication_time', '1423929600'), ('42', '30', 'publication_position', '会计之友'), ('44', '32', 'project_funding', '16000'), ('47', '36', 'publication_time', '1427212800'), ('48', '36', 'publication_position', '物流技术'), ('52', '38', 'publication_time', '1417363200'), ('53', '38', 'publication_position', '职教论坛'), ('56', '40', 'project_funding', '24000'), ('61', '43', 'publication_time', '1425916800'), ('62', '43', 'publication_position', '58-60页'), ('66', '47', 'project_funding', '6000'), ('68', '49', 'publication_time', '1443542400'), ('69', '49', 'publication_position', '交流探讨'), ('72', '52', 'project_funding', '20000'), ('73', '53', 'project_funding', '5400'), ('74', '54', 'project_funding', '2000'), ('75', '55', 'project_funding', '35000'), ('77', '57', 'publication_time', '1429459200'), ('78', '57', 'publication_position', '商业经济研究'), ('79', '58', 'project_funding', '12000'), ('92', '64', 'publication_time', '1434556800'), ('93', '64', 'publication_position', '2015.2(第25卷第2期）：48-53'), ('108', '74', 'unit_rank', '15'), ('109', '74', 'personal_ranking', '19'), ('110', '74', 'project_time', '1444406400'), ('111', '75', 'publication_time', '1404921600'), ('112', '75', 'publication_position', '职教论坛'), ('113', '76', 'publication_time', '1423497600'), ('114', '76', 'publication_position', '天津大学学报'), ('115', '77', 'publication_time', '1423497600'), ('116', '77', 'publication_position', '职教论坛'), ('117', '78', 'publication_time', '1439136000'), ('118', '78', 'publication_position', '物流技术'), ('132', '95', 'publication_time', '1433692800'), ('133', '95', 'publication_position', '48'), ('134', '96', 'publication_time', '1435420800'), ('135', '96', 'publication_position', '66'), ('136', '97', 'unit_rank', '15'), ('137', '97', 'personal_ranking', '19'), ('138', '97', 'project_time', '1444665600'), ('139', '99', 'publication_time', '1427472000'), ('140', '99', 'publication_position', '天津职业技术师范大学学报 '), ('142', '101', 'unit_rank', '16'), ('143', '101', 'personal_ranking', '21'), ('144', '101', 'project_time', '1448208000'), ('149', '108', 'publication_time', '1427817600'), ('150', '108', 'publication_position', '征信'), ('151', '109', 'publication_time', '1425139200'), ('152', '109', 'publication_position', '经济研究参考'), ('156', '113', 'publication_time', '1427817600'), ('157', '113', 'publication_position', '征信'), ('158', '114', 'publication_time', '1425139200'), ('159', '114', 'publication_position', '经济研究参考'), ('181', '136', 'publication_time', '1309968000'), ('182', '136', 'publication_position', '贵州社会科学'), ('200', '143', 'project_funding', '2'), ('201', '144', 'project_funding', '2'), ('213', '68', 'project_funding', '3'), ('220', '135', 'publication_time', '1271779200'), ('221', '135', 'publication_position', '贵州社会科学'), ('223', '149', 'publication_time', '1442678400'), ('224', '149', 'publication_position', '征信'), ('225', '148', 'publication_time', '1427472000'), ('226', '148', 'publication_position', '天津职业技术师范大学学报'), ('232', '161', 'publication_time', '1419696000'), ('233', '161', 'publication_position', ''), ('246', '180', 'project_funding', '16000'), ('250', '184', 'unit_rank', '16'), ('251', '184', 'personal_ranking', '95'), ('252', '184', 'project_time', '1439740800'), ('267', '200', 'publication_time', '1427472000'), ('268', '200', 'publication_position', '天津职业技术师范大学学报'), ('270', '201', 'project_funding', '5000'), ('271', '196', 'unit_rank', '15'), ('272', '196', 'personal_ranking', '19'), ('273', '196', 'project_time', '1441814400'), ('274', '199', 'project_funding', '45000'), ('275', '209', 'project_funding', '4000'), ('276', '211', 'project_funding', '10000'), ('279', '212', 'project_funding', '30000'), ('289', '229', 'publication_time', '1242316800'), ('290', '229', 'publication_position', '浙江金融'), ('291', '166', 'publication_time', '1287072000'), ('292', '166', 'publication_position', '继续教育研究'), ('298', '233', 'project_funding', '14000'), ('299', '237', 'publication_time', '1286467200'), ('300', '237', 'publication_position', '科技管理研究'), ('301', '238', 'publication_time', '1323273600'), ('302', '238', 'publication_position', '科技管理研究'), ('303', '247', 'project_funding', '10000'), ('306', '249', 'publication_time', '1109606400'), ('307', '249', 'publication_position', '系统工程理论与实践'), ('308', '250', 'publication_time', '1164384000'), ('309', '250', 'publication_position', '第一'), ('310', '251', 'publication_time', '1107100800'), ('311', '251', 'publication_position', '第一'), ('312', '252', 'publication_time', '1359648000'), ('313', '252', 'publication_position', '现代经济探讨'), ('314', '253', 'publication_time', '1228060800'), ('315', '253', 'publication_position', '中国电子科学研究院学报'), ('316', '254', 'publication_time', '1438012800'), ('317', '254', 'publication_position', 'Proceedings of the 34th Chinese Control Conference'), ('326', '255', 'project_funding', '12000'), ('328', '262', 'project_funding', '10000'), ('329', '263', 'project_funding', '40000'), ('331', '267', 'student_persm', '99'), ('332', '225', 'student_persm', '103'), ('340', '151', 'project_funding', '42000'), ('343', '277', 'project_funding', '7500'), ('351', '281', 'publication_time', '1088352000'), ('352', '281', 'publication_position', '技术经济与管理研究'), ('355', '282', 'publication_time', '1254326400'), ('356', '282', 'publication_position', '职业技术 教育'), ('359', '283', 'student_persm', '98'), ('361', '286', 'student_persm', '99'), ('374', '355', 'publication_time', '1433088000'), ('375', '355', 'publication_position', 'International Journal of Multimedia and Ubiquitous Engineering'), ('376', '257', 'project_funding', '40000'), ('381', '48', 'project_funding', '17500'), ('386', '373', 'student_persm', '99'), ('392', '386', 'student_persm', '98'), ('393', '385', 'student_persm', '100'), ('395', '407', 'publication_time', '1309795200'), ('396', '407', 'publication_position', '财会月刊'), ('400', '408', 'unit_rank', '15'), ('401', '408', 'personal_ranking', '19'), ('402', '408', 'project_time', '1447516800'), ('411', '428', 'project_funding', '18000'), ('424', '436', 'publication_time', '1448985600'), ('425', '436', 'publication_position', '3'), ('426', '44', 'unit_rank', '15'), ('427', '44', 'personal_ranking', '19'), ('428', '44', 'project_time', '1419868800'), ('429', '447', 'project_funding', '24500'), ('430', '91', 'publication_time', '1422720000'), ('431', '91', 'publication_position', 'Vol.18No.1 Feb.102-109'), ('437', '185', 'project_funding', '14000'), ('444', '426', 'project_funding', '8000'), ('445', '131', 'publication_time', '1315584000'), ('446', '131', 'publication_position', '20-23页'), ('447', '130', 'publication_time', '1422115200'), ('448', '130', 'publication_position', '99-102'), ('450', '463', 'student_persm', '98'), ('457', '224', 'publication_time', '1448380800'), ('458', '224', 'publication_position', '金融经济'), ('459', '472', 'publication_time', '1477584000'), ('460', '472', 'publication_position', 'sdfsd'), ('489', '486', 'unit_rank', '15'), ('490', '486', 'personal_ranking', '19'), ('491', '486', 'project_time', '1470931200'), ('494', '487', 'recognized_score', '122'), ('504', '491', 'unit_rank', '15'), ('505', '491', 'personal_ranking', '19'), ('506', '491', 'project_time', '1469808000'), ('507', '495', 'recognized_score', '122'), ('536', '483', 'project_funding', '20000'), ('537', '478', 'unit_rank', '15'), ('538', '478', 'personal_ranking', '19'), ('539', '478', 'project_time', '1453392000'), ('550', '509', 'publication_time', '1467734400'), ('551', '509', 'publication_position', '物流技术'), ('570', '523', 'publication_time', '1465920000'), ('571', '523', 'publication_position', ''), ('573', '529', 'project_funding', '13600'), ('582', '502', 'recognized_score', '122'), ('583', '518', 'publication_time', '1329753600'), ('584', '518', 'publication_position', '第一作者'), ('585', '551', 'student_persm', '100'), ('586', '552', 'recognized_score', '112'), ('587', '522', 'project_funding', '30000'), ('590', '505', 'project_funding', '23795'), ('597', '504', 'publication_time', '1479916800'), ('598', '504', 'publication_position', ''), ('602', '563', 'project_funding', '7500'), ('603', '565', 'publication_time', '1480348800'), ('604', '565', 'publication_position', '天津行政学院学报'), ('605', '570', 'recognized_score', '112'), ('608', '575', 'publication_time', '1464710400'), ('609', '575', 'publication_position', '经济研究参考'), ('613', '577', 'project_funding', '30000'), ('640', '591', 'student_persm', '98'), ('643', '576', 'unit_rank', '15'), ('644', '576', 'personal_ranking', '19'), ('645', '576', 'project_time', '1469980800'), ('648', '574', 'publication_time', '1454256000'), ('649', '574', 'publication_position', '职业技术教育'), ('650', '589', 'project_funding', '36000'), ('651', '593', 'student_persm', '98'), ('666', '592', 'student_persm', '98'), ('667', '608', 'recognized_score', '122'), ('672', '609', 'publication_time', '1452787200'), ('673', '609', 'publication_position', '天津职业技术师范大学学报'), ('677', '615', 'student_persm', '100'), ('678', '532', 'student_persm', '98'), ('679', '564', 'recognized_score', '122'), ('680', '587', 'project_funding', '10000'), ('681', '586', 'unit_rank', '15'), ('682', '586', 'personal_ranking', '19'), ('683', '586', 'project_time', '1480435200'), ('684', '578', 'unit_rank', '15'), ('685', '578', 'personal_ranking', '19'), ('686', '578', 'project_time', '1480435200'), ('687', '531', 'student_persm', '99'), ('688', '622', 'student_persm', '98'), ('689', '624', 'student_persm', '98'), ('690', '39', 'publication_time', '1417363200'), ('691', '39', 'publication_position', '中国成人教育'), ('707', '642', 'publication_time', '1451232000'), ('708', '642', 'publication_position', ''), ('714', '652', 'student_persm', '100'), ('715', '653', 'recognized_score', '122'), ('716', '654', 'recognized_score', '122'), ('717', '655', 'recognized_score', '122'), ('718', '658', 'project_funding', '15000'), ('723', '663', 'unit_rank', '15'), ('724', '663', 'personal_ranking', '19'), ('725', '663', 'project_time', '1456070400'), ('727', '669', 'student_persm', '102'), ('728', '661', 'unit_rank', '15'), ('729', '661', 'personal_ranking', '19'), ('730', '661', 'project_time', '1472659200'), ('731', '662', 'project_funding', '17500'), ('733', '674', 'recognized_score', '122'), ('734', '675', 'publication_time', '1475251200'), ('735', '675', 'publication_position', '保险职业学院学报'), ('736', '676', 'recognized_score', '122'), ('742', '680', 'project_funding', '120000'), ('745', '686', 'publication_time', '1454256000'), ('746', '686', 'publication_position', '消费经济'), ('749', '687', 'recognized_score', '122'), ('750', '614', 'recognized_score', '122'), ('761', '692', 'publication_time', '1451232000'), ('762', '692', 'publication_position', '天津职业技术师范大学学报'), ('880', '520', 'student_persm', '99'), ('890', '519', 'student_persm', '100'), ('891', '716', 'publication_time', '1480867200'), ('892', '716', 'publication_position', '天津职业技术师范大学学报'), ('897', '543', 'publication_time', '1236700800'), ('898', '543', 'publication_position', '计算机工程与应用'), ('900', '506', 'project_funding', '16400'), ('901', '511', 'project_funding', '50000'), ('902', '510', 'unit_rank', '15'), ('903', '510', 'personal_ranking', '19'), ('904', '510', 'project_time', '1451577600'), ('905', '510', 'model6_is_arrival', '126'), ('906', '508', 'publication_time', '1453219200'), ('907', '508', 'publication_position', '工业工程'), ('908', '507', 'publication_time', '1458489600'), ('909', '507', 'publication_position', '中国职业技术教育'), ('914', '696', 'unit_rank', '15'), ('915', '696', 'personal_ranking', '19'), ('916', '696', 'project_time', '1452700800'), ('917', '696', 'model6_is_arrival', '126'), ('918', '697', 'project_funding', '100000'), ('921', '721', 'publication_time', '1451232000'), ('922', '721', 'publication_position', '天津职业技术师范大学学报'), ('923', '727', 'recognized_score', '122'), ('924', '728', 'recognized_score', '122'), ('925', '720', 'publication_time', '1466784000'), ('926', '720', 'publication_position', 'International Conference on Service Systems &amp; Service Management，2016'), ('927', '685', 'publication_time', '1472054400'), ('928', '685', 'publication_position', '中国卫生统计'), ('933', '679', 'unit_rank', '15'), ('934', '679', 'personal_ranking', '19'), ('935', '679', 'project_time', '1449504000'), ('936', '679', 'model6_is_arrival', '126'), ('950', '477', 'publication_time', '1470585600'), ('951', '477', 'publication_position', '22'), ('952', '665', 'recognized_score', '122'), ('953', '638', 'publication_time', '1475251200'), ('954', '638', 'publication_position', '计算机集成制造系统'), ('955', '637', 'publication_time', '1477929600'), ('956', '637', 'publication_position', 'International Journal of Sustainable Engineering'), ('957', '639', 'publication_time', '1443369600'), ('958', '639', 'publication_position', '2015 IEEE International Conference on Information and Automation'), ('959', '707', 'publication_time', '1375718400'), ('960', '707', 'publication_position', 'Digital Signal Processing'), ('961', '634', 'publication_time', '1347465600'), ('962', '634', 'publication_position', 'International journal of sustainable engineering'), ('963', '633', 'publication_time', '1241107200'), ('964', '633', 'publication_position', 'ICIC Express Letters'), ('965', '640', 'publication_time', '1447084800'), ('966', '640', 'publication_position', '2015 8th International Conference on Intelligent Networks and Intelligent Systems'), ('967', '636', 'student_persm', '104'), ('969', '742', 'data_model_17_num', '160'), ('970', '743', 'data_model_17_num', '158'), ('971', '744', 'data_model_17_num', '160'), ('972', '745', 'data_model_17_num', '161'), ('973', '746', 'data_model_17_num', '161'), ('974', '747', 'data_model_17_num', '153'), ('977', '748', 'data_model_17_num', '160'), ('978', '749', 'data_model_17_num', '160'), ('979', '750', 'data_model_17_num', '159'), ('980', '751', 'data_model_17_num', '150'), ('981', '752', 'data_model_17_num', '153'), ('982', '757', 'data_model_17_num', '155'), ('983', '758', 'data_model_17_num', '154'), ('987', '763', 'data_model_17_num', '160'), ('992', '760', 'data_model_17_num', '159'), ('999', '767', 'data_model_17_num', '158'), ('1000', '768', 'recognized_score', '122'), ('1045', '772', 'data_model_17_num', '154'), ('1046', '765', 'publication_time', '1304870400'), ('1047', '765', 'publication_position', ''), ('1048', '774', 'publication_time', '1480867200'), ('1049', '774', 'publication_position', '现代管理科学'), ('1050', '775', 'data_model_17_num', '160'), ('1052', '776', 'project_funding', '28000'), ('1061', '764', 'publication_time', '1454860800'), ('1062', '764', 'publication_position', ''), ('1063', '761', 'publication_time', '1470585600'), ('1064', '761', 'publication_position', ''), ('1065', '771', 'project_funding', '20000'), ('1066', '766', 'publication_time', '1471449600'), ('1067', '766', 'publication_position', ''), ('1068', '777', 'data_model_17_num', '159'), ('1069', '778', 'data_model_17_num', '152'), ('1070', '779', 'data_model_17_num', '163'), ('1071', '699', 'student_persm', '99'), ('1080', '783', 'data_model_17_num', '152'), ('1087', '785', 'publication_time', '1480262400'), ('1088', '785', 'publication_position', ''), ('1089', '786', 'recruit_count', '124'), ('1092', '788', 'data_model_17_num', '154'), ('1097', '790', 'unit_rank', '15'), ('1098', '790', 'personal_ranking', '19'), ('1099', '790', 'project_time', '1480867200'), ('1100', '790', 'model6_is_arrival', '126'), ('1102', '795', 'data_model_17_num', '158'), ('1103', '796', 'data_model_17_num', '158'), ('1104', '797', 'data_model_17_num', '146'), ('1105', '798', 'data_model_17_num', '158'), ('1106', '600', 'unit_rank', '15'), ('1107', '600', 'personal_ranking', '19'), ('1108', '600', 'project_time', '1476028800'), ('1109', '600', 'model6_is_arrival', '126'), ('1110', '607', 'publication_time', '1478707200'), ('1111', '607', 'publication_position', '《金融理论与实践》'), ('1112', '603', 'publication_time', '1453219200'), ('1113', '603', 'publication_position', '《区域金融研究》'), ('1114', '602', 'publication_time', '1476892800'), ('1115', '602', 'publication_position', '《发展研究》'), ('1120', '799', 'project_funding', '190000'), ('1125', '770', 'unit_rank', '15'), ('1126', '770', 'personal_ranking', '19'), ('1127', '770', 'project_time', '1453219200'), ('1128', '770', 'model6_is_arrival', '126'), ('1133', '769', 'unit_rank', '15'), ('1134', '769', 'personal_ranking', '19'), ('1135', '769', 'project_time', '1480867200'), ('1136', '769', 'model6_is_arrival', '127'), ('1137', '670', 'recognized_score', '122'), ('1138', '794', 'data_model_17_num', '154'), ('1139', '811', 'data_model_17_num', '160'), ('1140', '812', 'data_model_17_num', '160'), ('1147', '817', 'student_persm', '98'), ('1148', '818', 'student_persm', '98'), ('1149', '819', 'student_persm', '98'), ('1151', '822', 'data_model_17_num', '160'), ('1152', '826', 'publication_time', '1463241600'), ('1153', '826', 'publication_position', '天津行政学院学报'), ('1154', '827', 'data_model_17_num', '160'), ('1155', '828', 'data_model_17_num', '156'), ('1156', '829', 'data_model_17_num', '154'), ('1157', '830', 'recruit_count', '136'), ('1158', '831', 'data_model_17_num', '159'), ('1159', '832', 'recognized_score', '122'), ('1160', '834', 'data_model_17_num', '162'), ('1163', '731', 'unit_rank', '15'), ('1164', '731', 'personal_ranking', '19'), ('1165', '731', 'project_time', '1480867200'), ('1166', '731', 'model6_is_arrival', '126'), ('1167', '732', 'recognized_score', '122'), ('1169', '836', 'data_model_17_num', '157'), ('1171', '837', 'recognized_score', '122'), ('1172', '781', 'publication_time', '1470585600'), ('1173', '781', 'publication_position', '22'), ('1174', '838', 'data_model_17_num', '156'), ('1176', '839', 'project_funding', '10000'), ('1178', '840', 'data_model_17_num', '158'), ('1179', '841', 'data_model_17_num', '157'), ('1188', '844', 'data_model_17_num', '164'), ('1189', '842', 'unit_rank', '15'), ('1190', '842', 'personal_ranking', '19'), ('1191', '842', 'project_time', '1470931200'), ('1192', '842', 'model6_is_arrival', '127'), ('1197', '644', 'unit_rank', '16'), ('1198', '644', 'personal_ranking', '21'), ('1199', '644', 'project_time', '1467216000'), ('1200', '644', 'model6_is_arrival', '127'), ('1201', '846', 'data_model_17_num', '149'), ('1203', '835', 'project_funding', '10500'), ('1204', '850', 'data_model_17_num', '146'), ('1205', '851', 'data_model_17_num', '161'), ('1206', '852', 'data_model_17_num', '161'), ('1207', '853', 'data_model_17_num', '160'), ('1208', '815', 'project_funding', '10500'), ('1209', '813', 'unit_rank', '15'), ('1210', '813', 'personal_ranking', '19'), ('1211', '813', 'project_time', '1480867200'), ('1212', '813', 'model6_is_arrival', '126'), ('1213', '855', 'project_funding', '2'), ('1214', '856', 'publication_time', '1481126400'), ('1215', '856', 'publication_position', 'sdf');
COMMIT;

-- ----------------------------
--  Table structure for `yunzhi_role`
-- ----------------------------
DROP TABLE IF EXISTS `yunzhi_role`;
CREATE TABLE `yunzhi_role` (
  `id` int(10) unsigned NOT NULL AUTO_INCREMENT COMMENT '角色id',
  `name` varchar(200) CHARACTER SET utf8 DEFAULT NULL COMMENT '角色名',
  `state` int(10) unsigned DEFAULT 1 COMMENT '角色状态，0表示冻结，1表示正常',
  `remarks` varchar(200) CHARACTER SET utf8 DEFAULT NULL COMMENT '角色描述',
  `is_admin` tinyint(2) unsigned DEFAULT 0 COMMENT '是否系统管理员',
  PRIMARY KEY (`id`)
) ENGINE=InnoDB AUTO_INCREMENT=14 DEFAULT CHARSET=latin1 ROW_FORMAT=COMPACT;

-- ----------------------------
--  Records of `yunzhi_role`
-- ----------------------------
BEGIN;
INSERT INTO `yunzhi_role` VALUES ('1', '普通教职工', '1', '非常普通的教职工', '0'), ('4', '系统管理员', '1', '此为角色描述', '1'), ('7', '超级管理员', '1', '拥有所有的权限', '1'), ('13', '学院领导', '1', '', '0');
COMMIT;

-- ----------------------------
--  Table structure for `yunzhi_role_menu`
-- ----------------------------
DROP TABLE IF EXISTS `yunzhi_role_menu`;
CREATE TABLE `yunzhi_role_menu` (
  `id` int(10) unsigned NOT NULL AUTO_INCREMENT COMMENT '相当于权限id',
  `role_id` int(10) unsigned DEFAULT NULL COMMENT '角色ID',
  `menu_id` int(10) unsigned DEFAULT NULL COMMENT '菜单ID',
  `value` int(10) unsigned DEFAULT 0 COMMENT '是否有该权限，0表示没有，1表示有',
  PRIMARY KEY (`id`)
) ENGINE=InnoDB AUTO_INCREMENT=13646 DEFAULT CHARSET=utf8 ROW_FORMAT=COMPACT;

-- ----------------------------
--  Records of `yunzhi_role_menu`
-- ----------------------------
BEGIN;
INSERT INTO `yunzhi_role_menu` VALUES ('14', '8', '45', '1'), ('15', '8', '29', '1'), ('18', '8', '15', '1'), ('19', '8', '19', '1'), ('883', '12', '164', '1'), ('893', '2', '164', '1'), ('894', '3', '164', '1'), ('896', '5', '164', '1'), ('897', '6', '164', '1'), ('898', '9', '164', '1'), ('899', '9', '3', '1'), ('900', '9', '16', '1'), ('901', '10', '164', '1'), ('902', '10', '6', '1'), ('903', '10', '5', '1'), ('904', '10', '15', '1'), ('1031', '11', '164', '1'), ('1032', '11', '6', '1'), ('1033', '11', '54', '1'), ('1034', '11', '66', '1'), ('1035', '11', '169', '1'), ('1036', '11', '72', '1'), ('1037', '11', '141', '1'), ('1038', '11', '73', '1'), ('1039', '11', '78', '1'), ('1040', '11', '93', '1'), ('1041', '11', '105', '1'), ('1042', '11', '106', '1'), ('1043', '11', '75', '1'), ('1044', '11', '94', '1'), ('1045', '11', '95', '1'), ('1046', '11', '110', '1'), ('1047', '11', '111', '1'), ('1048', '11', '76', '1'), ('1049', '11', '96', '1'), ('1050', '11', '97', '1'), ('1051', '11', '112', '1'), ('1052', '11', '113', '1'), ('1053', '11', '77', '1'), ('1054', '11', '98', '1'), ('1055', '11', '99', '1'), ('1056', '11', '108', '1'), ('1057', '11', '114', '1'), ('1058', '11', '137', '1'), ('10918', '13', '164', '1'), ('10919', '13', '66', '1'), ('10920', '13', '169', '1'), ('10921', '13', '207', '1'), ('10922', '13', '212', '1'), ('10923', '13', '214', '1'), ('10924', '13', '216', '1'), ('10925', '13', '72', '1'), ('10926', '13', '141', '1'), ('10927', '13', '223', '1'), ('10928', '13', '220', '1'), ('10929', '13', '221', '1'), ('10930', '13', '222', '1'), ('10931', '13', '73', '1'), ('10932', '13', '78', '1'), ('10933', '13', '93', '1'), ('10934', '13', '105', '1'), ('10935', '13', '106', '1'), ('10936', '13', '75', '1'), ('10937', '13', '94', '1'), ('10938', '13', '95', '1'), ('10939', '13', '110', '1'), ('10940', '13', '111', '1'), ('10941', '13', '76', '1'), ('10942', '13', '96', '1'), ('10943', '13', '97', '1'), ('10944', '13', '112', '1'), ('10945', '13', '113', '1'), ('10946', '13', '77', '1'), ('10947', '13', '98', '1'), ('10948', '13', '99', '1'), ('10949', '13', '108', '1'), ('10950', '13', '114', '1'), ('10951', '13', '137', '1'), ('13243', '1', '164', '1'), ('13244', '1', '5', '1'), ('13245', '1', '47', '1'), ('13246', '1', '178', '1'), ('13247', '1', '49', '1'), ('13248', '1', '259', '1'), ('13249', '1', '50', '1'), ('13250', '1', '124', '1'), ('13251', '1', '149', '1'), ('13252', '1', '249', '1'), ('13253', '1', '6', '1'), ('13254', '1', '260', '1'), ('13255', '1', '54', '1'), ('13256', '1', '88', '1'), ('13257', '1', '121', '1'), ('13258', '1', '89', '1'), ('13259', '1', '125', '1'), ('13260', '1', '258', '1'), ('13261', '1', '14', '1'), ('13262', '1', '261', '1'), ('13263', '1', '134', '1'), ('13264', '1', '196', '1'), ('13265', '1', '215', '1'), ('13266', '1', '244', '1'), ('13267', '1', '245', '1'), ('13268', '1', '62', '1'), ('13269', '1', '262', '1'), ('13270', '1', '135', '1'), ('13271', '1', '200', '1'), ('13272', '1', '202', '1'), ('13273', '1', '243', '1'), ('13274', '1', '246', '1'), ('13275', '1', '63', '1'), ('13276', '1', '263', '1'), ('13277', '1', '136', '1'), ('13278', '1', '218', '1'), ('13279', '1', '219', '1'), ('13280', '1', '242', '1'), ('13281', '1', '247', '1'), ('13282', '1', '66', '1'), ('13283', '1', '169', '1'), ('13284', '1', '207', '1'), ('13285', '1', '212', '1'), ('13286', '1', '214', '1'), ('13287', '1', '216', '1'), ('13288', '1', '72', '1'), ('13289', '1', '141', '1'), ('13290', '1', '223', '1'), ('13291', '1', '220', '1'), ('13292', '1', '221', '1'), ('13293', '1', '222', '1'), ('13294', '1', '73', '1'), ('13295', '1', '78', '1'), ('13296', '1', '93', '1'), ('13297', '1', '105', '1'), ('13298', '1', '106', '1'), ('13299', '1', '75', '1'), ('13300', '1', '94', '1'), ('13301', '1', '95', '1'), ('13302', '1', '110', '1'), ('13303', '1', '111', '1'), ('13304', '1', '76', '1'), ('13305', '1', '96', '1'), ('13306', '1', '97', '1'), ('13307', '1', '112', '1'), ('13308', '1', '113', '1'), ('13309', '1', '77', '1'), ('13310', '1', '98', '1'), ('13311', '1', '99', '1'), ('13312', '1', '108', '1'), ('13313', '1', '114', '1'), ('13314', '1', '137', '1'), ('13315', '1', '9', '1'), ('13316', '1', '152', '1'), ('13317', '7', '164', '1'), ('13318', '7', '5', '1'), ('13319', '7', '47', '1'), ('13320', '7', '178', '1'), ('13321', '7', '49', '1'), ('13322', '7', '50', '1'), ('13323', '7', '124', '1'), ('13324', '7', '149', '1'), ('13325', '7', '6', '1'), ('13326', '7', '54', '1'), ('13327', '7', '88', '1'), ('13328', '7', '121', '1'), ('13329', '7', '89', '1'), ('13330', '7', '125', '1'), ('13331', '7', '11', '1'), ('13332', '7', '20', '1'), ('13333', '7', '14', '1'), ('13334', '7', '134', '1'), ('13335', '7', '196', '1'), ('13336', '7', '215', '1'), ('13337', '7', '244', '1'), ('13338', '7', '245', '1'), ('13339', '7', '62', '1'), ('13340', '7', '135', '1'), ('13341', '7', '200', '1'), ('13342', '7', '202', '1'), ('13343', '7', '243', '1'), ('13344', '7', '246', '1'), ('13345', '7', '13', '1'), ('13346', '7', '71', '1'), ('13347', '7', '86', '1'), ('13348', '7', '87', '1'), ('13349', '7', '179', '1'), ('13350', '7', '204', '1'), ('13351', '7', '206', '1'), ('13352', '7', '63', '1'), ('13353', '7', '136', '1'), ('13354', '7', '218', '1'), ('13355', '7', '219', '1'), ('13356', '7', '242', '1'), ('13357', '7', '247', '1'), ('13358', '7', '29', '1'), ('13359', '7', '33', '1'), ('13360', '7', '34', '1'), ('13361', '7', '38', '1'), ('13362', '7', '90', '1'), ('13363', '7', '101', '1'), ('13364', '7', '115', '1'), ('13365', '7', '150', '1'), ('13366', '7', '165', '1'), ('13367', '7', '166', '1'), ('13368', '7', '167', '1'), ('13369', '7', '168', '1'), ('13370', '7', '174', '1'), ('13371', '7', '66', '1'), ('13372', '7', '169', '1'), ('13373', '7', '207', '1'), ('13374', '7', '212', '1'), ('13375', '7', '214', '1'), ('13376', '7', '216', '1'), ('13377', '7', '72', '1'), ('13378', '7', '141', '1'), ('13379', '7', '223', '1'), ('13380', '7', '220', '1'), ('13381', '7', '221', '1'), ('13382', '7', '222', '1'), ('13383', '7', '73', '1'), ('13384', '7', '78', '1'), ('13385', '7', '93', '1'), ('13386', '7', '105', '1'), ('13387', '7', '106', '1'), ('13388', '7', '75', '1'), ('13389', '7', '94', '1'), ('13390', '7', '95', '1'), ('13391', '7', '110', '1'), ('13392', '7', '111', '1'), ('13393', '7', '76', '1'), ('13394', '7', '96', '1'), ('13395', '7', '97', '1'), ('13396', '7', '112', '1'), ('13397', '7', '113', '1'), ('13398', '7', '77', '1'), ('13399', '7', '98', '1'), ('13400', '7', '99', '1'), ('13401', '7', '108', '1'), ('13402', '7', '114', '1'), ('13403', '7', '30', '1'), ('13404', '7', '55', '1'), ('13405', '7', '116', '1'), ('13406', '7', '117', '1'), ('13407', '7', '142', '1'), ('13408', '7', '143', '1'), ('13409', '7', '248', '1'), ('13410', '7', '56', '1'), ('13411', '7', '186', '1'), ('13412', '7', '187', '1'), ('13413', '7', '188', '1'), ('13414', '7', '189', '1'), ('13415', '7', '250', '1'), ('13416', '7', '57', '1'), ('13417', '7', '231', '1'), ('13418', '7', '239', '1'), ('13419', '7', '241', '1'), ('13420', '7', '251', '1'), ('13421', '7', '255', '1'), ('13422', '7', '58', '1'), ('13423', '7', '203', '1'), ('13424', '7', '217', '1'), ('13425', '7', '252', '1'), ('13426', '7', '253', '1'), ('13427', '7', '254', '1'), ('13428', '7', '59', '1'), ('13429', '7', '183', '1'), ('13430', '7', '184', '1'), ('13431', '7', '195', '1'), ('13432', '7', '197', '1'), ('13433', '7', '198', '1'), ('13434', '7', '64', '1'), ('13435', '7', '163', '1'), ('13436', '7', '175', '1'), ('13437', '7', '224', '1'), ('13438', '7', '176', '1'), ('13439', '7', '65', '1'), ('13440', '7', '67', '1'), ('13441', '7', '139', '1'), ('13442', '7', '190', '1'), ('13443', '7', '226', '1'), ('13444', '7', '228', '1'), ('13445', '7', '227', '1'), ('13446', '7', '229', '1'), ('13447', '7', '68', '1'), ('13448', '7', '232', '1'), ('13449', '7', '238', '1'), ('13450', '7', '233', '1'), ('13451', '7', '234', '1'), ('13452', '7', '235', '1'), ('13453', '7', '69', '1'), ('13454', '7', '192', '1'), ('13455', '7', '205', '1'), ('13456', '7', '210', '1'), ('13457', '7', '213', '1'), ('13458', '7', '230', '1'), ('13459', '7', '208', '1'), ('13460', '7', '211', '1'), ('13461', '7', '70', '1'), ('13462', '7', '79', '1'), ('13463', '7', '80', '1'), ('13464', '7', '236', '1'), ('13465', '7', '237', '1'), ('13466', '7', '3', '1'), ('13467', '7', '16', '1'), ('13468', '7', '81', '1'), ('13469', '7', '85', '1'), ('13470', '7', '119', '1'), ('13471', '7', '4', '1'), ('13472', '7', '118', '1'), ('13473', '7', '144', '1'), ('13474', '7', '145', '1'), ('13475', '7', '171', '1'), ('13476', '7', '172', '1'), ('13477', '7', '8', '1'), ('13478', '7', '45', '1'), ('13479', '7', '151', '1'), ('13480', '7', '156', '1'), ('13481', '7', '170', '1'), ('13482', '7', '173', '1'), ('13483', '7', '32', '1'), ('13484', '7', '51', '1'), ('13485', '7', '256', '1'), ('13486', '7', '257', '1'), ('13487', '7', '100', '1'), ('13488', '7', '102', '1'), ('13489', '7', '103', '1'), ('13490', '7', '153', '1'), ('13491', '7', '154', '1'), ('13492', '7', '155', '1'), ('13493', '7', '46', '1'), ('13494', '7', '82', '1'), ('13495', '7', '83', '1'), ('13496', '7', '122', '1'), ('13497', '7', '147', '1'), ('13498', '7', '148', '1'), ('13499', '7', '9', '1'), ('13500', '7', '152', '1'), ('13501', '7', '264', '1'), ('13502', '7', '265', '1'), ('13503', '4', '164', '1'), ('13504', '4', '29', '1'), ('13505', '4', '33', '1'), ('13506', '4', '34', '1'), ('13507', '4', '38', '1'), ('13508', '4', '90', '1'), ('13509', '4', '101', '1'), ('13510', '4', '115', '1'), ('13511', '4', '150', '1'), ('13512', '4', '165', '1'), ('13513', '4', '166', '1'), ('13514', '4', '167', '1'), ('13515', '4', '168', '1'), ('13516', '4', '174', '1'), ('13517', '4', '66', '1'), ('13518', '4', '169', '1'), ('13519', '4', '207', '1'), ('13520', '4', '212', '1'), ('13521', '4', '214', '1'), ('13522', '4', '216', '1'), ('13523', '4', '72', '1'), ('13524', '4', '141', '1'), ('13525', '4', '223', '1'), ('13526', '4', '220', '1'), ('13527', '4', '221', '1'), ('13528', '4', '222', '1'), ('13529', '4', '73', '1'), ('13530', '4', '78', '1'), ('13531', '4', '93', '1'), ('13532', '4', '105', '1'), ('13533', '4', '106', '1'), ('13534', '4', '75', '1'), ('13535', '4', '94', '1'), ('13536', '4', '95', '1'), ('13537', '4', '110', '1'), ('13538', '4', '111', '1'), ('13539', '4', '76', '1'), ('13540', '4', '96', '1'), ('13541', '4', '97', '1'), ('13542', '4', '112', '1'), ('13543', '4', '113', '1'), ('13544', '4', '77', '1'), ('13545', '4', '98', '1'), ('13546', '4', '99', '1'), ('13547', '4', '108', '1'), ('13548', '4', '114', '1'), ('13549', '4', '30', '1'), ('13550', '4', '55', '1'), ('13551', '4', '116', '1'), ('13552', '4', '117', '1'), ('13553', '4', '142', '1'), ('13554', '4', '143', '1'), ('13555', '4', '248', '1'), ('13556', '4', '56', '1'), ('13557', '4', '186', '1'), ('13558', '4', '187', '1'), ('13559', '4', '188', '1'), ('13560', '4', '189', '1'), ('13561', '4', '250', '1'), ('13562', '4', '57', '1'), ('13563', '4', '231', '1'), ('13564', '4', '239', '1'), ('13565', '4', '241', '1'), ('13566', '4', '251', '1'), ('13567', '4', '255', '1'), ('13568', '4', '58', '1'), ('13569', '4', '203', '1'), ('13570', '4', '217', '1'), ('13571', '4', '252', '1'), ('13572', '4', '253', '1'), ('13573', '4', '254', '1'), ('13574', '4', '59', '1'), ('13575', '4', '183', '1'), ('13576', '4', '184', '1'), ('13577', '4', '195', '1'), ('13578', '4', '197', '1'), ('13579', '4', '198', '1'), ('13580', '4', '64', '1'), ('13581', '4', '163', '1'), ('13582', '4', '175', '1'), ('13583', '4', '224', '1'), ('13584', '4', '176', '1'), ('13585', '4', '65', '1'), ('13586', '4', '67', '1'), ('13587', '4', '139', '1'), ('13588', '4', '190', '1'), ('13589', '4', '226', '1'), ('13590', '4', '228', '1'), ('13591', '4', '227', '1'), ('13592', '4', '229', '1'), ('13593', '4', '68', '1'), ('13594', '4', '232', '1'), ('13595', '4', '238', '1'), ('13596', '4', '233', '1'), ('13597', '4', '234', '1'), ('13598', '4', '235', '1'), ('13599', '4', '69', '1'), ('13600', '4', '192', '1'), ('13601', '4', '205', '1'), ('13602', '4', '210', '1'), ('13603', '4', '213', '1'), ('13604', '4', '230', '1'), ('13605', '4', '208', '1'), ('13606', '4', '211', '1'), ('13607', '4', '70', '1'), ('13608', '4', '79', '1'), ('13609', '4', '80', '1'), ('13610', '4', '236', '1'), ('13611', '4', '237', '1'), ('13612', '4', '3', '1'), ('13613', '4', '16', '1'), ('13614', '4', '81', '1'), ('13615', '4', '85', '1'), ('13616', '4', '119', '1'), ('13617', '4', '4', '1'), ('13618', '4', '118', '1'), ('13619', '4', '144', '1'), ('13620', '4', '145', '1'), ('13621', '4', '171', '1'), ('13622', '4', '172', '1'), ('13623', '4', '8', '1'), ('13624', '4', '45', '1'), ('13625', '4', '151', '1'), ('13626', '4', '156', '1'), ('13627', '4', '170', '1'), ('13628', '4', '173', '1'), ('13629', '4', '32', '1'), ('13630', '4', '51', '1'), ('13631', '4', '256', '1'), ('13632', '4', '100', '1'), ('13633', '4', '102', '1'), ('13634', '4', '103', '1'), ('13635', '4', '153', '1'), ('13636', '4', '154', '1'), ('13637', '4', '155', '1'), ('13638', '4', '46', '1'), ('13639', '4', '82', '1'), ('13640', '4', '83', '1'), ('13641', '4', '122', '1'), ('13642', '4', '147', '1'), ('13643', '4', '148', '1'), ('13644', '4', '9', '1'), ('13645', '4', '152', '1');
COMMIT;

-- ----------------------------
--  Table structure for `yunzhi_role_menu_copy`
-- ----------------------------
DROP TABLE IF EXISTS `yunzhi_role_menu_copy`;
CREATE TABLE `yunzhi_role_menu_copy` (
  `id` int(10) unsigned NOT NULL AUTO_INCREMENT COMMENT '相当于权限id',
  `role_id` int(10) unsigned DEFAULT NULL COMMENT '角色ID',
  `menu_id` int(10) unsigned DEFAULT NULL COMMENT '菜单ID',
  `value` int(10) unsigned DEFAULT 0 COMMENT '是否有该权限，0表示没有，1表示有',
  PRIMARY KEY (`id`)
) ENGINE=InnoDB AUTO_INCREMENT=13024 DEFAULT CHARSET=utf8 ROW_FORMAT=COMPACT;

-- ----------------------------
--  Records of `yunzhi_role_menu_copy`
-- ----------------------------
BEGIN;
INSERT INTO `yunzhi_role_menu_copy` VALUES ('14', '8', '45', '1'), ('15', '8', '29', '1'), ('18', '8', '15', '1'), ('19', '8', '19', '1'), ('883', '12', '164', '1'), ('893', '2', '164', '1'), ('894', '3', '164', '1'), ('896', '5', '164', '1'), ('897', '6', '164', '1'), ('898', '9', '164', '1'), ('899', '9', '3', '1'), ('900', '9', '16', '1'), ('901', '10', '164', '1'), ('902', '10', '6', '1'), ('903', '10', '5', '1'), ('904', '10', '15', '1'), ('1031', '11', '164', '1'), ('1032', '11', '6', '1'), ('1033', '11', '54', '1'), ('1034', '11', '66', '1'), ('1035', '11', '169', '1'), ('1036', '11', '72', '1'), ('1037', '11', '141', '1'), ('1038', '11', '73', '1'), ('1039', '11', '78', '1'), ('1040', '11', '93', '1'), ('1041', '11', '105', '1'), ('1042', '11', '106', '1'), ('1043', '11', '75', '1'), ('1044', '11', '94', '1'), ('1045', '11', '95', '1'), ('1046', '11', '110', '1'), ('1047', '11', '111', '1'), ('1048', '11', '76', '1'), ('1049', '11', '96', '1'), ('1050', '11', '97', '1'), ('1051', '11', '112', '1'), ('1052', '11', '113', '1'), ('1053', '11', '77', '1'), ('1054', '11', '98', '1'), ('1055', '11', '99', '1'), ('1056', '11', '108', '1'), ('1057', '11', '114', '1'), ('1058', '11', '137', '1'), ('10918', '13', '164', '1'), ('10919', '13', '66', '1'), ('10920', '13', '169', '1'), ('10921', '13', '207', '1'), ('10922', '13', '212', '1'), ('10923', '13', '214', '1'), ('10924', '13', '216', '1'), ('10925', '13', '72', '1'), ('10926', '13', '141', '1'), ('10927', '13', '223', '1'), ('10928', '13', '220', '1'), ('10929', '13', '221', '1'), ('10930', '13', '222', '1'), ('10931', '13', '73', '1'), ('10932', '13', '78', '1'), ('10933', '13', '93', '1'), ('10934', '13', '105', '1'), ('10935', '13', '106', '1'), ('10936', '13', '75', '1'), ('10937', '13', '94', '1'), ('10938', '13', '95', '1'), ('10939', '13', '110', '1'), ('10940', '13', '111', '1'), ('10941', '13', '76', '1'), ('10942', '13', '96', '1'), ('10943', '13', '97', '1'), ('10944', '13', '112', '1'), ('10945', '13', '113', '1'), ('10946', '13', '77', '1'), ('10947', '13', '98', '1'), ('10948', '13', '99', '1'), ('10949', '13', '108', '1'), ('10950', '13', '114', '1'), ('10951', '13', '137', '1'), ('12092', '4', '164', '1'), ('12093', '4', '29', '1'), ('12094', '4', '33', '1'), ('12095', '4', '34', '1'), ('12096', '4', '38', '1'), ('12097', '4', '90', '1'), ('12098', '4', '101', '1'), ('12099', '4', '115', '1'), ('12100', '4', '150', '1'), ('12101', '4', '165', '1'), ('12102', '4', '166', '1'), ('12103', '4', '167', '1'), ('12104', '4', '168', '1'), ('12105', '4', '174', '1'), ('12106', '4', '66', '1'), ('12107', '4', '169', '1'), ('12108', '4', '207', '1'), ('12109', '4', '212', '1'), ('12110', '4', '214', '1'), ('12111', '4', '216', '1'), ('12112', '4', '72', '1'), ('12113', '4', '141', '1'), ('12114', '4', '223', '1'), ('12115', '4', '220', '1'), ('12116', '4', '221', '1'), ('12117', '4', '222', '1'), ('12118', '4', '73', '1'), ('12119', '4', '78', '1'), ('12120', '4', '93', '1'), ('12121', '4', '105', '1'), ('12122', '4', '106', '1'), ('12123', '4', '75', '1'), ('12124', '4', '94', '1'), ('12125', '4', '95', '1'), ('12126', '4', '110', '1'), ('12127', '4', '111', '1'), ('12128', '4', '76', '1'), ('12129', '4', '96', '1'), ('12130', '4', '97', '1'), ('12131', '4', '112', '1'), ('12132', '4', '113', '1'), ('12133', '4', '77', '1'), ('12134', '4', '98', '1'), ('12135', '4', '99', '1'), ('12136', '4', '108', '1'), ('12137', '4', '114', '1'), ('12138', '4', '30', '1'), ('12139', '4', '55', '1'), ('12140', '4', '116', '1'), ('12141', '4', '117', '1'), ('12142', '4', '142', '1'), ('12143', '4', '143', '1'), ('12144', '4', '248', '1'), ('12145', '4', '56', '1'), ('12146', '4', '186', '1'), ('12147', '4', '187', '1'), ('12148', '4', '188', '1'), ('12149', '4', '189', '1'), ('12150', '4', '250', '1'), ('12151', '4', '57', '1'), ('12152', '4', '231', '1'), ('12153', '4', '239', '1'), ('12154', '4', '241', '1'), ('12155', '4', '251', '1'), ('12156', '4', '255', '1'), ('12157', '4', '58', '1'), ('12158', '4', '203', '1'), ('12159', '4', '217', '1'), ('12160', '4', '252', '1'), ('12161', '4', '253', '1'), ('12162', '4', '254', '1'), ('12163', '4', '59', '1'), ('12164', '4', '183', '1'), ('12165', '4', '184', '1'), ('12166', '4', '195', '1'), ('12167', '4', '197', '1'), ('12168', '4', '198', '1'), ('12169', '4', '64', '1'), ('12170', '4', '163', '1'), ('12171', '4', '175', '1'), ('12172', '4', '224', '1'), ('12173', '4', '176', '1'), ('12174', '4', '65', '1'), ('12175', '4', '67', '1'), ('12176', '4', '139', '1'), ('12177', '4', '190', '1'), ('12178', '4', '226', '1'), ('12179', '4', '228', '1'), ('12180', '4', '227', '1'), ('12181', '4', '229', '1'), ('12182', '4', '68', '1'), ('12183', '4', '232', '1'), ('12184', '4', '238', '1'), ('12185', '4', '233', '1'), ('12186', '4', '234', '1'), ('12187', '4', '235', '1'), ('12188', '4', '69', '1'), ('12189', '4', '192', '1'), ('12190', '4', '205', '1'), ('12191', '4', '210', '1'), ('12192', '4', '213', '1'), ('12193', '4', '230', '1'), ('12194', '4', '208', '1'), ('12195', '4', '211', '1'), ('12196', '4', '70', '1'), ('12197', '4', '79', '1'), ('12198', '4', '80', '1'), ('12199', '4', '236', '1'), ('12200', '4', '237', '1'), ('12201', '4', '3', '1'), ('12202', '4', '16', '1'), ('12203', '4', '81', '1'), ('12204', '4', '85', '1'), ('12205', '4', '119', '1'), ('12206', '4', '4', '1'), ('12207', '4', '118', '1'), ('12208', '4', '144', '1'), ('12209', '4', '145', '1'), ('12210', '4', '171', '1'), ('12211', '4', '172', '1'), ('12212', '4', '8', '1'), ('12213', '4', '45', '1'), ('12214', '4', '151', '1'), ('12215', '4', '156', '1'), ('12216', '4', '170', '1'), ('12217', '4', '173', '1'), ('12218', '4', '32', '1'), ('12219', '4', '51', '1'), ('12220', '4', '256', '1'), ('12221', '4', '100', '1'), ('12222', '4', '102', '1'), ('12223', '4', '103', '1'), ('12224', '4', '153', '1'), ('12225', '4', '154', '1'), ('12226', '4', '155', '1'), ('12227', '4', '46', '1'), ('12228', '4', '82', '1'), ('12229', '4', '83', '1'), ('12230', '4', '122', '1'), ('12231', '4', '147', '1'), ('12232', '4', '148', '1'), ('12789', '7', '164', '1'), ('12790', '7', '6', '1'), ('12791', '7', '54', '1'), ('12792', '7', '88', '1'), ('12793', '7', '121', '1'), ('12794', '7', '89', '1'), ('12795', '7', '125', '1'), ('12796', '7', '5', '1'), ('12797', '7', '47', '1'), ('12798', '7', '178', '1'), ('12799', '7', '49', '1'), ('12800', '7', '50', '1'), ('12801', '7', '124', '1'), ('12802', '7', '149', '1'), ('12803', '7', '11', '1'), ('12804', '7', '20', '1'), ('12805', '7', '13', '1'), ('12806', '7', '71', '1'), ('12807', '7', '86', '1'), ('12808', '7', '87', '1'), ('12809', '7', '179', '1'), ('12810', '7', '204', '1'), ('12811', '7', '206', '1'), ('12812', '7', '14', '1'), ('12813', '7', '134', '1'), ('12814', '7', '196', '1'), ('12815', '7', '215', '1'), ('12816', '7', '244', '1'), ('12817', '7', '245', '1'), ('12818', '7', '62', '1'), ('12819', '7', '135', '1'), ('12820', '7', '200', '1'), ('12821', '7', '202', '1'), ('12822', '7', '243', '1'), ('12823', '7', '246', '1'), ('12824', '7', '63', '1'), ('12825', '7', '136', '1'), ('12826', '7', '218', '1'), ('12827', '7', '219', '1'), ('12828', '7', '242', '1'), ('12829', '7', '247', '1'), ('12830', '7', '29', '1'), ('12831', '7', '33', '1'), ('12832', '7', '34', '1'), ('12833', '7', '38', '1'), ('12834', '7', '90', '1'), ('12835', '7', '101', '1'), ('12836', '7', '115', '1'), ('12837', '7', '150', '1'), ('12838', '7', '165', '1'), ('12839', '7', '166', '1'), ('12840', '7', '167', '1'), ('12841', '7', '168', '1'), ('12842', '7', '174', '1'), ('12843', '7', '66', '1'), ('12844', '7', '169', '1'), ('12845', '7', '207', '1'), ('12846', '7', '212', '1'), ('12847', '7', '214', '1'), ('12848', '7', '216', '1'), ('12849', '7', '72', '1'), ('12850', '7', '141', '1'), ('12851', '7', '223', '1'), ('12852', '7', '220', '1'), ('12853', '7', '221', '1'), ('12854', '7', '222', '1'), ('12855', '7', '73', '1'), ('12856', '7', '78', '1'), ('12857', '7', '93', '1'), ('12858', '7', '105', '1'), ('12859', '7', '106', '1'), ('12860', '7', '75', '1'), ('12861', '7', '94', '1'), ('12862', '7', '95', '1'), ('12863', '7', '110', '1'), ('12864', '7', '111', '1'), ('12865', '7', '76', '1'), ('12866', '7', '96', '1'), ('12867', '7', '97', '1'), ('12868', '7', '112', '1'), ('12869', '7', '113', '1'), ('12870', '7', '77', '1'), ('12871', '7', '98', '1'), ('12872', '7', '99', '1'), ('12873', '7', '108', '1'), ('12874', '7', '114', '1'), ('12875', '7', '30', '1'), ('12876', '7', '55', '1'), ('12877', '7', '116', '1'), ('12878', '7', '117', '1'), ('12879', '7', '142', '1'), ('12880', '7', '143', '1'), ('12881', '7', '248', '1'), ('12882', '7', '56', '1'), ('12883', '7', '186', '1'), ('12884', '7', '187', '1'), ('12885', '7', '188', '1'), ('12886', '7', '189', '1'), ('12887', '7', '250', '1'), ('12888', '7', '57', '1'), ('12889', '7', '231', '1'), ('12890', '7', '239', '1'), ('12891', '7', '241', '1'), ('12892', '7', '251', '1'), ('12893', '7', '255', '1'), ('12894', '7', '58', '1'), ('12895', '7', '203', '1'), ('12896', '7', '217', '1'), ('12897', '7', '252', '1'), ('12898', '7', '253', '1'), ('12899', '7', '254', '1'), ('12900', '7', '59', '1'), ('12901', '7', '183', '1'), ('12902', '7', '184', '1'), ('12903', '7', '195', '1'), ('12904', '7', '197', '1'), ('12905', '7', '198', '1'), ('12906', '7', '64', '1'), ('12907', '7', '163', '1'), ('12908', '7', '175', '1'), ('12909', '7', '224', '1'), ('12910', '7', '176', '1'), ('12911', '7', '65', '1'), ('12912', '7', '67', '1'), ('12913', '7', '139', '1'), ('12914', '7', '190', '1'), ('12915', '7', '226', '1'), ('12916', '7', '228', '1'), ('12917', '7', '227', '1'), ('12918', '7', '229', '1'), ('12919', '7', '68', '1'), ('12920', '7', '232', '1'), ('12921', '7', '238', '1'), ('12922', '7', '233', '1'), ('12923', '7', '234', '1'), ('12924', '7', '235', '1'), ('12925', '7', '69', '1'), ('12926', '7', '192', '1'), ('12927', '7', '205', '1'), ('12928', '7', '210', '1'), ('12929', '7', '213', '1'), ('12930', '7', '230', '1'), ('12931', '7', '208', '1'), ('12932', '7', '211', '1'), ('12933', '7', '70', '1'), ('12934', '7', '79', '1'), ('12935', '7', '80', '1'), ('12936', '7', '236', '1'), ('12937', '7', '237', '1'), ('12938', '7', '3', '1'), ('12939', '7', '16', '1'), ('12940', '7', '81', '1'), ('12941', '7', '85', '1'), ('12942', '7', '119', '1'), ('12943', '7', '4', '1'), ('12944', '7', '118', '1'), ('12945', '7', '144', '1'), ('12946', '7', '145', '1'), ('12947', '7', '171', '1'), ('12948', '7', '172', '1'), ('12949', '7', '8', '1'), ('12950', '7', '45', '1'), ('12951', '7', '151', '1'), ('12952', '7', '156', '1'), ('12953', '7', '170', '1'), ('12954', '7', '173', '1'), ('12955', '7', '32', '1'), ('12956', '7', '51', '1'), ('12957', '7', '256', '1'), ('12958', '7', '257', '1'), ('12959', '7', '100', '1'), ('12960', '7', '102', '1'), ('12961', '7', '103', '1'), ('12962', '7', '153', '1'), ('12963', '7', '154', '1'), ('12964', '7', '155', '1'), ('12965', '7', '46', '1'), ('12966', '7', '82', '1'), ('12967', '7', '83', '1'), ('12968', '7', '122', '1'), ('12969', '7', '147', '1'), ('12970', '7', '148', '1'), ('12971', '7', '9', '1'), ('12972', '7', '152', '1'), ('12973', '7', '2', '1'), ('12974', '7', '17', '1'), ('12975', '7', '18', '1'), ('12976', '7', '19', '1'), ('12977', '7', '15', '1'), ('12978', '7', '104', '1'), ('12979', '1', '164', '1'), ('12980', '1', '6', '1'), ('12981', '1', '54', '1'), ('12982', '1', '88', '1'), ('12983', '1', '121', '1'), ('12984', '1', '89', '1'), ('12985', '1', '125', '1'), ('12986', '1', '5', '1'), ('12987', '1', '47', '1'), ('12988', '1', '178', '1'), ('12989', '1', '49', '1'), ('12990', '1', '50', '1'), ('12991', '1', '124', '1'), ('12992', '1', '149', '1'), ('12993', '1', '249', '1'), ('12994', '1', '11', '1'), ('12995', '1', '20', '1'), ('12996', '1', '258', '1'), ('12997', '1', '14', '1'), ('12998', '1', '134', '1'), ('12999', '1', '196', '1'), ('13000', '1', '215', '1'), ('13001', '1', '244', '1'), ('13002', '1', '245', '1'), ('13003', '1', '62', '1'), ('13004', '1', '135', '1'), ('13005', '1', '200', '1'), ('13006', '1', '202', '1'), ('13007', '1', '243', '1'), ('13008', '1', '246', '1'), ('13009', '1', '13', '1'), ('13010', '1', '71', '1'), ('13011', '1', '86', '1'), ('13012', '1', '87', '1'), ('13013', '1', '179', '1'), ('13014', '1', '204', '1'), ('13015', '1', '206', '1'), ('13016', '1', '63', '1'), ('13017', '1', '136', '1'), ('13018', '1', '218', '1'), ('13019', '1', '219', '1'), ('13020', '1', '242', '1'), ('13021', '1', '247', '1'), ('13022', '1', '9', '1'), ('13023', '1', '152', '1');
COMMIT;

-- ----------------------------
--  Table structure for `yunzhi_score`
-- ----------------------------
DROP TABLE IF EXISTS `yunzhi_score`;
CREATE TABLE `yunzhi_score` (
  `id` int(11) NOT NULL AUTO_INCREMENT COMMENT '分值表id',
  `user_id` int(11) unsigned NOT NULL DEFAULT 0 COMMENT '用户id',
  `project_id` int(11) unsigned NOT NULL DEFAULT 0 COMMENT '添加项目公共表id',
  `score_percent` int(11) unsigned NOT NULL DEFAULT 0 COMMENT '分值占比',
  `score` int(11) unsigned NOT NULL DEFAULT 0 COMMENT '分数（用户添加原始值）',
  PRIMARY KEY (`id`)
) ENGINE=InnoDB AUTO_INCREMENT=2883 DEFAULT CHARSET=utf8 ROW_FORMAT=COMPACT COMMENT='普通教工添加项目的分值表';

-- ----------------------------
--  Records of `yunzhi_score`
-- ----------------------------
BEGIN;
INSERT INTO `yunzhi_score` VALUES ('27', '108', '19', '10000', '100'), ('29', '108', '21', '10000', '100'), ('30', '110', '22', '10000', '100'), ('31', '116', '23', '10000', '100'), ('32', '116', '24', '10000', '100'), ('33', '116', '25', '10000', '100'), ('34', '116', '26', '10000', '100'), ('35', '116', '27', '10000', '100'), ('36', '116', '28', '10000', '100'), ('37', '116', '29', '10000', '100'), ('38', '94', '30', '10000', '100'), ('40', '73', '32', '10000', '100'), ('41', '109', '33', '0', '0'), ('44', '106', '36', '10000', '100'), ('46', '102', '38', '10000', '100'), ('48', '110', '40', '10000', '100'), ('51', '95', '43', '10000', '100'), ('54', '70', '45', '10000', '100'), ('56', '70', '47', '10000', '100'), ('58', '70', '49', '10000', '100'), ('61', '116', '52', '10000', '100'), ('62', '116', '53', '10000', '100'), ('63', '116', '54', '10000', '100'), ('64', '116', '55', '10000', '100'), ('67', '79', '57', '10000', '100'), ('68', '80', '58', '10000', '100'), ('75', '72', '64', '10000', '100'), ('92', '82', '74', '10000', '100'), ('93', '82', '75', '10000', '100'), ('94', '82', '76', '10000', '100'), ('95', '82', '77', '0', '0'), ('96', '86', '77', '10000', '100'), ('97', '82', '78', '10000', '100'), ('99', '106', '80', '10000', '100'), ('100', '106', '81', '10000', '100'), ('103', '50', '84', '10000', '100'), ('107', '81', '87', '10000', '100'), ('108', '81', '88', '10000', '100'), ('118', '85', '95', '10000', '100'), ('119', '85', '96', '10000', '100'), ('120', '51', '97', '6200', '62'), ('121', '39', '97', '500', '5'), ('122', '85', '97', '1500', '15'), ('123', '84', '97', '1500', '15'), ('124', '71', '98', '10000', '100'), ('125', '71', '99', '0', '0'), ('126', '69', '99', '0', '0'), ('128', '107', '101', '10000', '100'), ('132', '96', '105', '10000', '100'), ('133', '96', '106', '10000', '100'), ('134', '69', '107', '10000', '100'), ('135', '69', '108', '10000', '100'), ('136', '69', '109', '10000', '100'), ('139', '69', '112', '3000', '30'), ('140', '70', '112', '3000', '30'), ('141', '71', '112', '2000', '20'), ('142', '72', '112', '1000', '10'), ('143', '73', '112', '1000', '10'), ('144', '69', '113', '10000', '100'), ('145', '69', '114', '10000', '100'), ('146', '69', '115', '10000', '100'), ('147', '69', '116', '3000', '30'), ('148', '70', '116', '3000', '30'), ('149', '77', '116', '2000', '20'), ('150', '80', '116', '2000', '20'), ('152', '69', '118', '10000', '100'), ('153', '69', '119', '10000', '100'), ('154', '96', '120', '10000', '100'), ('159', '94', '124', '10000', '100'), ('182', '116', '136', '10000', '100'), ('195', '113', '143', '10000', '100'), ('196', '113', '144', '10000', '100'), ('206', '114', '68', '10000', '100'), ('207', '47', '68', '0', '0'), ('208', '108', '68', '0', '0'), ('216', '98', '153', '10000', '100'), ('219', '116', '135', '10000', '100'), ('228', '98', '155', '3000', '30'), ('229', '99', '155', '4000', '40'), ('230', '62', '155', '3000', '30'), ('231', '98', '156', '10000', '100'), ('232', '98', '157', '10000', '100'), ('233', '71', '149', '10000', '100'), ('234', '3', '149', '0', '0'), ('235', '71', '148', '10000', '100'), ('236', '69', '148', '0', '0'), ('238', '71', '159', '10000', '100'), ('239', '106', '160', '5000', '50'), ('240', '104', '160', '5000', '50'), ('244', '104', '162', '10000', '100'), ('245', '104', '161', '10000', '100'), ('248', '104', '164', '10000', '100'), ('250', '104', '163', '10000', '100'), ('267', '70', '167', '10000', '100'), ('268', '79', '177', '10000', '100'), ('269', '79', '178', '10000', '100'), ('271', '111', '142', '10000', '100'), ('274', '111', '179', '10000', '100'), ('275', '111', '102', '10000', '100'), ('276', '87', '180', '10000', '100'), ('287', '111', '184', '10000', '100'), ('301', '70', '190', '7600', '76'), ('302', '74', '190', '1200', '12'), ('303', '77', '190', '1200', '12'), ('304', '74', '191', '10000', '100'), ('305', '74', '192', '10000', '100'), ('307', '74', '194', '10000', '100'), ('312', '99', '197', '10000', '100'), ('314', '99', '198', '10000', '100'), ('318', '99', '200', '10000', '100'), ('321', '99', '201', '6700', '67'), ('322', '106', '201', '3300', '33'), ('323', '110', '196', '8000', '80'), ('324', '109', '196', '1000', '10'), ('325', '111', '196', '1000', '10'), ('326', '110', '199', '8000', '80'), ('327', '109', '199', '1000', '10'), ('328', '111', '199', '1000', '10'), ('336', '110', '202', '8000', '80'), ('337', '109', '202', '1000', '10'), ('338', '111', '202', '1000', '10'), ('339', '110', '203', '7000', '70'), ('340', '108', '203', '1000', '10'), ('341', '109', '203', '1000', '10'), ('342', '111', '203', '1000', '10'), ('345', '48', '206', '10000', '100'), ('352', '105', '209', '10000', '100'), ('353', '105', '210', '10000', '100'), ('354', '114', '211', '10000', '100'), ('358', '103', '213', '10000', '100'), ('362', '103', '212', '4000', '40'), ('363', '48', '212', '4000', '40'), ('364', '114', '212', '2000', '20'), ('367', '98', '215', '10000', '100'), ('368', '106', '216', '10000', '100'), ('369', '106', '217', '10000', '100'), ('377', '77', '222', '10000', '100'), ('379', '77', '220', '10000', '100'), ('380', '77', '221', '10000', '100'), ('382', '106', '226', '10000', '100'), ('386', '59', '229', '10000', '100'), ('387', '59', '230', '10000', '100'), ('388', '76', '166', '10000', '100'), ('389', '78', '166', '0', '0'), ('390', '76', '175', '10000', '100'), ('391', '76', '174', '10000', '100'), ('392', '76', '170', '10000', '100'), ('393', '59', '231', '10000', '100'), ('396', '62', '232', '4400', '44'), ('397', '104', '232', '2800', '28'), ('398', '101', '232', '1400', '14'), ('399', '98', '232', '1400', '14'), ('420', '62', '233', '4200', '42'), ('421', '104', '233', '2800', '28'), ('422', '101', '233', '1500', '15'), ('423', '98', '233', '1500', '15'), ('457', '62', '235', '10000', '100'), ('458', '62', '236', '10000', '100'), ('460', '108', '237', '10000', '100'), ('461', '108', '238', '10000', '100'), ('462', '108', '239', '10000', '100'), ('463', '108', '240', '10000', '100'), ('465', '108', '242', '10000', '100'), ('466', '108', '243', '10000', '100'), ('467', '108', '244', '10000', '100'), ('468', '108', '245', '10000', '100'), ('469', '108', '246', '10000', '100'), ('470', '105', '247', '10000', '100'), ('472', '110', '249', '10000', '100'), ('473', '96', '250', '10000', '100'), ('474', '96', '251', '10000', '100'), ('475', '69', '252', '10000', '100'), ('476', '110', '253', '10000', '100'), ('477', '110', '254', '10000', '100'), ('490', '103', '258', '6000', '60'), ('491', '73', '258', '4000', '40'), ('492', '103', '259', '10000', '100'), ('493', '78', '260', '10000', '100'), ('494', '78', '261', '10000', '100'), ('496', '78', '255', '10000', '100'), ('499', '82', '262', '0', '0'), ('500', '57', '262', '10000', '100'), ('501', '82', '263', '10000', '100'), ('502', '57', '264', '10000', '100'), ('503', '57', '265', '10000', '100'), ('504', '57', '266', '10000', '100'), ('506', '62', '267', '10000', '100'), ('508', '62', '268', '10000', '100'), ('526', '57', '269', '400', '4'), ('527', '107', '269', '1200', '12'), ('528', '69', '269', '800', '8'), ('529', '99', '269', '400', '4'), ('530', '62', '269', '400', '4'), ('531', '74', '269', '400', '4'), ('532', '70', '269', '400', '4'), ('533', '72', '269', '400', '4'), ('534', '81', '269', '800', '8'), ('535', '110', '269', '800', '8'), ('536', '3', '269', '400', '4'), ('537', '82', '269', '1200', '12'), ('538', '48', '269', '400', '4'), ('539', '80', '269', '400', '4'), ('540', '109', '269', '800', '8'), ('541', '98', '269', '400', '4'), ('542', '108', '269', '400', '4'), ('547', '57', '270', '2500', '25'), ('548', '62', '270', '2500', '25'), ('549', '70', '270', '2500', '25'), ('550', '110', '270', '2500', '25'), ('554', '62', '272', '10000', '100'), ('556', '62', '273', '10000', '100'), ('558', '62', '271', '10000', '100'), ('565', '62', '274', '1400', '14'), ('566', '96', '274', '1400', '14'), ('567', '107', '274', '1400', '14'), ('568', '70', '274', '2900', '29'), ('569', '87', '274', '1400', '14'), ('570', '57', '274', '1400', '14'), ('575', '107', '275', '5000', '50'), ('576', '108', '275', '2500', '25'), ('577', '109', '275', '1300', '13'), ('578', '78', '275', '1300', '13'), ('579', '110', '225', '10000', '100'), ('580', '110', '227', '10000', '100'), ('602', '90', '151', '5000', '50'), ('603', '116', '151', '1000', '10'), ('604', '52', '151', '4000', '40'), ('606', '79', '277', '10000', '100'), ('608', '114', '278', '10000', '100'), ('615', '57', '281', '10000', '100'), ('617', '57', '282', '10000', '100'), ('620', '57', '283', '10000', '100'), ('626', '57', '286', '10000', '100'), ('631', '75', '290', '10000', '100'), ('632', '75', '291', '10000', '100'), ('633', '80', '292', '10000', '100'), ('634', '80', '293', '10000', '100'), ('635', '110', '294', '10000', '100'), ('638', '91', '296', '10000', '100'), ('639', '91', '297', '10000', '100'), ('640', '91', '298', '10000', '100'), ('641', '75', '299', '10000', '100'), ('642', '81', '300', '10000', '100'), ('643', '81', '301', '10000', '100'), ('652', '76', '304', '10000', '100'), ('660', '71', '309', '10000', '100'), ('661', '71', '310', '10000', '100'), ('668', '71', '311', '10000', '100'), ('675', '71', '312', '10000', '100'), ('682', '71', '313', '10000', '100'), ('684', '57', '308', '0', '0'), ('685', '114', '308', '2000', '20'), ('686', '3', '308', '2000', '20'), ('687', '69', '308', '2000', '20'), ('688', '94', '308', '2000', '20'), ('689', '85', '308', '2000', '20'), ('696', '57', '315', '0', '0'), ('697', '3', '315', '2000', '20'), ('698', '87', '315', '2000', '20'), ('699', '90', '315', '2000', '20'), ('700', '48', '315', '2000', '20'), ('701', '81', '315', '2000', '20'), ('706', '57', '316', '4000', '40'), ('707', '51', '316', '2000', '20'), ('708', '81', '316', '2000', '20'), ('709', '109', '316', '2000', '20'), ('711', '57', '317', '10000', '100'), ('712', '57', '318', '10000', '100'), ('713', '71', '319', '10000', '100'), ('714', '71', '320', '10000', '100'), ('715', '71', '321', '10000', '100'), ('718', '110', '324', '10000', '100'), ('723', '94', '326', '10000', '100'), ('724', '94', '327', '10000', '100'), ('725', '94', '125', '10000', '100'), ('726', '69', '328', '10000', '100'), ('727', '69', '329', '10000', '100'), ('728', '74', '330', '10000', '100'), ('729', '87', '331', '10000', '100'), ('730', '87', '332', '10000', '100'), ('731', '87', '333', '10000', '100'), ('732', '87', '334', '10000', '100'), ('733', '87', '335', '10000', '100'), ('740', '59', '339', '10000', '100'), ('741', '59', '340', '10000', '100'), ('742', '59', '341', '10000', '100'), ('745', '76', '342', '10000', '100'), ('746', '76', '343', '10000', '100'), ('750', '74', '347', '10000', '100'), ('756', '111', '346', '10000', '100'), ('757', '111', '345', '10000', '100'), ('760', '72', '351', '10000', '100'), ('761', '72', '352', '10000', '100'), ('762', '96', '353', '10000', '100'), ('763', '96', '354', '10000', '100'), ('765', '109', '355', '10000', '100'), ('772', '111', '356', '8000', '80'), ('773', '108', '356', '1000', '10'), ('774', '109', '356', '1000', '10'), ('775', '114', '357', '10000', '100'), ('776', '114', '358', '10000', '100'), ('777', '114', '359', '10000', '100'), ('778', '103', '360', '10000', '100'), ('782', '77', '363', '10000', '100'), ('783', '77', '362', '10000', '100'), ('784', '77', '361', '10000', '100'), ('785', '100', '364', '10000', '100'), ('786', '100', '257', '6500', '65'), ('787', '75', '257', '3500', '35'), ('790', '98', '366', '10000', '100'), ('797', '100', '368', '10000', '100'), ('798', '102', '369', '10000', '100'), ('799', '102', '370', '10000', '100'), ('800', '70', '48', '10000', '100'), ('801', '100', '371', '10000', '100'), ('802', '102', '372', '10000', '100'), ('806', '70', '373', '10000', '100'), ('807', '70', '374', '10000', '100'), ('808', '70', '375', '10000', '100'), ('809', '70', '376', '10000', '100'), ('810', '70', '377', '10000', '100'), ('811', '107', '378', '10000', '100'), ('812', '107', '379', '10000', '100'), ('813', '107', '380', '10000', '100'), ('820', '109', '386', '10000', '100'), ('830', '107', '385', '10000', '100'), ('878', '109', '394', '10000', '100'), ('879', '109', '393', '10000', '100'), ('892', '103', '396', '10000', '100'), ('893', '103', '397', '10000', '100'), ('894', '105', '398', '10000', '100'), ('895', '105', '399', '10000', '100'), ('896', '105', '400', '10000', '100'), ('902', '73', '402', '10000', '100'), ('903', '73', '403', '10000', '100'), ('958', '48', '406', '10000', '100'), ('959', '94', '407', '10000', '100'), ('962', '93', '408', '500', '5'), ('963', '91', '408', '9500', '95'), ('967', '91', '411', '10000', '100'), ('969', '91', '413', '10000', '100'), ('970', '91', '414', '10000', '100'), ('971', '87', '415', '10000', '100'), ('972', '87', '416', '10000', '100'), ('974', '87', '418', '10000', '100'), ('975', '87', '419', '10000', '100'), ('976', '93', '420', '10000', '100'), ('977', '93', '421', '10000', '100'), ('979', '92', '423', '10000', '100'), ('980', '92', '424', '10000', '100'), ('981', '92', '425', '10000', '100'), ('987', '109', '401', '9300', '93'), ('988', '108', '401', '700', '7'), ('989', '110', '427', '10000', '100'), ('994', '109', '404', '5000', '50'), ('995', '62', '404', '1900', '19'), ('996', '107', '404', '1900', '19'), ('997', '111', '404', '1200', '12'), ('1010', '72', '428', '5500', '55'), ('1011', '112', '428', '4500', '45'), ('1015', '84', '430', '10000', '100'), ('1016', '84', '431', '10000', '100'), ('1017', '84', '432', '10000', '100'), ('1018', '84', '433', '10000', '100'), ('1019', '84', '434', '10000', '100'), ('1025', '84', '440', '10000', '100'), ('1028', '92', '436', '10000', '100'), ('1029', '70', '44', '10000', '100'), ('1030', '46', '44', '0', '0'), ('1031', '84', '441', '10000', '100'), ('1032', '78', '442', '10000', '100'), ('1033', '78', '443', '10000', '100'), ('1034', '78', '444', '10000', '100'), ('1035', '95', '445', '10000', '100'), ('1037', '109', '446', '10000', '100'), ('1038', '75', '289', '10000', '100'), ('1039', '75', '389', '10000', '100'), ('1040', '75', '388', '10000', '100'), ('1041', '75', '387', '10000', '100'), ('1042', '75', '322', '10000', '100'), ('1043', '92', '447', '1900', '19'), ('1044', '91', '447', '8100', '81'), ('1045', '3', '448', '10000', '100'), ('1046', '51', '91', '8500', '85'), ('1047', '3', '91', '1500', '15'), ('1057', '87', '181', '6000', '60'), ('1058', '83', '181', '4000', '40'), ('1059', '87', '182', '8000', '80'), ('1060', '78', '182', '2000', '20'), ('1061', '87', '183', '10000', '100'), ('1062', '87', '417', '10000', '100'), ('1072', '51', '185', '7000', '70'), ('1073', '85', '185', '1500', '15'), ('1074', '84', '185', '1500', '15'), ('1075', '82', '449', '10000', '100'), ('1078', '82', '452', '10000', '100'), ('1080', '82', '454', '10000', '100'), ('1085', '111', '455', '8000', '80'), ('1086', '80', '455', '2000', '20'), ('1099', '82', '453', '10000', '100'), ('1100', '82', '451', '10000', '100'), ('1101', '72', '348', '10000', '100'), ('1103', '72', '350', '10000', '100'), ('1104', '86', '456', '10000', '100'), ('1105', '86', '457', '10000', '100'), ('1128', '72', '367', '9400', '94'), ('1129', '57', '367', '200', '2'), ('1130', '94', '367', '200', '2'), ('1131', '78', '367', '200', '2'), ('1132', '90', '459', '10000', '100'), ('1135', '112', '426', '10000', '100'), ('1136', '57', '461', '10000', '100'), ('1137', '95', '131', '10000', '100'), ('1138', '96', '131', '0', '0'), ('1139', '95', '130', '0', '0'), ('1140', '96', '130', '0', '0'), ('1141', '50', '130', '10000', '100'), ('1142', '83', '462', '10000', '100'), ('1143', '51', '228', '10000', '100'), ('1144', '51', '187', '10000', '100'), ('1145', '88', '97', '300', '3'), ('1157', '59', '392', '2100', '21'), ('1158', '3', '392', '2100', '21'), ('1159', '101', '392', '400', '4'), ('1160', '83', '392', '400', '4'), ('1161', '69', '392', '700', '7'), ('1162', '74', '392', '700', '7'), ('1163', '52', '392', '700', '7'), ('1164', '50', '392', '700', '7'), ('1165', '98', '392', '700', '7'), ('1166', '104', '392', '1100', '11'), ('1167', '82', '392', '400', '4'), ('1174', '62', '234', '4800', '48'), ('1175', '101', '234', '4700', '47'), ('1176', '98', '234', '500', '5'), ('1178', '109', '463', '10000', '100'), ('1179', '106', '464', '10000', '100'), ('1180', '106', '465', '10000', '100'), ('1181', '106', '466', '10000', '100'), ('1182', '91', '467', '10000', '100'), ('1186', '77', '224', '10000', '100'), ('1187', '116', '468', '10000', '100'), ('1188', '116', '469', '10000', '100'), ('1189', '116', '470', '10000', '100'), ('1196', '69', '117', '5000', '50'), ('1197', '59', '117', '1000', '10'), ('1198', '57', '117', '1000', '10'), ('1199', '62', '117', '1000', '10'), ('1200', '71', '117', '1000', '10'), ('1201', '72', '117', '1000', '10'), ('1202', '69', '471', '10000', '100'), ('1203', '113', '472', '0', '0'), ('1204', '3', '472', '9', '0'), ('1205', '5', '472', '91', '0'), ('1209', '113', '474', '0', '0'), ('1210', '39', '474', '5000', '50'), ('1211', '5', '474', '5000', '50'), ('1220', '106', '479', '10000', '100'), ('1252', '106', '486', '6000', '300'), ('1253', '104', '486', '1000', '50'), ('1254', '62', '486', '2000', '100'), ('1255', '99', '486', '1000', '50'), ('1261', '106', '482', '8000', '80'), ('1262', '104', '482', '2000', '20'), ('1265', '106', '484', '10000', '100'), ('1267', '106', '487', '10000', '100'), ('1268', '106', '480', '10000', '100'), ('1272', '104', '490', '10000', '100'), ('1279', '104', '491', '5000', '50'), ('1280', '62', '491', '2000', '20'), ('1281', '103', '491', '1000', '10'), ('1282', '99', '491', '1000', '10'), ('1283', '111', '491', '1000', '10'), ('1287', '104', '494', '10000', '100'), ('1288', '104', '495', '10000', '100'), ('1289', '114', '496', '10000', '100'), ('1290', '114', '497', '10000', '100'), ('1292', '50', '498', '10000', '100'), ('1293', '50', '499', '10000', '100'), ('1298', '83', '503', '10000', '100'), ('1336', '106', '483', '3333', '100'), ('1337', '104', '483', '4833', '145'), ('1338', '111', '483', '1833', '55'), ('1339', '106', '478', '5000', '200'), ('1340', '104', '478', '3875', '155'), ('1341', '111', '478', '1125', '45'), ('1385', '82', '509', '10000', '100'), ('1393', '74', '512', '10000', '100'), ('1394', '74', '513', '10000', '100'), ('1395', '74', '514', '10000', '100'), ('1396', '74', '515', '10000', '100'), ('1397', '74', '516', '10000', '100'), ('1398', '74', '517', '10000', '100'), ('1408', '94', '523', '10000', '100'), ('1410', '94', '525', '10000', '100'), ('1411', '94', '526', '10000', '100'), ('1413', '94', '528', '10000', '100'), ('1425', '57', '529', '7300', '73'), ('1426', '59', '529', '2700', '27'), ('1436', '57', '534', '10000', '100'), ('1437', '57', '535', '10000', '100'), ('1438', '57', '536', '10000', '100'), ('1439', '57', '537', '10000', '100'), ('1440', '57', '538', '10000', '100'), ('1442', '82', '539', '10000', '100'), ('1443', '82', '540', '10000', '100'), ('1444', '82', '541', '10000', '100'), ('1445', '82', '542', '10000', '100'), ('1448', '83', '502', '10000', '100'), ('1450', '95', '545', '10000', '100'), ('1451', '96', '518', '8750', '70'), ('1452', '95', '518', '1250', '10'), ('1453', '95', '546', '10000', '100'), ('1456', '95', '549', '10000', '100'), ('1457', '95', '550', '10000', '100'), ('1458', '95', '551', '10000', '100'), ('1459', '95', '552', '10000', '100'), ('1460', '95', '548', '10000', '100'), ('1461', '95', '547', '10000', '100'), ('1462', '80', '553', '10000', '100'), ('1463', '80', '554', '10000', '100'), ('1481', '92', '522', '10000', '100'), ('1484', '92', '558', '10000', '100'), ('1485', '92', '557', '10000', '100'), ('1487', '73', '559', '10000', '100'), ('1489', '73', '561', '10000', '100'), ('1498', '73', '560', '10000', '100'), ('1505', '50', '505', '8400', '84'), ('1506', '103', '505', '1600', '16'), ('1507', '48', '505', '0', '0'), ('1514', '48', '504', '5600', '56'), ('1515', '114', '504', '4400', '44'), ('1518', '94', '524', '10000', '100'), ('1523', '52', '563', '7788', '88'), ('1524', '88', '563', '2212', '25'), ('1525', '52', '565', '10000', '100'), ('1533', '114', '570', '10000', '100'), ('1535', '114', '572', '10000', '100'), ('1536', '69', '573', '0', '0'), ('1539', '69', '575', '10000', '1'), ('1540', '71', '575', '0', '0'), ('1546', '69', '577', '10000', '100'), ('1548', '69', '579', '0', '0'), ('1549', '70', '579', '0', '0'), ('1550', '71', '579', '0', '0'), ('1551', '72', '579', '0', '0'), ('1552', '73', '579', '0', '0'), ('1564', '69', '582', '10000', '100'), ('1565', '69', '583', '10000', '100'), ('1580', '69', '584', '10000', '100'), ('1581', '69', '585', '10000', '100'), ('1604', '57', '533', '0', '0'), ('1605', '3', '533', '6000', '60'), ('1606', '48', '533', '4000', '40'), ('1612', '82', '588', '10000', '100'), ('1616', '82', '590', '10000', '100'), ('1617', '82', '591', '10000', '100'), ('1620', '69', '576', '6200', '310'), ('1621', '70', '576', '2000', '100'), ('1622', '71', '576', '600', '30'), ('1623', '94', '576', '600', '30'), ('1624', '73', '576', '600', '30'), ('1627', '69', '574', '10000', '1'), ('1628', '71', '574', '0', '0'), ('1629', '100', '589', '5000', '9'), ('1630', '75', '589', '2778', '5'), ('1631', '78', '589', '2222', '4'), ('1632', '78', '594', '10000', '100'), ('1633', '78', '595', '10000', '100'), ('1634', '78', '596', '10000', '100'), ('1635', '78', '597', '10000', '100'), ('1637', '78', '598', '10000', '100'), ('1638', '82', '593', '10000', '100'), ('1649', '82', '592', '10000', '100'), ('1650', '81', '608', '10000', '100'), ('1653', '72', '609', '10000', '100'), ('1678', '104', '493', '10000', '100'), ('1680', '104', '492', '10000', '100'), ('1681', '48', '612', '10000', '100'), ('1690', '96', '566', '10000', '100'), ('1691', '96', '568', '10000', '100'), ('1692', '96', '615', '10000', '100'), ('1693', '96', '569', '10000', '100'), ('1694', '96', '567', '10000', '100'), ('1695', '57', '532', '10000', '100'), ('1704', '72', '621', '10000', '100'), ('1705', '72', '620', '10000', '100'), ('1706', '72', '619', '10000', '100'), ('1707', '72', '618', '10000', '100'), ('1708', '72', '617', '10000', '100'), ('1709', '72', '616', '10000', '100'), ('1710', '94', '564', '10000', '100'), ('1711', '74', '587', '5000', '50'), ('1712', '70', '587', '2800', '28'), ('1713', '82', '587', '400', '4'), ('1714', '72', '587', '1000', '10'), ('1715', '3', '587', '400', '4'), ('1716', '71', '587', '400', '4'), ('1717', '74', '586', '5000', '50'), ('1718', '70', '586', '2800', '28'), ('1719', '82', '586', '400', '4'), ('1720', '72', '586', '1000', '10'), ('1721', '3', '586', '400', '4'), ('1722', '71', '586', '400', '4'), ('1723', '74', '578', '5000', '50'), ('1724', '70', '578', '2500', '25'), ('1725', '82', '578', '500', '5'), ('1726', '81', '578', '500', '5'), ('1727', '71', '578', '500', '5'), ('1728', '73', '578', '500', '5'), ('1729', '3', '578', '500', '5'), ('1730', '57', '531', '10000', '100'), ('1731', '57', '622', '10000', '100'), ('1732', '57', '530', '10000', '100'), ('1734', '57', '624', '10000', '100'), ('1743', '59', '625', '2500', '20'), ('1744', '71', '625', '2500', '20'), ('1745', '94', '625', '2500', '20'), ('1746', '72', '625', '2500', '20'), ('1747', '59', '626', '10000', '100'), ('1757', '59', '627', '1714', '120'), ('1758', '3', '627', '2857', '200'), ('1759', '104', '627', '1429', '100'), ('1760', '69', '627', '1429', '100'), ('1761', '98', '627', '857', '60'), ('1762', '82', '627', '429', '30'), ('1763', '50', '627', '429', '30'), ('1764', '74', '627', '429', '30'), ('1765', '52', '627', '429', '30'), ('1773', '95', '555', '3571', '35'), ('1774', '94', '555', '3571', '35'), ('1775', '96', '555', '2857', '28'), ('1776', '96', '556', '5102', '50'), ('1777', '95', '556', '4898', '48'), ('1779', '102', '628', '10000', '100'), ('1780', '102', '39', '10000', '100'), ('1781', '103', '629', '10000', '100'), ('1782', '84', '630', '10000', '100'), ('1784', '84', '631', '10000', '100'), ('1785', '84', '632', '10000', '100'), ('1797', '104', '641', '10000', '100'), ('1798', '62', '642', '10000', '100'), ('1799', '62', '643', '10000', '100'), ('1811', '62', '646', '5000', '50'), ('1812', '101', '646', '5000', '50'), ('1813', '62', '645', '3400', '34'), ('1814', '103', '645', '3300', '33'), ('1815', '98', '645', '3300', '33'), ('1816', '62', '647', '10000', '100'), ('1818', '62', '649', '10000', '100'), ('1819', '62', '650', '10000', '100'), ('1822', '98', '651', '10000', '100'), ('1825', '62', '652', '10000', '100'), ('1826', '69', '653', '10000', '100'), ('1827', '73', '562', '0', '0'), ('1828', '74', '562', '0', '0'), ('1829', '69', '562', '6000', '30'), ('1830', '103', '562', '4000', '20'), ('1831', '73', '654', '10000', '100'), ('1832', '87', '655', '10000', '100'), ('1849', '107', '658', '10000', '100'), ('1860', '57', '623', '10000', '100'), ('1861', '107', '663', '5000', '50'), ('1862', '104', '663', '5000', '50'), ('1863', '51', '660', '10000', '100'), ('1868', '107', '667', '10000', '100'), ('1871', '107', '669', '10000', '100'), ('1872', '3', '661', '1500', '15'), ('1873', '94', '661', '1500', '15'), ('1874', '105', '661', '1000', '10'), ('1875', '107', '661', '6000', '60'), ('1876', '107', '662', '6000', '60'), ('1877', '3', '662', '1500', '15'), ('1878', '94', '662', '1500', '15'), ('1879', '105', '662', '1000', '10'), ('1880', '107', '668', '10000', '100'), ('1906', '72', '674', '10000', '100'), ('1907', '51', '664', '4800', '48'), ('1908', '57', '664', '5200', '52'), ('1909', '90', '675', '10000', '100'), ('1910', '90', '676', '10000', '100'), ('1911', '90', '677', '10000', '100'), ('1913', '81', '610', '10000', '100'), ('1918', '90', '678', '10000', '100'), ('1919', '111', '680', '10000', '100'), ('1921', '111', '681', '10000', '100'), ('1925', '111', '682', '10000', '100'), ('1927', '111', '686', '10000', '100'), ('1929', '114', '571', '10000', '100'), ('1930', '114', '687', '10000', '100'), ('1931', '48', '614', '10000', '100'), ('1932', '48', '688', '10000', '100'), ('1943', '108', '692', '7500', '75'), ('1944', '105', '692', '2500', '25'), ('2353', '109', '520', '10000', '100'), ('2363', '109', '519', '10000', '100'), ('2366', '75', '709', '10000', '100'), ('2367', '75', '710', '10000', '100'), ('2368', '92', '422', '10000', '100'), ('2372', '77', '714', '10000', '100'), ('2373', '77', '715', '10000', '100'), ('2374', '77', '713', '10000', '100'), ('2375', '77', '712', '10000', '100'), ('2376', '77', '711', '10000', '100'), ('2377', '77', '716', '10000', '100'), ('2383', '101', '543', '10000', '100'), ('2395', '101', '544', '10000', '100'), ('2396', '82', '506', '0', '0'), ('2397', '85', '506', '1016', '25'), ('2398', '83', '506', '2033', '50'), ('2399', '84', '506', '1016', '25'), ('2400', '94', '506', '1016', '25'), ('2401', '90', '506', '1016', '25'), ('2402', '105', '506', '1016', '25'), ('2403', '87', '506', '447', '11'), ('2404', '81', '506', '1016', '25'), ('2405', '109', '506', '1220', '30'), ('2406', '95', '506', '203', '5'), ('2407', '82', '511', '10000', '100'), ('2408', '86', '510', '1000', '10'), ('2409', '82', '510', '9000', '90'), ('2410', '82', '508', '10000', '100'), ('2411', '82', '507', '0', '0'), ('2412', '51', '507', '10000', '100'), ('2426', '108', '696', '5200', '52'), ('2427', '3', '696', '400', '4'), ('2428', '57', '696', '400', '4'), ('2429', '59', '696', '400', '4'), ('2430', '62', '696', '400', '4'), ('2431', '85', '696', '400', '4'), ('2432', '98', '696', '400', '4'), ('2433', '99', '696', '400', '4'), ('2434', '103', '696', '400', '4'), ('2435', '104', '696', '400', '4'), ('2436', '105', '696', '400', '4'), ('2437', '107', '696', '400', '4'), ('2438', '109', '696', '400', '4'), ('2439', '3', '697', '1200', '12'), ('2440', '57', '697', '400', '4'), ('2441', '59', '697', '400', '4'), ('2442', '62', '697', '400', '4'), ('2443', '85', '697', '1200', '12'), ('2444', '98', '697', '400', '4'), ('2445', '99', '697', '400', '4'), ('2446', '103', '697', '1200', '12'), ('2447', '104', '697', '1200', '12'), ('2448', '105', '697', '400', '4'), ('2449', '107', '697', '400', '4'), ('2450', '108', '697', '1200', '12'), ('2451', '109', '697', '1200', '12'), ('2452', '108', '698', '10000', '100'), ('2455', '108', '721', '7500', '75'), ('2456', '105', '721', '2500', '25'), ('2458', '87', '723', '10000', '100'), ('2459', '103', '724', '10000', '100'), ('2460', '103', '725', '10000', '100'), ('2461', '86', '722', '10000', '100'), ('2462', '86', '726', '10000', '100'), ('2463', '95', '727', '10000', '100'), ('2464', '92', '728', '10000', '100'), ('2467', '111', '720', '10000', '100'), ('2468', '111', '685', '10000', '100'), ('2471', '111', '679', '8333', '5'), ('2472', '80', '679', '1667', '1'), ('2484', '105', '737', '10000', '100'), ('2485', '105', '738', '10000', '100'), ('2486', '105', '739', '10000', '100'), ('2487', '105', '740', '10000', '100'), ('2489', '85', '741', '10000', '100'), ('2490', '85', '477', '10000', '100'), ('2491', '85', '665', '10000', '100'), ('2492', '110', '638', '10000', '100'), ('2493', '110', '637', '10000', '100'), ('2494', '110', '639', '10000', '100'), ('2495', '110', '707', '10000', '100'), ('2496', '81', '611', '10000', '100'), ('2497', '110', '634', '10000', '100'), ('2498', '110', '633', '10000', '100'), ('2499', '110', '640', '10000', '100'), ('2500', '110', '636', '10000', '100'), ('2501', '110', '708', '10000', '100'), ('2502', '110', '635', '10000', '100'), ('2503', '110', '705', '10000', '100'), ('2504', '110', '706', '10000', '100'), ('2505', '110', '717', '10000', '100'), ('2507', '85', '742', '10000', '100'), ('2508', '48', '743', '10000', '100'), ('2509', '95', '744', '10000', '100'), ('2510', '81', '745', '10000', '100'), ('2511', '50', '746', '10000', '100'), ('2512', '88', '747', '10000', '100'), ('2515', '111', '748', '10000', '100'), ('2516', '103', '749', '10000', '100'), ('2517', '80', '750', '10000', '100'), ('2518', '110', '751', '10000', '100'), ('2519', '102', '752', '10000', '100'), ('2520', '102', '753', '10000', '100'), ('2521', '102', '754', '10000', '100'), ('2522', '102', '755', '10000', '100'), ('2524', '98', '757', '10000', '100'), ('2525', '109', '758', '10000', '100'), ('2526', '98', '759', '10000', '100'), ('2527', '109', '521', '10000', '100'), ('2532', '98', '762', '10000', '100'), ('2533', '72', '763', '10000', '100'), ('2538', '101', '760', '10000', '100'), ('2539', '101', '756', '10000', '100'), ('2547', '74', '767', '10000', '100'), ('2548', '102', '768', '10000', '100'), ('2597', '114', '772', '10000', '100'), ('2598', '109', '765', '10000', '100'), ('2599', '116', '773', '10000', '100'), ('2600', '109', '774', '10000', '100'), ('2601', '84', '775', '10000', '100'), ('2604', '116', '776', '5714', '40'), ('2605', '90', '776', '4286', '30'), ('2614', '116', '764', '7500', '30'), ('2615', '90', '764', '1250', '5'), ('2616', '85', '764', '1250', '5'), ('2617', '116', '761', '7500', '60'), ('2618', '90', '761', '1250', '10'), ('2619', '85', '761', '1250', '10'), ('2620', '116', '771', '10000', '100'), ('2621', '116', '766', '10000', '100'), ('2622', '106', '777', '10000', '100'), ('2623', '108', '778', '10000', '100'), ('2624', '96', '779', '10000', '100'), ('2625', '108', '703', '10000', '100'), ('2626', '108', '702', '10000', '100'), ('2627', '108', '701', '10000', '100'), ('2628', '108', '700', '10000', '100'), ('2629', '108', '699', '10000', '100'), ('2630', '96', '780', '10000', '100'), ('2634', '96', '782', '10000', '100'), ('2644', '83', '783', '10000', '100'), ('2647', '116', '785', '10000', '100'), ('2648', '87', '786', '10000', '100'), ('2650', '87', '788', '10000', '100'), ('2651', '87', '789', '10000', '100'), ('2659', '74', '790', '5000', '50'), ('2660', '70', '790', '2000', '20'), ('2661', '82', '790', '500', '5'), ('2662', '81', '790', '1000', '10'), ('2663', '71', '790', '500', '5'), ('2664', '73', '790', '500', '5'), ('2665', '3', '790', '500', '5'), ('2672', '94', '795', '10000', '100'), ('2673', '86', '796', '10000', '100'), ('2674', '75', '797', '10000', '100'), ('2675', '75', '798', '10000', '100'), ('2676', '79', '600', '10000', '100'), ('2677', '79', '607', '10000', '100'), ('2678', '79', '606', '10000', '100'), ('2679', '79', '603', '10000', '100'), ('2680', '79', '602', '10000', '100'), ('2683', '79', '799', '10000', '100'), ('2686', '79', '605', '10000', '100'), ('2687', '79', '604', '10000', '100'), ('2688', '116', '770', '9500', '380'), ('2689', '90', '770', '500', '20'), ('2690', '79', '800', '10000', '100'), ('2691', '79', '801', '10000', '100'), ('2692', '79', '802', '10000', '100'), ('2693', '79', '803', '10000', '100'), ('2699', '116', '769', '9000', '180'), ('2700', '77', '769', '250', '5'), ('2701', '90', '769', '250', '5'), ('2702', '85', '769', '250', '5'), ('2703', '84', '769', '250', '5'), ('2709', '71', '670', '10000', '100'), ('2710', '77', '805', '10000', '100'), ('2711', '71', '794', '10000', '100'), ('2712', '71', '793', '10000', '100'), ('2713', '71', '792', '10000', '100'), ('2714', '77', '806', '10000', '100'), ('2715', '71', '671', '10000', '100'), ('2716', '71', '791', '10000', '100'), ('2717', '77', '807', '10000', '100'), ('2718', '79', '804', '4000', '40'), ('2719', '73', '804', '2000', '20'), ('2720', '71', '804', '2000', '20'), ('2721', '78', '804', '1000', '10'), ('2722', '74', '804', '1000', '10'), ('2723', '77', '808', '10000', '100'), ('2724', '104', '809', '10000', '100'), ('2725', '104', '810', '10000', '100'), ('2726', '77', '811', '10000', '100'), ('2728', '104', '812', '10000', '100'), ('2744', '70', '817', '10000', '100'), ('2745', '70', '818', '10000', '100'), ('2746', '70', '819', '10000', '100'), ('2748', '70', '820', '10000', '100'), ('2749', '52', '821', '10000', '100'), ('2751', '73', '822', '10000', '100'), ('2753', '73', '823', '10000', '100'), ('2754', '52', '824', '10000', '100'), ('2755', '52', '825', '10000', '100'), ('2756', '52', '826', '10000', '100'), ('2757', '3', '827', '10000', '100'), ('2759', '107', '666', '10000', '100'), ('2760', '107', '828', '10000', '100'), ('2761', '78', '829', '10000', '100'), ('2762', '69', '830', '10000', '100'), ('2763', '69', '831', '10000', '100'), ('2764', '78', '832', '10000', '100'), ('2770', '82', '834', '10000', '100'), ('2779', '91', '731', '5000', '50'), ('2780', '87', '731', '5000', '50'), ('2781', '91', '732', '10000', '100'), ('2782', '91', '736', '10000', '100'), ('2783', '91', '735', '10000', '100'), ('2784', '91', '734', '10000', '100'), ('2785', '91', '733', '10000', '100'), ('2787', '91', '836', '10000', '100'), ('2789', '88', '837', '10000', '100'), ('2790', '85', '781', '7500', '30'), ('2791', '84', '781', '1250', '5'), ('2792', '90', '781', '1250', '5'), ('2793', '52', '838', '10000', '100'), ('2796', '91', '839', '5000', '50'), ('2797', '87', '839', '5000', '50'), ('2799', '51', '840', '10000', '100'), ('2800', '92', '841', '10000', '100'), ('2806', '99', '843', '10000', '100'), ('2808', '99', '844', '10000', '100'), ('2809', '99', '845', '10000', '100'), ('2810', '99', '842', '7500', '3'), ('2811', '106', '842', '2500', '1'), ('2813', '62', '644', '10000', '100'), ('2814', '62', '846', '10000', '100'), ('2815', '62', '648', '10000', '100'), ('2816', '62', '673', '2000', '20'), ('2817', '110', '673', '2000', '20'), ('2818', '107', '673', '2000', '20'), ('2819', '57', '673', '2000', '20'), ('2820', '109', '673', '2000', '20'), ('2827', '62', '656', '0', '0'), ('2828', '70', '656', '2000', '20'), ('2829', '86', '656', '1500', '15'), ('2830', '82', '656', '3000', '30'), ('2831', '51', '656', '1500', '15'), ('2832', '110', '656', '2000', '20'), ('2833', '75', '847', '10000', '100'), ('2834', '75', '848', '10000', '100'), ('2839', '70', '835', '4231', '11'), ('2840', '71', '835', '1923', '5'), ('2841', '77', '835', '1923', '5'), ('2842', '78', '835', '1923', '5'), ('2843', '90', '849', '0', '0'), ('2844', '116', '849', '10000', '50'), ('2845', '59', '850', '10000', '100'), ('2846', '100', '851', '10000', '100'), ('2847', '90', '852', '10000', '100'), ('2848', '69', '580', '2000', '40'), ('2849', '70', '580', '2000', '40'), ('2850', '71', '580', '2000', '40'), ('2851', '72', '580', '2000', '40'), ('2852', '73', '580', '2000', '40'), ('2853', '69', '581', '2000', '20'), ('2854', '70', '581', '2000', '20'), ('2855', '71', '581', '2000', '20'), ('2856', '72', '581', '2000', '20'), ('2857', '73', '581', '2000', '20'), ('2860', '48', '613', '10000', '100'), ('2861', '105', '853', '10000', '100'), ('2862', '3', '854', '1000', '10'), ('2863', '104', '854', '1000', '10'), ('2864', '110', '854', '1000', '10'), ('2865', '111', '854', '1000', '10'), ('2866', '105', '854', '1000', '10'), ('2867', '106', '854', '1000', '10'), ('2868', '59', '854', '1000', '10'), ('2869', '107', '854', '1000', '10'), ('2870', '108', '854', '1000', '10'), ('2871', '46', '854', '1000', '10'), ('2872', '70', '815', '3924', '62'), ('2873', '71', '815', '2025', '32'), ('2874', '77', '815', '2025', '32'), ('2875', '78', '815', '2025', '32'), ('2876', '70', '813', '5000', '250'), ('2877', '71', '813', '1680', '84'), ('2878', '77', '813', '1660', '83'), ('2879', '78', '813', '1660', '83'), ('2880', '113', '855', '10000', '100'), ('2881', '113', '856', '0', '0'), ('2882', '3', '856', '10000', '100');
COMMIT;

-- ----------------------------
--  Table structure for `yunzhi_task`
-- ----------------------------
DROP TABLE IF EXISTS `yunzhi_task`;
CREATE TABLE `yunzhi_task` (
  `id` int(10) unsigned NOT NULL AUTO_INCREMENT,
  `user_id` int(10) unsigned DEFAULT 0 COMMENT '用户ID',
  `cycle_id` int(10) unsigned DEFAULT 0 COMMENT '周期ID',
  `value` int(10) unsigned DEFAULT 0 COMMENT '任务量',
  `type` varchar(50) DEFAULT '' COMMENT '类型：基础教学、基础科研、岗位科研、岗位服务育人',
  `time` int(10) unsigned DEFAULT 0 COMMENT '更新添加时间',
  PRIMARY KEY (`id`)
) ENGINE=InnoDB DEFAULT CHARSET=utf8 ROW_FORMAT=COMPACT;

-- ----------------------------
--  Table structure for `yunzhi_user`
-- ----------------------------
DROP TABLE IF EXISTS `yunzhi_user`;
CREATE TABLE `yunzhi_user` (
  `id` int(10) unsigned NOT NULL AUTO_INCREMENT COMMENT '教工id',
  `username` varchar(100) NOT NULL COMMENT '用户名',
  `password` varchar(100) NOT NULL DEFAULT 'abc123456' COMMENT '用户登陆密码',
  `name` varchar(100) NOT NULL COMMENT '教工姓名',
  `email` varchar(100) NOT NULL COMMENT '教工邮箱，用来重置密码',
  `state` int(2) unsigned NOT NULL DEFAULT 1 COMMENT '用户状态，1表示正常，0表示禁用',
  `phone` varchar(100) NOT NULL DEFAULT '0' COMMENT '电话号码',
  PRIMARY KEY (`id`)
) ENGINE=InnoDB AUTO_INCREMENT=119 DEFAULT CHARSET=utf8 ROW_FORMAT=COMPACT;

-- ----------------------------
--  Records of `yunzhi_user`
-- ----------------------------
BEGIN;
INSERT INTO `yunzhi_user` VALUES ('3', 'fuqiang', 'db8d6a82dcb873130b1e406a0889acfa98965fb7', '付强', 'fuqiang_23@163.com', '1', '15020790913'), ('5', 'panjie', 'dac9e4f7918f2af5f81c3187d3987a0ddf8e69c3', '潘杰', '111@11.com', '1', '18812669569'), ('39', 'guoqi', 'db8d6a82dcb873130b1e406a0889acfa98965fb7', '郭奇', 'gqi8898@qq.com', '1', '0'), ('45', 'linan', 'db8d6a82dcb873130b1e406a0889acfa98965fb7', '李楠', 'linan_90830@163.com', '1', '0'), ('46', 'niuqian', 'db8d6a82dcb873130b1e406a0889acfa98965fb7', '牛芊', 'niuqian321@126.com', '1', '0'), ('47', 'zoujianyong', 'db8d6a82dcb873130b1e406a0889acfa98965fb7', '邹建勇', 'zoujianyong1972@163.com', '1', '0'), ('48', 'suijie', 'db8d6a82dcb873130b1e406a0889acfa98965fb7', '隋杰', 'Suijie0625@126.com', '1', '15922013779'), ('50', 'sunjing', 'db8d6a82dcb873130b1e406a0889acfa98965fb7', '孙静', 'tssunjing@163.com', '1', '0'), ('51', 'qixugao', 'db8d6a82dcb873130b1e406a0889acfa98965fb7', '齐旭高', 'td_leo@163.com', '1', '0'), ('52', 'chenshuwei', '6d5ded854f041bf23bd98fd12c846867894a3a98', '陈淑伟', 'csw7311@163.com', '1', '18822089208'), ('53', 'liuyanjun', 'db8d6a82dcb873130b1e406a0889acfa98965fb7', '刘妍君', 'liuyanjunmiaomiao@163.com', '1', '0'), ('57', 'zhaolihua', 'db8d6a82dcb873130b1e406a0889acfa98965fb7', '赵丽华', 'zhaoyue1025@163.com', '1', '0'), ('58', 'chengzhong', 'db8d6a82dcb873130b1e406a0889acfa98965fb7', '程中', 'chzh385@163.com', '1', '0'), ('59', 'zhanglianzhou', 'db8d6a82dcb873130b1e406a0889acfa98965fb7', '张炼周', 'zlz814@126.com', '1', '0'), ('62', 'qilili', 'f3777b4e79cba45feff224555e810b52cf0b93c8', '齐莉丽', 'qiliru@sina.com', '1', '13502133409'), ('63', 'yujianxia', 'db8d6a82dcb873130b1e406a0889acfa98965fb7', '于建霞', 'yujianxia230@163.com', '1', '0'), ('64', 'liujie', 'db8d6a82dcb873130b1e406a0889acfa98965fb7', '刘洁', 'liujie1506@163.com', '1', '0'), ('65', 'hanaiping', 'db8d6a82dcb873130b1e406a0889acfa98965fb7', '韩爱平', 'hanaiping520@126.com', '1', '0'), ('66', 'wangyiwen', 'db8d6a82dcb873130b1e406a0889acfa98965fb7', '王怡雯', 'yiwenmllt@sina.com', '1', '0'), ('67', 'wangna', 'db8d6a82dcb873130b1e406a0889acfa98965fb7', '王娜', 'wangna19871217@163.com', '1', '0'), ('68', 'zhuqiang', 'db8d6a82dcb873130b1e406a0889acfa98965fb7', '朱强', 'zhuqiang06@126.com', '1', '0'), ('69', 'dongshugong', '006b0d46ce1b30e8d803438de5f20bcbbcce02bd', '董树功', 'dongsg1118@163.com', '1', '15902282242'), ('70', 'sunkena', 'db8d6a82dcb873130b1e406a0889acfa98965fb7', '孙可娜', 'sun2834@163.com', '1', '0'), ('71', 'leihaibo', 'db8d6a82dcb873130b1e406a0889acfa98965fb7', '雷海波', 'yutian_lei@126.com', '1', '0'), ('72', 'nidongming', 'db8d6a82dcb873130b1e406a0889acfa98965fb7', '倪东明', 'nidongming25@163.com', '1', '18202688325'), ('73', 'gaolin', 'db8d6a82dcb873130b1e406a0889acfa98965fb7', '高林', 'kollenfree@126.com', '1', '0'), ('74', 'wuweidi', '44a4fd0db09f5aa128f76743e29b5b6bb83676b2', '吴纬地', 'weidiwu@163.com', '1', '13920833757'), ('75', 'duanxixian', 'db8d6a82dcb873130b1e406a0889acfa98965fb7', '段习贤', 'elephann@163.com', '1', '13682089325'), ('76', 'lixiuhong', 'db8d6a82dcb873130b1e406a0889acfa98965fb7', '李秀红', 'limingzhu3@sina.com', '1', '0'), ('77', 'liuna', 'db8d6a82dcb873130b1e406a0889acfa98965fb7', '刘娜', 'liuna820212@163.com', '1', '0'), ('78', 'liulunbin', '67db985fd064a3b2407c85c97bb2ec46bfa3d557', '刘伦斌', 'LLB767@163.com', '1', '13662144383'), ('79', 'wangxuexin', 'db8d6a82dcb873130b1e406a0889acfa98965fb7', '王学信', 'xxwang5@163.com', '1', '0'), ('80', 'fengfei', 'db8d6a82dcb873130b1e406a0889acfa98965fb7', '冯菲', 'fengfeink@126.com', '1', '0'), ('81', 'wangliping', '8fb407985b65b0bcb695d484ecba46482a391632', '王力平', 'wangpeng0630@sina.com', '1', '15922191935'), ('82', 'yangyong', 'db8d6a82dcb873130b1e406a0889acfa98965fb7', '杨勇', 'yangyong1080@126.com', '1', '13652162157'), ('83', 'zhangnan', 'db8d6a82dcb873130b1e406a0889acfa98965fb7', '张楠', 'stephanie0504@163.com', '1', '0'), ('84', 'caojie', 'db8d6a82dcb873130b1e406a0889acfa98965fb7', '曹洁', '83118420@qq.com', '1', '0'), ('85', 'yanyan', 'db8d6a82dcb873130b1e406a0889acfa98965fb7', '闫妍', 'lucky.yanyan@163.com', '1', '0'), ('86', 'zhaoming', 'db8d6a82dcb873130b1e406a0889acfa98965fb7', '赵铭', 'zhaoming0898@126.com', '1', '13821184544'), ('87', 'zhangxujun', 'db8d6a82dcb873130b1e406a0889acfa98965fb7', '张旭军', 'zhangxujun0453@163.com', '1', '0'), ('88', 'liuliguo', 'db8d6a82dcb873130b1e406a0889acfa98965fb7', '刘立国', 'ateacher@126.com', '1', '0'), ('90', 'liwei', 'db8d6a82dcb873130b1e406a0889acfa98965fb7', '李薇', 'liweivera@163.com', '1', '0'), ('91', 'libaoliang', 'db8d6a82dcb873130b1e406a0889acfa98965fb7', '李宝梁', 'Baolee97@126.com', '1', '0'), ('92', 'fengguangdi', 'db8d6a82dcb873130b1e406a0889acfa98965fb7', '冯光娣', '1315211907@qq.com', '1', '0'), ('93', 'zhanghongyan', 'db8d6a82dcb873130b1e406a0889acfa98965fb7', '张洪艳', 'zhy19710705@126.com', '1', '0'), ('94', 'hujuan', 'db8d6a82dcb873130b1e406a0889acfa98965fb7', '胡娟', 'hjhj0506@163.com', '1', '15822346228'), ('95', 'lihui', 'db8d6a82dcb873130b1e406a0889acfa98965fb7', '李慧', 'lihuimba@163.com', '1', '13820718669'), ('96', 'linyongchun', 'db8d6a82dcb873130b1e406a0889acfa98965fb7', '林永春', 'lych1964@126.com', '1', '0'), ('98', 'guoyuehong', 'db8d6a82dcb873130b1e406a0889acfa98965fb7', '郭悦红', 'hhguo0520@126.com', '1', '0'), ('99', 'zhongcongyou', 'c5e4bdc50e949e8db5fd3d11892d36020ddb1223', '仲丛友', 'Cyzh3639@163.com', '1', '13702133890'), ('100', 'liqing', 'db8d6a82dcb873130b1e406a0889acfa98965fb7', '李清', 'mailliqing@126.com', '1', '0'), ('101', 'dongxianghe', 'db8d6a82dcb873130b1e406a0889acfa98965fb7', '董祥和', 'dxh1031dxh@163.com', '1', '11111111111'), ('102', 'guoyufeng', 'db8d6a82dcb873130b1e406a0889acfa98965fb7', '郭宇峰', 'gyfeng23@163.com', '1', '0'), ('103', 'zhangbo', 'db8d6a82dcb873130b1e406a0889acfa98965fb7', '张波', '9431717@qq.com', '1', '0'), ('104', 'zhaixidong', '054f89a88b481673ef28c57d5539abf58ecccf8b', '翟希东', 'zhxd75@163.com', '1', '13752001218'), ('105', 'shihonghao', '7884ff273e7e1c1d1e1d1f411962a897de8bb0ab', '时洪浩', 'tjwuliu08@sina.com', '1', '13512410716'), ('106', 'chenxue', 'fbc3b0e99f4872d0e92d734d47179b5108779a10', '陈雪', 'nksnow@163.com', '1', '13820635795'), ('107', 'haohai', 'db8d6a82dcb873130b1e406a0889acfa98965fb7', '郝海', 'haohai9309@163.com', '1', '0'), ('108', 'cuixiaodi', 'db8d6a82dcb873130b1e406a0889acfa98965fb7', '崔晓迪', 'xiaodicui@163.com', '1', '15122669726'), ('109', 'lijing', 'e279e02360fcc33d70db6c32c23454bb466e2d55', '李静', 'lijingjing@live.com', '1', '15922127251'), ('110', 'guqiaolun', '32be0b719612e31246dfca46a8e2ed3823ba0dbc', '顾巧论', 'tjguqiaolun@sohu.com', '1', '11111111111'), ('111', 'hourujing', '3ca4e90b36ce5dd860e54660881e22a63430c939', '侯如靖', 'hrj_yy99@163.com', '1', '13821026221'), ('112', 'wangguangdi', 'db8d6a82dcb873130b1e406a0889acfa98965fb7', '王光第', 'wgd1680@sina.com', '1', '0'), ('113', 'panruimin', 'db8d6a82dcb873130b1e406a0889acfa98965fb7', '潘瑞民', '3792535@qq.com', '1', '0'), ('114', 'donglinqian', 'db8d6a82dcb873130b1e406a0889acfa98965fb7', '董磷茜', 'xamdlq@sina.com', '1', '0'), ('115', 'hanjuan', 'db8d6a82dcb873130b1e406a0889acfa98965fb7', '韩涓', 'hbhhj1960@126.com', '1', '0'), ('116', 'zhangxueying', 'db8d6a82dcb873130b1e406a0889acfa98965fb7', '张学英', 'zxyeee@126.com', '1', '13752040581'), ('118', 'zhumengfan', 'db8d6a82dcb873130b1e406a0889acfa98965fb7', '主孟凡', '12@sdf.com', '1', '0');
COMMIT;

-- ----------------------------
--  Table structure for `yunzhi_user_department_post`
-- ----------------------------
DROP TABLE IF EXISTS `yunzhi_user_department_post`;
CREATE TABLE `yunzhi_user_department_post` (
  `id` int(10) unsigned NOT NULL AUTO_INCREMENT COMMENT '编号',
  `user_id` int(10) unsigned DEFAULT NULL COMMENT '教工id',
  `department_post_id` int(10) unsigned DEFAULT NULL COMMENT '部门-岗位id',
  `state` int(2) unsigned DEFAULT 1 COMMENT '状态，1代表正常，0表示冻结',
  PRIMARY KEY (`id`)
) ENGINE=InnoDB AUTO_INCREMENT=153 DEFAULT CHARSET=utf8 ROW_FORMAT=COMPACT;

-- ----------------------------
--  Records of `yunzhi_user_department_post`
-- ----------------------------
BEGIN;
INSERT INTO `yunzhi_user_department_post` VALUES ('14', '3', '116', '1'), ('15', '3', '133', '1'), ('51', '39', '117', '1'), ('59', '48', '147', '1'), ('60', '50', '146', '1'), ('61', '51', '149', '1'), ('63', '52', '152', '1'), ('65', '47', '153', '1'), ('67', '57', '154', '1'), ('68', '58', '155', '1'), ('69', '59', '156', '1'), ('71', '45', '150', '1'), ('72', '46', '150', '1'), ('73', '53', '138', '1'), ('74', '115', '138', '1'), ('75', '62', '157', '1'), ('76', '63', '138', '1'), ('77', '64', '138', '1'), ('78', '65', '138', '1'), ('79', '66', '138', '1'), ('80', '67', '138', '1'), ('81', '68', '138', '1'), ('83', '70', '160', '1'), ('84', '71', '160', '1'), ('86', '69', '160', '1'), ('88', '72', '160', '1'), ('89', '73', '160', '1'), ('90', '74', '164', '1'), ('92', '77', '164', '1'), ('93', '76', '164', '1'), ('94', '75', '164', '1'), ('95', '78', '164', '1'), ('96', '79', '164', '1'), ('97', '80', '164', '1'), ('98', '81', '164', '1'), ('99', '82', '149', '1'), ('100', '83', '149', '1'), ('101', '84', '149', '1'), ('102', '85', '149', '1'), ('103', '86', '149', '1'), ('104', '87', '149', '1'), ('105', '88', '152', '1'), ('106', '90', '152', '1'), ('107', '91', '152', '1'), ('108', '92', '152', '1'), ('109', '93', '152', '1'), ('110', '94', '147', '1'), ('111', '95', '147', '1'), ('112', '96', '147', '1'), ('113', '98', '166', '1'), ('114', '99', '166', '1'), ('115', '100', '166', '1'), ('116', '101', '166', '1'), ('117', '102', '166', '1'), ('118', '103', '166', '1'), ('119', '104', '133', '1'), ('120', '105', '133', '1'), ('121', '106', '133', '1'), ('122', '107', '133', '1'), ('123', '108', '133', '1'), ('124', '109', '133', '1'), ('125', '110', '133', '1'), ('126', '111', '133', '1'), ('128', '112', '117', '1'), ('129', '113', '117', '1'), ('130', '114', '147', '1'), ('132', '50', '147', '1'), ('133', '69', '159', '1'), ('134', '74', '165', '1'), ('135', '82', '148', '1'), ('136', '98', '167', '1'), ('137', '104', '145', '1'), ('138', '116', '152', '1'), ('139', '52', '151', '1'), ('140', '52', '148', '1'), ('141', '115', '131', '1'), ('142', '53', '131', '1'), ('143', '59', '147', '1'), ('144', '62', '166', '1'), ('145', '57', '152', '1'), ('147', '57', '149', '1'), ('148', '47', '150', '1'), ('149', '118', '131', '1'), ('151', '118', '138', '1'), ('152', '109', '166', '1');
COMMIT;

-- ----------------------------
--  Table structure for `yunzhi_user_role`
-- ----------------------------
DROP TABLE IF EXISTS `yunzhi_user_role`;
CREATE TABLE `yunzhi_user_role` (
  `id` int(10) unsigned NOT NULL AUTO_INCREMENT COMMENT '角色用户对应表的id',
  `user_id` int(10) unsigned DEFAULT NULL COMMENT '用户id',
  `role_id` int(10) unsigned DEFAULT NULL COMMENT '角色的id',
  `state` int(2) unsigned NOT NULL DEFAULT 1 COMMENT '状态，1代表正常，0代表冻结',
  PRIMARY KEY (`id`)
) ENGINE=InnoDB AUTO_INCREMENT=349 DEFAULT CHARSET=utf8 ROW_FORMAT=COMPACT;

-- ----------------------------
--  Records of `yunzhi_user_role`
-- ----------------------------
BEGIN;
INSERT INTO `yunzhi_user_role` VALUES ('231', '45', '1', '1'), ('232', '45', '13', '1'), ('234', '46', '1', '1'), ('235', '46', '13', '1'), ('236', '47', '1', '1'), ('237', '47', '13', '1'), ('238', '48', '1', '1'), ('239', '48', '13', '1'), ('240', '50', '1', '1'), ('241', '50', '13', '1'), ('242', '51', '1', '1'), ('243', '51', '13', '1'), ('244', '52', '1', '1'), ('245', '52', '13', '1'), ('256', '57', '1', '1'), ('257', '57', '13', '1'), ('258', '58', '1', '1'), ('259', '58', '13', '1'), ('260', '59', '1', '1'), ('261', '59', '13', '1'), ('264', '5', '1', '1'), ('265', '5', '7', '1'), ('272', '62', '1', '1'), ('273', '63', '1', '1'), ('274', '64', '1', '1'), ('275', '65', '1', '1'), ('276', '66', '1', '1'), ('277', '67', '1', '1'), ('278', '68', '1', '1'), ('279', '69', '1', '1'), ('280', '70', '1', '1'), ('281', '71', '1', '1'), ('282', '72', '1', '1'), ('283', '73', '1', '1'), ('284', '74', '1', '1'), ('285', '75', '1', '1'), ('286', '76', '1', '1'), ('287', '77', '1', '1'), ('288', '78', '1', '1'), ('289', '79', '1', '1'), ('290', '80', '1', '1'), ('291', '81', '1', '1'), ('292', '82', '1', '1'), ('293', '83', '1', '1'), ('294', '84', '1', '1'), ('295', '85', '1', '1'), ('296', '86', '1', '1'), ('297', '87', '1', '1'), ('298', '88', '1', '1'), ('299', '90', '1', '1'), ('300', '91', '1', '1'), ('301', '92', '1', '1'), ('302', '93', '1', '1'), ('303', '94', '1', '1'), ('304', '95', '1', '1'), ('305', '96', '1', '1'), ('307', '98', '1', '1'), ('308', '99', '1', '1'), ('309', '100', '1', '1'), ('310', '101', '1', '1'), ('311', '102', '1', '1'), ('312', '103', '1', '1'), ('313', '104', '1', '1'), ('314', '105', '1', '1'), ('315', '106', '1', '1'), ('316', '107', '1', '1'), ('317', '108', '1', '1'), ('318', '109', '1', '1'), ('319', '110', '1', '1'), ('320', '111', '1', '1'), ('321', '112', '1', '1'), ('322', '113', '1', '1'), ('323', '114', '1', '1'), ('324', '3', '1', '1'), ('325', '3', '13', '1'), ('333', '115', '1', '1'), ('334', '115', '4', '1'), ('335', '115', '13', '1'), ('336', '116', '1', '1'), ('340', '118', '1', '1'), ('341', '118', '4', '1'), ('342', '118', '13', '1'), ('343', '39', '1', '1'), ('344', '39', '4', '1'), ('345', '39', '13', '1'), ('346', '53', '1', '1'), ('347', '53', '4', '1'), ('348', '53', '13', '1');
COMMIT;

-- ----------------------------
--  Table structure for `yunzhi_workflow`
-- ----------------------------
DROP TABLE IF EXISTS `yunzhi_workflow`;
CREATE TABLE `yunzhi_workflow` (
  `id` int(20) NOT NULL AUTO_INCREMENT COMMENT '编号',
  `project_id` int(20) NOT NULL DEFAULT 0 COMMENT '项目ID',
  `examine_id` int(20) NOT NULL DEFAULT 0 COMMENT '审批流程ID',
  `chain_id` int(20) NOT NULL DEFAULT 0 COMMENT '当前执行的审批流程节点ID',
  `is_finished` tinyint(3) unsigned DEFAULT 0 COMMENT '0未审核完成，1审核完成',
  `state` tinyint(1) NOT NULL DEFAULT 0 COMMENT '流程状态',
  `pre_chain_id` int(11) unsigned DEFAULT 0 COMMENT '提交时的上一个节点信息，用于工作的取回操作。',
  PRIMARY KEY (`id`)
) ENGINE=InnoDB AUTO_INCREMENT=857 DEFAULT CHARSET=utf8 ROW_FORMAT=COMPACT COMMENT='工作流表';

-- ----------------------------
--  Records of `yunzhi_workflow`
-- ----------------------------
BEGIN;
INSERT INTO `yunzhi_workflow` VALUES ('19', '19', '103', '249', '1', '1', '0'), ('21', '21', '103', '249', '1', '1', '0'), ('22', '22', '103', '249', '1', '1', '0'), ('23', '23', '103', '249', '1', '1', '0'), ('24', '24', '103', '249', '1', '1', '0'), ('25', '25', '103', '249', '1', '1', '0'), ('26', '26', '103', '249', '1', '1', '0'), ('27', '27', '103', '249', '1', '1', '0'), ('28', '28', '103', '249', '1', '1', '0'), ('29', '29', '103', '249', '0', '0', '0'), ('30', '30', '103', '249', '1', '1', '0'), ('32', '32', '103', '249', '1', '1', '0'), ('33', '33', '103', '247', '0', '0', '0'), ('36', '36', '103', '249', '1', '1', '0'), ('38', '38', '103', '249', '1', '1', '0'), ('39', '39', '103', '248', '0', '0', '0'), ('40', '40', '103', '249', '1', '1', '0'), ('43', '43', '103', '249', '1', '1', '0'), ('44', '44', '103', '249', '1', '1', '0'), ('45', '45', '103', '248', '0', '0', '0'), ('47', '47', '103', '249', '1', '1', '0'), ('48', '48', '103', '249', '1', '1', '0'), ('49', '49', '103', '249', '1', '1', '0'), ('52', '52', '103', '249', '0', '0', '0'), ('53', '53', '103', '249', '0', '0', '0'), ('54', '54', '103', '249', '0', '0', '0'), ('55', '55', '103', '249', '1', '1', '0'), ('57', '57', '103', '249', '1', '1', '0'), ('58', '58', '103', '249', '1', '1', '0'), ('64', '64', '103', '249', '1', '1', '0'), ('68', '68', '103', '0', '0', '0', '0'), ('74', '74', '103', '249', '1', '1', '0'), ('75', '75', '103', '0', '0', '0', '0'), ('76', '76', '103', '0', '0', '0', '0'), ('77', '77', '103', '249', '1', '1', '0'), ('78', '78', '103', '249', '1', '1', '0'), ('80', '80', '103', '249', '1', '1', '0'), ('81', '81', '103', '249', '1', '1', '0'), ('84', '84', '103', '249', '1', '1', '0'), ('87', '87', '103', '0', '0', '0', '0'), ('88', '88', '103', '0', '0', '0', '0'), ('89', '89', '103', '247', '0', '0', '0'), ('91', '91', '103', '249', '1', '1', '0'), ('95', '95', '103', '249', '1', '1', '0'), ('96', '96', '103', '249', '1', '1', '0'), ('97', '97', '103', '249', '1', '1', '0'), ('98', '98', '103', '248', '0', '0', '0'), ('99', '99', '103', '0', '0', '0', '0'), ('101', '101', '103', '249', '1', '1', '0'), ('102', '102', '103', '249', '1', '1', '0'), ('105', '105', '103', '249', '1', '1', '0'), ('106', '106', '103', '249', '1', '1', '0'), ('107', '107', '103', '249', '1', '1', '0'), ('108', '108', '103', '249', '1', '1', '0'), ('109', '109', '103', '249', '1', '1', '0'), ('112', '112', '103', '247', '0', '0', '0'), ('113', '113', '103', '247', '0', '0', '0'), ('114', '114', '103', '247', '0', '0', '0'), ('115', '115', '103', '247', '0', '0', '0'), ('116', '116', '103', '247', '0', '0', '0'), ('117', '117', '103', '249', '1', '1', '0'), ('118', '118', '103', '247', '0', '0', '0'), ('119', '119', '103', '249', '1', '1', '0'), ('120', '120', '103', '249', '1', '1', '0'), ('124', '124', '103', '249', '1', '1', '0'), ('125', '125', '103', '249', '1', '1', '0'), ('130', '130', '103', '249', '1', '1', '0'), ('131', '131', '103', '249', '1', '1', '0'), ('135', '135', '103', '249', '1', '1', '0'), ('136', '136', '103', '249', '1', '1', '0'), ('142', '142', '103', '249', '1', '1', '0'), ('143', '143', '102', '245', '0', '0', '0'), ('144', '144', '102', '245', '0', '0', '0'), ('148', '148', '103', '249', '1', '1', '0'), ('149', '149', '103', '249', '1', '1', '0'), ('151', '151', '103', '249', '1', '1', '0'), ('153', '153', '103', '247', '0', '0', '0'), ('155', '155', '103', '247', '0', '0', '0'), ('156', '156', '103', '247', '0', '0', '0'), ('157', '157', '103', '249', '1', '1', '0'), ('159', '159', '103', '247', '0', '0', '0'), ('160', '160', '103', '249', '1', '1', '0'), ('161', '161', '103', '249', '1', '1', '0'), ('162', '162', '103', '249', '1', '1', '0'), ('163', '163', '103', '249', '1', '1', '0'), ('164', '164', '103', '249', '1', '1', '0'), ('166', '166', '103', '249', '1', '1', '0'), ('167', '167', '103', '249', '1', '1', '0'), ('170', '170', '103', '249', '1', '1', '0'), ('174', '174', '103', '249', '1', '1', '0'), ('175', '175', '103', '249', '1', '1', '0'), ('177', '177', '103', '249', '1', '1', '0'), ('178', '178', '103', '249', '1', '1', '0'), ('179', '179', '103', '249', '1', '1', '0'), ('180', '180', '103', '249', '1', '1', '0'), ('181', '181', '103', '249', '1', '1', '0'), ('182', '182', '103', '249', '1', '1', '0'), ('183', '183', '103', '249', '1', '1', '0'), ('184', '184', '103', '249', '1', '1', '0'), ('185', '185', '103', '249', '1', '1', '0'), ('187', '187', '103', '249', '1', '1', '0'), ('189', '189', '103', '0', '0', '0', '0'), ('190', '190', '103', '249', '1', '1', '0'), ('191', '191', '103', '249', '1', '1', '0'), ('192', '192', '103', '249', '1', '1', '0'), ('194', '194', '103', '249', '1', '1', '0'), ('196', '196', '103', '249', '1', '1', '0'), ('197', '197', '103', '249', '1', '1', '0'), ('198', '198', '103', '249', '1', '1', '0'), ('199', '199', '103', '249', '1', '1', '0'), ('200', '200', '103', '249', '1', '1', '0'), ('201', '201', '103', '249', '1', '1', '0'), ('202', '202', '103', '249', '1', '1', '0'), ('203', '203', '103', '249', '1', '1', '0'), ('206', '206', '103', '247', '0', '0', '0'), ('209', '209', '103', '249', '1', '1', '0'), ('210', '210', '103', '249', '1', '1', '0'), ('211', '211', '103', '249', '1', '1', '0'), ('212', '212', '103', '249', '1', '1', '0'), ('213', '213', '103', '247', '0', '0', '0'), ('215', '215', '103', '249', '1', '1', '0'), ('216', '216', '103', '249', '1', '1', '0'), ('217', '217', '103', '249', '1', '1', '0'), ('220', '220', '103', '249', '1', '1', '0'), ('221', '221', '103', '249', '1', '1', '0'), ('222', '222', '103', '249', '1', '1', '0'), ('224', '224', '103', '249', '1', '1', '0'), ('225', '225', '103', '249', '1', '1', '0'), ('226', '226', '103', '249', '1', '1', '0'), ('227', '227', '103', '249', '1', '1', '0'), ('228', '228', '103', '249', '1', '1', '0'), ('229', '229', '103', '249', '1', '1', '0'), ('230', '230', '103', '249', '1', '1', '0'), ('231', '231', '103', '249', '1', '1', '0'), ('232', '232', '103', '249', '1', '1', '0'), ('233', '233', '103', '249', '1', '1', '0'), ('234', '234', '103', '249', '1', '1', '0'), ('235', '235', '103', '249', '1', '1', '0'), ('236', '236', '103', '249', '1', '1', '0'), ('237', '237', '103', '249', '1', '1', '0'), ('238', '238', '103', '249', '1', '1', '0'), ('239', '239', '103', '249', '1', '1', '0'), ('240', '240', '103', '249', '1', '1', '0'), ('242', '242', '103', '249', '1', '1', '0'), ('243', '243', '103', '249', '1', '1', '0'), ('244', '244', '103', '249', '1', '1', '0'), ('245', '245', '103', '249', '1', '1', '0'), ('246', '246', '103', '249', '1', '1', '0'), ('247', '247', '103', '249', '1', '1', '0'), ('248', '248', '103', '247', '0', '0', '0'), ('249', '249', '103', '249', '1', '1', '0'), ('250', '250', '103', '249', '1', '1', '0'), ('251', '251', '103', '249', '1', '1', '0'), ('252', '252', '103', '249', '1', '1', '0'), ('253', '253', '103', '249', '1', '1', '0'), ('254', '254', '103', '249', '1', '1', '0'), ('255', '255', '103', '249', '1', '1', '0'), ('257', '257', '103', '249', '1', '1', '0'), ('258', '258', '103', '249', '1', '1', '0'), ('259', '259', '103', '249', '1', '1', '0'), ('260', '260', '103', '249', '1', '1', '0'), ('261', '261', '103', '249', '1', '1', '0'), ('262', '262', '103', '249', '0', '0', '0'), ('263', '263', '103', '249', '1', '1', '0'), ('264', '264', '103', '249', '1', '1', '0'), ('265', '265', '103', '249', '1', '1', '0'), ('266', '266', '103', '249', '1', '1', '0'), ('267', '267', '103', '249', '1', '1', '0'), ('268', '268', '103', '249', '1', '1', '0'), ('269', '269', '103', '249', '1', '1', '0'), ('270', '270', '103', '249', '1', '1', '0'), ('271', '271', '103', '249', '1', '1', '0'), ('272', '272', '103', '249', '1', '1', '0'), ('273', '273', '103', '249', '1', '1', '0'), ('274', '274', '103', '249', '1', '1', '0'), ('275', '275', '103', '249', '1', '1', '0'), ('277', '277', '103', '249', '1', '1', '0'), ('278', '278', '103', '249', '1', '1', '0'), ('281', '281', '103', '249', '1', '1', '0'), ('282', '282', '103', '249', '1', '1', '0'), ('283', '283', '103', '249', '1', '1', '0'), ('286', '286', '103', '249', '1', '1', '0'), ('289', '289', '103', '249', '1', '1', '0'), ('290', '290', '103', '247', '0', '0', '0'), ('291', '291', '103', '247', '0', '0', '0'), ('292', '292', '103', '0', '0', '0', '0'), ('293', '293', '103', '0', '0', '0', '0'), ('294', '294', '103', '249', '1', '1', '0'), ('296', '296', '103', '247', '0', '0', '0'), ('297', '297', '103', '249', '1', '1', '0'), ('298', '298', '103', '249', '1', '1', '0'), ('299', '299', '103', '0', '0', '0', '0'), ('300', '300', '103', '0', '0', '0', '0'), ('301', '301', '103', '0', '0', '0', '0'), ('304', '304', '103', '247', '0', '0', '0'), ('308', '308', '103', '249', '1', '1', '0'), ('309', '309', '103', '249', '1', '1', '0'), ('310', '310', '103', '249', '1', '1', '0'), ('311', '311', '103', '247', '0', '0', '0'), ('312', '312', '103', '247', '0', '0', '0'), ('313', '313', '103', '247', '0', '0', '0'), ('315', '315', '103', '249', '1', '1', '0'), ('316', '316', '103', '249', '1', '1', '0'), ('317', '317', '103', '249', '1', '1', '0'), ('318', '318', '103', '249', '1', '1', '0'), ('319', '319', '103', '249', '1', '1', '0'), ('320', '320', '103', '249', '1', '1', '0'), ('321', '321', '103', '249', '1', '1', '0'), ('322', '322', '103', '249', '1', '1', '0'), ('324', '324', '103', '249', '1', '1', '0'), ('326', '326', '103', '249', '1', '1', '0'), ('327', '327', '103', '249', '1', '1', '0'), ('328', '328', '103', '249', '1', '1', '0'), ('329', '329', '103', '249', '1', '1', '0'), ('330', '330', '103', '249', '1', '1', '0'), ('331', '331', '103', '247', '0', '0', '0'), ('332', '332', '103', '249', '1', '1', '0'), ('333', '333', '103', '247', '0', '0', '0'), ('334', '334', '103', '249', '1', '1', '0'), ('335', '335', '103', '247', '0', '0', '0'), ('339', '339', '103', '249', '1', '1', '0'), ('340', '340', '103', '249', '1', '1', '0'), ('341', '341', '103', '249', '1', '1', '0'), ('342', '342', '103', '249', '1', '1', '0'), ('343', '343', '103', '249', '1', '1', '0'), ('345', '345', '103', '249', '1', '1', '0'), ('346', '346', '103', '249', '1', '1', '0'), ('347', '347', '103', '249', '1', '1', '0'), ('348', '348', '103', '249', '1', '1', '0'), ('350', '350', '103', '249', '1', '1', '0'), ('351', '351', '103', '249', '1', '1', '0'), ('352', '352', '103', '249', '1', '1', '0'), ('353', '353', '103', '249', '1', '1', '0'), ('354', '354', '103', '249', '1', '1', '0'), ('355', '355', '103', '249', '1', '1', '0'), ('356', '356', '103', '249', '1', '1', '0'), ('357', '357', '103', '249', '1', '1', '0'), ('358', '358', '103', '249', '1', '1', '0'), ('359', '359', '103', '249', '1', '1', '0'), ('360', '360', '103', '249', '1', '1', '0'), ('361', '361', '103', '249', '1', '1', '0'), ('362', '362', '103', '249', '1', '1', '0'), ('363', '363', '103', '249', '1', '1', '0'), ('364', '364', '103', '249', '1', '1', '0'), ('366', '366', '103', '249', '1', '1', '0'), ('367', '367', '103', '249', '1', '1', '0'), ('368', '368', '103', '249', '1', '1', '0'), ('369', '369', '103', '247', '0', '0', '0'), ('370', '370', '103', '247', '0', '0', '0'), ('371', '371', '103', '249', '1', '1', '0'), ('372', '372', '103', '247', '0', '0', '0'), ('373', '373', '103', '249', '1', '1', '0'), ('374', '374', '103', '249', '1', '1', '0'), ('375', '375', '103', '249', '1', '1', '0'), ('376', '376', '103', '249', '1', '1', '0'), ('377', '377', '103', '249', '1', '1', '0'), ('378', '378', '103', '247', '0', '0', '0'), ('379', '379', '103', '247', '0', '0', '0'), ('380', '380', '103', '247', '0', '0', '0'), ('385', '385', '103', '249', '1', '1', '0'), ('386', '386', '103', '249', '1', '1', '0'), ('387', '387', '103', '249', '1', '1', '0'), ('388', '388', '103', '249', '1', '1', '0'), ('389', '389', '103', '249', '1', '1', '0'), ('392', '392', '103', '249', '1', '1', '0'), ('393', '393', '103', '249', '1', '1', '0'), ('394', '394', '103', '249', '1', '1', '0'), ('396', '396', '103', '247', '0', '0', '0'), ('397', '397', '103', '249', '1', '1', '0'), ('398', '398', '103', '249', '1', '1', '0'), ('399', '399', '103', '249', '1', '1', '0'), ('400', '400', '103', '249', '1', '1', '0'), ('401', '401', '103', '249', '1', '1', '0'), ('402', '402', '103', '247', '0', '0', '0'), ('403', '403', '103', '247', '0', '0', '0'), ('404', '404', '103', '249', '1', '1', '0'), ('406', '406', '103', '247', '0', '0', '0'), ('407', '407', '103', '249', '1', '1', '0'), ('408', '408', '103', '249', '1', '1', '0'), ('411', '411', '103', '249', '1', '1', '0'), ('413', '413', '103', '249', '1', '1', '0'), ('414', '414', '103', '249', '1', '1', '0'), ('415', '415', '103', '249', '1', '1', '0'), ('416', '416', '103', '249', '1', '1', '0'), ('417', '417', '103', '247', '0', '0', '0'), ('418', '418', '103', '249', '1', '1', '0'), ('419', '419', '103', '249', '1', '1', '0'), ('420', '420', '103', '249', '1', '1', '0'), ('421', '421', '103', '247', '0', '0', '0'), ('422', '422', '103', '247', '0', '0', '0'), ('423', '423', '103', '249', '1', '1', '0'), ('424', '424', '103', '249', '1', '1', '0'), ('425', '425', '103', '249', '1', '1', '0'), ('426', '426', '102', '244', '0', '0', '0'), ('427', '427', '103', '249', '1', '1', '0'), ('428', '428', '103', '249', '1', '1', '0'), ('430', '430', '103', '249', '1', '1', '0'), ('431', '431', '103', '249', '1', '1', '0'), ('432', '432', '103', '249', '1', '1', '0'), ('433', '433', '103', '249', '1', '1', '0'), ('434', '434', '103', '249', '1', '1', '0'), ('440', '440', '103', '249', '1', '1', '0'), ('441', '441', '103', '249', '1', '1', '0'), ('442', '442', '103', '249', '1', '1', '0'), ('443', '443', '103', '249', '1', '1', '0'), ('444', '444', '103', '249', '1', '1', '0'), ('445', '445', '103', '249', '1', '1', '0'), ('446', '446', '103', '249', '1', '1', '0'), ('447', '447', '103', '249', '1', '1', '0'), ('448', '448', '103', '249', '1', '1', '0'), ('449', '449', '103', '249', '1', '1', '0'), ('451', '451', '103', '249', '1', '1', '0'), ('452', '452', '103', '249', '1', '1', '0'), ('453', '453', '103', '249', '1', '1', '0'), ('454', '454', '103', '249', '1', '1', '0'), ('455', '455', '103', '249', '1', '1', '0'), ('456', '456', '103', '249', '1', '1', '0'), ('457', '457', '103', '249', '1', '1', '0'), ('459', '459', '103', '249', '1', '1', '0'), ('461', '461', '103', '249', '1', '1', '0'), ('462', '462', '103', '249', '1', '1', '0'), ('463', '463', '103', '0', '0', '0', '0'), ('464', '464', '103', '249', '1', '1', '0'), ('465', '465', '103', '249', '1', '1', '0'), ('466', '466', '103', '249', '1', '1', '0'), ('467', '467', '103', '249', '1', '1', '0'), ('468', '468', '103', '249', '1', '1', '0'), ('469', '469', '103', '249', '1', '1', '0'), ('470', '470', '103', '249', '1', '1', '0'), ('471', '471', '103', '249', '1', '1', '0'), ('472', '472', '102', '0', '0', '0', '0'), ('474', '474', '102', '245', '0', '0', '0'), ('477', '477', '103', '0', '0', '0', '0'), ('478', '478', '103', '249', '1', '1', '0'), ('479', '479', '103', '249', '1', '1', '0'), ('480', '480', '103', '249', '1', '1', '0'), ('482', '482', '103', '249', '1', '1', '0'), ('483', '483', '103', '249', '1', '1', '0'), ('484', '484', '103', '249', '1', '1', '0'), ('486', '486', '103', '249', '1', '1', '0'), ('487', '487', '103', '249', '1', '1', '0'), ('490', '490', '103', '249', '1', '1', '0'), ('491', '491', '103', '249', '1', '1', '0'), ('492', '492', '103', '249', '1', '1', '0'), ('493', '493', '103', '249', '1', '1', '0'), ('494', '494', '103', '249', '1', '1', '0'), ('495', '495', '103', '249', '1', '1', '0'), ('496', '496', '103', '0', '0', '0', '0'), ('497', '497', '103', '0', '0', '0', '0'), ('498', '498', '103', '249', '1', '1', '0'), ('499', '499', '103', '249', '1', '1', '0'), ('502', '502', '103', '249', '1', '1', '0'), ('503', '503', '103', '249', '1', '1', '0'), ('504', '504', '103', '249', '1', '1', '0'), ('505', '505', '103', '249', '1', '1', '0'), ('506', '506', '103', '249', '1', '1', '0'), ('507', '507', '103', '249', '1', '1', '0'), ('508', '508', '103', '249', '1', '1', '0'), ('509', '509', '103', '249', '1', '1', '0'), ('510', '510', '103', '249', '1', '1', '0'), ('511', '511', '103', '249', '1', '1', '0'), ('512', '512', '103', '249', '1', '1', '0'), ('513', '513', '103', '249', '1', '1', '0'), ('514', '514', '103', '249', '1', '1', '0'), ('515', '515', '103', '249', '1', '1', '0'), ('516', '516', '103', '249', '1', '1', '0'), ('517', '517', '103', '249', '1', '1', '0'), ('518', '518', '103', '249', '1', '1', '0'), ('519', '519', '103', '249', '1', '1', '0'), ('520', '520', '103', '249', '1', '1', '0'), ('521', '521', '103', '249', '1', '1', '0'), ('522', '522', '103', '249', '1', '1', '0'), ('523', '523', '103', '249', '1', '1', '0'), ('524', '524', '103', '249', '1', '1', '0'), ('525', '525', '103', '249', '1', '1', '0'), ('526', '526', '103', '249', '1', '1', '0'), ('528', '528', '103', '249', '1', '1', '0'), ('529', '529', '103', '249', '1', '1', '0'), ('530', '530', '103', '249', '1', '1', '0'), ('531', '531', '103', '249', '1', '1', '0'), ('532', '532', '103', '249', '1', '1', '0'), ('533', '533', '103', '249', '1', '1', '0'), ('534', '534', '103', '249', '1', '1', '0'), ('535', '535', '103', '249', '1', '1', '0'), ('536', '536', '103', '249', '1', '1', '0'), ('537', '537', '103', '247', '0', '0', '0'), ('538', '538', '103', '247', '0', '0', '0'), ('539', '539', '103', '249', '1', '1', '0'), ('540', '540', '103', '249', '1', '1', '0'), ('541', '541', '103', '247', '0', '0', '0'), ('542', '542', '103', '247', '0', '0', '0'), ('543', '543', '103', '249', '1', '1', '0'), ('544', '544', '103', '249', '1', '1', '0'), ('545', '545', '103', '249', '1', '1', '0'), ('546', '546', '103', '249', '1', '1', '0'), ('547', '547', '103', '249', '1', '1', '0'), ('548', '548', '103', '249', '1', '1', '0'), ('549', '549', '103', '249', '1', '1', '0'), ('550', '550', '103', '249', '1', '1', '0'), ('551', '551', '103', '249', '1', '1', '0'), ('552', '552', '103', '0', '0', '0', '0'), ('553', '553', '103', '249', '1', '1', '0'), ('554', '554', '103', '249', '1', '1', '0'), ('555', '555', '103', '249', '1', '1', '0'), ('556', '556', '103', '249', '1', '1', '0'), ('557', '557', '103', '249', '1', '1', '0'), ('558', '558', '103', '249', '1', '1', '0'), ('559', '559', '103', '247', '0', '0', '0'), ('560', '560', '103', '248', '0', '0', '0'), ('561', '561', '103', '247', '0', '0', '0'), ('562', '562', '103', '249', '1', '1', '0'), ('563', '563', '103', '249', '1', '1', '0'), ('564', '564', '103', '249', '1', '1', '0'), ('565', '565', '103', '249', '0', '0', '0'), ('566', '566', '103', '249', '1', '1', '0'), ('567', '567', '103', '247', '0', '0', '0'), ('568', '568', '103', '249', '1', '1', '0'), ('569', '569', '103', '247', '0', '0', '0'), ('570', '570', '103', '0', '0', '0', '0'), ('571', '571', '103', '249', '1', '1', '0'), ('572', '572', '103', '0', '0', '0', '0'), ('573', '573', '103', '0', '0', '0', '0'), ('574', '574', '103', '249', '1', '1', '0'), ('575', '575', '103', '249', '1', '1', '0'), ('576', '576', '103', '247', '0', '0', '0'), ('577', '577', '103', '249', '1', '1', '0'), ('578', '578', '103', '247', '0', '0', '0'), ('579', '579', '103', '247', '0', '0', '0'), ('580', '580', '103', '249', '1', '1', '0'), ('581', '581', '103', '247', '0', '0', '0'), ('582', '582', '103', '249', '1', '1', '0'), ('583', '583', '103', '249', '1', '1', '0'), ('584', '584', '103', '249', '1', '1', '0'), ('585', '585', '103', '249', '0', '0', '0'), ('586', '586', '103', '249', '1', '1', '0'), ('587', '587', '103', '249', '1', '1', '0'), ('588', '588', '103', '249', '1', '1', '0'), ('589', '589', '103', '249', '1', '1', '0'), ('590', '590', '103', '249', '1', '1', '0'), ('591', '591', '103', '249', '1', '1', '0'), ('592', '592', '103', '249', '1', '1', '0'), ('593', '593', '103', '249', '1', '1', '0'), ('594', '594', '103', '249', '1', '1', '0'), ('595', '595', '103', '249', '1', '1', '0'), ('596', '596', '103', '249', '1', '1', '0'), ('597', '597', '103', '249', '1', '1', '0'), ('598', '598', '103', '249', '1', '1', '0'), ('600', '600', '103', '249', '1', '1', '0'), ('602', '602', '103', '249', '0', '0', '0'), ('603', '603', '103', '249', '1', '1', '0'), ('604', '604', '103', '249', '1', '1', '0'), ('605', '605', '103', '247', '0', '0', '0'), ('606', '606', '103', '249', '0', '0', '0'), ('607', '607', '103', '249', '1', '1', '0'), ('608', '608', '103', '249', '1', '1', '0'), ('609', '609', '103', '249', '1', '1', '0'), ('610', '610', '103', '249', '1', '1', '0'), ('611', '611', '103', '249', '1', '1', '0'), ('612', '612', '103', '249', '1', '1', '0'), ('613', '613', '103', '249', '1', '1', '0'), ('614', '614', '103', '249', '1', '1', '0'), ('615', '615', '103', '249', '1', '1', '0'), ('616', '616', '103', '249', '1', '1', '0'), ('617', '617', '103', '249', '1', '1', '0'), ('618', '618', '103', '249', '1', '1', '0'), ('619', '619', '103', '247', '0', '0', '0'), ('620', '620', '103', '247', '0', '0', '0'), ('621', '621', '103', '247', '0', '0', '0'), ('622', '622', '103', '249', '1', '1', '0'), ('623', '623', '103', '249', '1', '1', '0'), ('624', '624', '103', '249', '1', '1', '0'), ('625', '625', '103', '249', '1', '1', '0'), ('626', '626', '103', '249', '1', '1', '0'), ('627', '627', '103', '249', '1', '1', '0'), ('628', '628', '103', '249', '1', '1', '0'), ('629', '629', '103', '249', '1', '1', '0'), ('630', '630', '103', '249', '1', '1', '0'), ('631', '631', '103', '249', '1', '1', '0'), ('632', '632', '103', '249', '1', '1', '0'), ('633', '633', '103', '249', '1', '1', '0'), ('634', '634', '103', '247', '0', '0', '0'), ('635', '635', '103', '249', '1', '1', '0'), ('636', '636', '103', '249', '1', '1', '0'), ('637', '637', '103', '249', '1', '1', '0'), ('638', '638', '103', '249', '1', '1', '0'), ('639', '639', '103', '249', '1', '1', '0'), ('640', '640', '103', '249', '1', '1', '0'), ('641', '641', '103', '248', '0', '0', '0'), ('642', '642', '103', '249', '1', '1', '0'), ('643', '643', '103', '249', '1', '1', '0'), ('644', '644', '103', '249', '1', '1', '0'), ('645', '645', '103', '249', '1', '1', '0'), ('646', '646', '103', '249', '1', '1', '0'), ('647', '647', '103', '249', '1', '1', '0'), ('648', '648', '103', '249', '1', '1', '0'), ('649', '649', '103', '249', '1', '1', '0'), ('650', '650', '103', '247', '0', '0', '0'), ('651', '651', '103', '249', '1', '1', '0'), ('652', '652', '103', '249', '1', '1', '0'), ('653', '653', '103', '249', '1', '1', '0'), ('654', '654', '103', '249', '1', '1', '0'), ('656', '656', '103', '249', '1', '1', '0'), ('658', '658', '103', '249', '1', '1', '0'), ('660', '660', '103', '249', '1', '1', '0'), ('661', '661', '103', '249', '1', '1', '0'), ('662', '662', '103', '247', '0', '0', '0'), ('663', '663', '103', '249', '1', '1', '0'), ('664', '664', '103', '249', '1', '1', '0'), ('665', '665', '103', '249', '1', '1', '0'), ('666', '666', '103', '249', '1', '1', '0'), ('667', '667', '103', '249', '1', '1', '0'), ('668', '668', '103', '249', '1', '1', '0'), ('669', '669', '103', '249', '1', '1', '0'), ('670', '670', '103', '249', '1', '1', '0'), ('671', '671', '103', '249', '1', '1', '0'), ('672', '672', '103', '247', '0', '0', '0'), ('674', '674', '103', '249', '1', '1', '0'), ('675', '675', '103', '248', '0', '0', '0'), ('676', '676', '103', '249', '1', '1', '0'), ('677', '677', '103', '249', '1', '1', '0'), ('678', '678', '103', '248', '0', '0', '0'), ('679', '679', '103', '249', '1', '1', '0'), ('680', '680', '103', '249', '1', '1', '0'), ('681', '681', '103', '249', '1', '1', '0'), ('682', '682', '103', '249', '1', '1', '0'), ('685', '685', '103', '249', '1', '1', '0'), ('686', '686', '103', '249', '1', '1', '0'), ('687', '687', '103', '249', '1', '1', '0'), ('688', '688', '103', '249', '1', '1', '0'), ('692', '692', '103', '0', '0', '0', '0'), ('696', '696', '103', '249', '1', '1', '0'), ('697', '697', '103', '247', '0', '0', '0'), ('698', '698', '103', '249', '1', '1', '0'), ('699', '699', '103', '249', '1', '1', '0'), ('700', '700', '103', '249', '1', '1', '0'), ('701', '701', '103', '249', '1', '1', '0'), ('702', '702', '103', '249', '1', '1', '0'), ('703', '703', '103', '249', '1', '1', '0'), ('705', '705', '103', '249', '1', '1', '0'), ('706', '706', '103', '249', '1', '1', '0'), ('707', '707', '103', '249', '0', '0', '0'), ('708', '708', '103', '249', '1', '1', '0'), ('709', '709', '103', '249', '1', '1', '0'), ('710', '710', '103', '247', '0', '0', '0'), ('711', '711', '103', '249', '1', '1', '0'), ('712', '712', '103', '249', '1', '1', '0'), ('713', '713', '103', '249', '1', '1', '0'), ('714', '714', '103', '249', '1', '1', '0'), ('715', '715', '103', '249', '1', '1', '0'), ('716', '716', '103', '0', '0', '0', '0'), ('717', '717', '103', '247', '0', '0', '0'), ('720', '720', '103', '249', '1', '1', '0'), ('721', '721', '103', '249', '1', '1', '0'), ('722', '722', '103', '247', '0', '0', '0'), ('723', '723', '103', '249', '1', '1', '0'), ('724', '724', '103', '249', '1', '1', '0'), ('725', '725', '103', '249', '1', '1', '0'), ('726', '726', '103', '249', '1', '1', '0'), ('727', '727', '103', '249', '1', '1', '0'), ('728', '728', '103', '249', '1', '1', '0'), ('731', '731', '103', '249', '1', '1', '0'), ('732', '732', '103', '249', '1', '1', '0'), ('733', '733', '103', '249', '1', '1', '0'), ('734', '734', '103', '249', '1', '1', '0'), ('735', '735', '103', '249', '1', '1', '0'), ('736', '736', '103', '249', '1', '1', '0'), ('737', '737', '103', '249', '1', '1', '0'), ('738', '738', '103', '249', '1', '1', '0'), ('739', '739', '103', '249', '1', '1', '0'), ('740', '740', '103', '249', '1', '1', '0'), ('741', '741', '103', '249', '1', '1', '0'), ('742', '742', '103', '249', '1', '1', '0'), ('743', '743', '103', '249', '1', '1', '0'), ('744', '744', '103', '249', '1', '1', '0'), ('745', '745', '103', '249', '1', '1', '0'), ('746', '746', '103', '249', '1', '1', '0'), ('747', '747', '103', '249', '1', '1', '0'), ('748', '748', '103', '249', '1', '1', '0'), ('749', '749', '103', '249', '1', '1', '0'), ('750', '750', '103', '249', '1', '1', '0'), ('751', '751', '103', '249', '1', '1', '0'), ('752', '752', '103', '249', '1', '1', '0'), ('753', '753', '103', '249', '1', '1', '0'), ('754', '754', '103', '249', '1', '1', '0'), ('755', '755', '103', '249', '1', '1', '0'), ('756', '756', '103', '249', '1', '1', '0'), ('757', '757', '103', '249', '1', '1', '0'), ('758', '758', '103', '249', '1', '1', '0'), ('759', '759', '103', '249', '1', '1', '0'), ('760', '760', '103', '249', '1', '1', '0'), ('761', '761', '103', '249', '1', '1', '0'), ('762', '762', '103', '249', '1', '1', '0'), ('763', '763', '103', '249', '1', '1', '0'), ('764', '764', '103', '249', '1', '1', '0'), ('765', '765', '103', '247', '0', '0', '0'), ('766', '766', '103', '249', '1', '1', '0'), ('767', '767', '103', '249', '1', '1', '0'), ('768', '768', '103', '249', '1', '1', '0'), ('769', '769', '103', '249', '1', '1', '0'), ('770', '770', '103', '249', '1', '1', '0'), ('771', '771', '103', '249', '1', '1', '0'), ('772', '772', '103', '249', '1', '1', '0'), ('773', '773', '103', '247', '0', '0', '0'), ('774', '774', '103', '0', '0', '0', '0'), ('775', '775', '103', '249', '1', '1', '0'), ('776', '776', '103', '249', '1', '1', '0'), ('777', '777', '103', '249', '1', '1', '0'), ('778', '778', '103', '249', '1', '1', '0'), ('779', '779', '103', '249', '1', '1', '0'), ('780', '780', '103', '249', '1', '1', '0'), ('781', '781', '103', '249', '1', '1', '0'), ('782', '782', '103', '249', '1', '1', '0'), ('783', '783', '103', '249', '1', '1', '0'), ('785', '785', '103', '247', '0', '0', '0'), ('786', '786', '103', '249', '0', '0', '0'), ('788', '788', '103', '249', '1', '1', '0'), ('789', '789', '103', '247', '0', '0', '0'), ('790', '790', '103', '249', '1', '1', '0'), ('791', '791', '103', '249', '1', '1', '0'), ('792', '792', '103', '249', '1', '1', '0'), ('793', '793', '103', '249', '1', '1', '0'), ('794', '794', '103', '249', '1', '1', '0'), ('795', '795', '103', '249', '1', '1', '0'), ('796', '796', '103', '249', '1', '1', '0'), ('797', '797', '103', '249', '1', '1', '0'), ('798', '798', '103', '249', '1', '1', '0'), ('800', '800', '103', '247', '0', '0', '0'), ('801', '801', '103', '249', '1', '1', '0'), ('802', '802', '103', '249', '1', '1', '0'), ('803', '803', '103', '0', '0', '0', '0'), ('804', '804', '103', '247', '0', '0', '0'), ('805', '805', '103', '249', '1', '1', '0'), ('806', '806', '103', '249', '1', '1', '0'), ('807', '807', '103', '249', '1', '1', '0'), ('808', '808', '103', '249', '1', '1', '0'), ('809', '809', '103', '249', '1', '1', '0'), ('810', '810', '103', '249', '1', '1', '0'), ('811', '811', '103', '249', '1', '1', '0'), ('812', '812', '103', '249', '1', '1', '0'), ('813', '813', '103', '248', '0', '0', '0'), ('815', '815', '103', '248', '0', '0', '0'), ('816', '816', '103', '247', '0', '0', '0'), ('817', '817', '103', '249', '1', '1', '0'), ('818', '818', '103', '249', '1', '1', '0'), ('819', '819', '103', '249', '1', '1', '0'), ('820', '820', '103', '249', '1', '1', '0'), ('821', '821', '103', '249', '1', '1', '0'), ('822', '822', '103', '249', '1', '1', '0'), ('823', '823', '103', '247', '0', '0', '0'), ('824', '824', '103', '249', '1', '1', '0'), ('825', '825', '103', '249', '1', '1', '0'), ('826', '826', '103', '0', '0', '0', '0'), ('827', '827', '103', '249', '1', '1', '0'), ('828', '828', '103', '249', '1', '1', '0'), ('829', '829', '103', '249', '1', '1', '0'), ('830', '830', '103', '249', '0', '0', '0'), ('831', '831', '103', '249', '1', '1', '0'), ('832', '832', '103', '249', '1', '1', '0'), ('834', '834', '103', '249', '1', '1', '0'), ('835', '835', '103', '249', '1', '1', '0'), ('836', '836', '103', '249', '1', '1', '0'), ('837', '837', '103', '249', '1', '1', '0'), ('838', '838', '103', '249', '1', '1', '0'), ('839', '839', '103', '247', '0', '0', '247'), ('840', '840', '103', '249', '1', '1', '0'), ('841', '841', '103', '249', '1', '1', '0'), ('842', '842', '103', '249', '1', '1', '0'), ('843', '843', '103', '249', '1', '1', '0'), ('844', '844', '103', '249', '1', '1', '0'), ('846', '846', '103', '249', '1', '1', '0'), ('847', '847', '103', '249', '1', '1', '0'), ('848', '848', '103', '249', '1', '1', '0'), ('849', '849', '103', '249', '1', '1', '0'), ('850', '850', '103', '249', '1', '1', '0'), ('851', '851', '103', '249', '1', '1', '0'), ('852', '852', '103', '248', '0', '0', '0'), ('853', '853', '103', '249', '1', '1', '0'), ('854', '854', '103', '247', '0', '0', '0'), ('855', '855', '102', '245', '0', '0', '244'), ('856', '856', '102', '246', '0', '0', '246');
COMMIT;

-- ----------------------------
--  Table structure for `yunzhi_workflow_log`
-- ----------------------------
DROP TABLE IF EXISTS `yunzhi_workflow_log`;
CREATE TABLE `yunzhi_workflow_log` (
  `id` int(10) unsigned NOT NULL AUTO_INCREMENT,
  `pre_id` int(10) unsigned DEFAULT 0 COMMENT '上一节LOG节点ID',
  `workflow_id` int(10) unsigned DEFAULT NULL,
  `user_id` int(10) unsigned DEFAULT NULL COMMENT '用户ID',
  `commit` varchar(500) DEFAULT '' COMMENT '审核意见',
  `time` int(10) unsigned DEFAULT 0 COMMENT '提交时间',
  `is_commited` tinyint(3) unsigned DEFAULT 0 COMMENT '是否提交,0未提交,1提交.提交则是完成.',
  `is_clicked` tinyint(4) DEFAULT 0 COMMENT '是否已点击(未点击,待办,点击:在办)',
  `is_shelved` tinyint(3) unsigned DEFAULT 0 COMMENT '是否被搁置0未搁置，1搁置',
  PRIMARY KEY (`id`),
  KEY `is_finished` (`is_clicked`)
) ENGINE=InnoDB AUTO_INCREMENT=2797 DEFAULT CHARSET=utf8 ROW_FORMAT=COMPACT COMMENT='用户审核日志表，记录审核人，审核时间，审核内容,以及最终此条信息是否已经审核完毕（未审核完毕，为：在办，已审核完毕：为“已办”）。';

-- ----------------------------
--  Records of `yunzhi_workflow_log`
-- ----------------------------
BEGIN;
INSERT INTO `yunzhi_workflow_log` VALUES ('53', '0', '19', '108', '申请', '1447985188', '1', '1', '0'), ('54', '53', '19', '104', '同意', '1447985188', '1', '1', '0'), ('57', '0', '21', '108', '申请', '1447985435', '1', '1', '0'), ('58', '57', '21', '104', '同意', '1447985435', '1', '1', '0'), ('59', '0', '22', '110', '申请', '1447987107', '1', '1', '0'), ('60', '59', '22', '104', '同意', '1447987107', '1', '1', '0'), ('61', '0', '23', '116', '申请', '1447987434', '1', '1', '0'), ('62', '61', '23', '52', '同意', '1447987434', '1', '1', '0'), ('63', '0', '24', '116', '申请', '1447987523', '1', '1', '0'), ('64', '63', '24', '52', '同意', '1447987523', '1', '1', '0'), ('65', '0', '25', '116', '申请', '1447987609', '1', '1', '0'), ('66', '65', '25', '52', '同意', '1447987609', '1', '1', '0'), ('67', '0', '26', '116', '申请', '1447987658', '1', '1', '0'), ('68', '67', '26', '52', '同意', '1447987658', '1', '1', '0'), ('69', '0', '27', '116', '申请', '1447987722', '1', '1', '0'), ('70', '69', '27', '52', '同意', '1447987722', '1', '1', '0'), ('71', '0', '28', '116', '申请', '1447987946', '1', '1', '0'), ('72', '71', '28', '52', '同意', '1447987946', '1', '1', '0'), ('73', '0', '29', '116', '申请', '1447988079', '1', '1', '0'), ('74', '73', '29', '52', '同意', '1447988079', '1', '1', '0'), ('75', '0', '30', '94', '申请', '1447988544', '1', '1', '0'), ('76', '75', '30', '50', '同意', '1447988544', '1', '1', '0'), ('79', '0', '32', '73', '申请', '1447989451', '1', '1', '0'), ('80', '79', '32', '69', '同意', '1447989451', '1', '1', '0'), ('81', '0', '33', '109', '申请', '1447989529', '1', '1', '0'), ('82', '81', '33', '104', '同意', '1447989529', '1', '1', '0'), ('87', '0', '36', '106', '申请', '1447990986', '1', '1', '0'), ('88', '87', '36', '104', '同意', '1447990986', '1', '1', '0'), ('91', '0', '38', '102', '申请', '1447991625', '1', '1', '0'), ('92', '91', '38', '98', '同意', '1447991625', '1', '1', '0'), ('93', '0', '39', '102', '申请', '1447991838', '1', '1', '0'), ('94', '93', '39', '98', '同意', '1447991838', '1', '1', '0'), ('95', '0', '40', '110', '申请', '1447992418', '1', '1', '0'), ('96', '95', '40', '104', '同意', '1447992418', '1', '1', '0'), ('101', '0', '43', '95', '申请', '1447997314', '1', '1', '0'), ('102', '101', '43', '50', '同意', '1447997314', '1', '1', '0'), ('103', '0', '44', '70', '申请', '1447998314', '1', '1', '0'), ('104', '103', '44', '69', '同意', '1447998314', '1', '1', '0'), ('105', '0', '45', '70', '申请', '1447998466', '1', '1', '0'), ('106', '105', '45', '69', '同意', '1447998466', '0', '1', '0'), ('109', '0', '47', '70', '申请', '1448000559', '1', '1', '0'), ('110', '109', '47', '69', '同意', '1448000559', '1', '1', '0'), ('111', '0', '48', '70', '申请', '1448000957', '1', '1', '0'), ('112', '111', '48', '69', '同意', '1448000957', '1', '1', '0'), ('113', '0', '49', '70', '申请', '1448001652', '1', '1', '0'), ('114', '113', '49', '69', '同意', '1448001652', '1', '1', '0'), ('119', '0', '52', '116', '申请', '1448003960', '1', '1', '0'), ('120', '119', '52', '52', '同意', '1448003960', '1', '1', '0'), ('121', '0', '53', '116', '申请', '1448004050', '1', '1', '0'), ('122', '121', '53', '52', '同意', '1448004050', '1', '1', '0'), ('123', '0', '54', '116', '申请', '1448004219', '1', '1', '0'), ('124', '123', '54', '52', '同意', '1448004219', '1', '1', '0'), ('125', '0', '55', '116', '申请', '1448005005', '1', '1', '0'), ('126', '125', '55', '52', '同意', '1448005005', '1', '1', '0'), ('129', '0', '57', '79', '申请', '1448017115', '1', '1', '0'), ('130', '129', '57', '74', '同意', '1448017115', '1', '1', '0'), ('131', '0', '58', '80', '申请', '1448017193', '1', '1', '0'), ('132', '131', '58', '74', '同意', '1448017193', '1', '1', '0'), ('140', '96', '40', '115', '同意', '1448068840', '1', '1', '0'), ('141', '88', '36', '115', '同意', '1448068847', '1', '1', '0'), ('144', '82', '33', '115', '2014年科研奖励中基于博士引进协议已扣除分数', '1448068882', '1', '1', '0'), ('145', '60', '22', '115', '同意', '1448068891', '1', '1', '0'), ('146', '58', '21', '115', '同意', '1448068902', '1', '1', '0'), ('148', '54', '19', '115', '同意', '1448068936', '1', '1', '0'), ('158', '0', '64', '72', '申请', '1448164932', '1', '1', '0'), ('159', '158', '64', '69', '同意', '1448164932', '1', '1', '0'), ('166', '0', '68', '114', '申请', '1448197958', '1', '1', '0'), ('167', '166', '68', '50', '同意', '1448197958', '1', '1', '0'), ('182', '0', '74', '82', '申请', '1448245426', '1', '1', '0'), ('183', '182', '74', '82', '同意', '1448245426', '1', '1', '0'), ('184', '0', '75', '82', '申请', '1448245718', '1', '1', '0'), ('185', '184', '75', '82', '同意', '1448245718', '1', '1', '0'), ('186', '0', '76', '82', '申请', '1448245797', '1', '1', '0'), ('187', '186', '76', '82', '同意', '1448245797', '1', '1', '0'), ('188', '0', '77', '82', '申请', '1448245863', '1', '1', '0'), ('189', '188', '77', '82', '同意', '1448245863', '1', '1', '0'), ('190', '0', '78', '82', '申请', '1448245918', '1', '1', '0'), ('191', '190', '78', '82', '同意', '1448245918', '1', '1', '0'), ('194', '183', '74', '115', '同意', '1448246075', '1', '1', '0'), ('196', '187', '76', '115', '同意', '1448246097', '1', '1', '0'), ('197', '189', '77', '115', '同意', '1448246105', '1', '1', '0'), ('198', '191', '78', '115', '同意', '1448246114', '1', '1', '0'), ('204', '0', '80', '106', '申请', '1448248899', '1', '1', '0'), ('205', '204', '80', '104', '同意', '1448248899', '1', '1', '0'), ('206', '0', '81', '106', '申请', '1448248972', '1', '1', '0'), ('207', '206', '81', '104', '同意', '1448248972', '1', '1', '0'), ('214', '0', '84', '50', '申请', '1448250374', '1', '1', '0'), ('215', '214', '84', '50', '同意', '1448250374', '1', '1', '0'), ('220', '0', '87', '81', '申请', '1448251857', '1', '1', '0'), ('221', '220', '87', '74', '同意', '1448251857', '0', '1', '0'), ('222', '0', '88', '81', '申请', '1448251956', '1', '1', '0'), ('223', '222', '88', '74', '同意', '1448251956', '0', '1', '0'), ('224', '0', '89', '3', '申请', '1448253534', '1', '1', '0'), ('225', '224', '89', '104', '同意', '1448253534', '1', '1', '0'), ('228', '76', '30', '115', '同意', '1448258397', '1', '1', '0'), ('229', '0', '91', '51', '申请', '1448259144', '1', '1', '0'), ('230', '229', '91', '82', '同意', '1448259144', '1', '1', '0'), ('231', '230', '91', '115', '', '1448259193', '1', '1', '0'), ('241', '0', '95', '85', '申请', '1448263074', '1', '1', '0'), ('242', '241', '95', '52', '同意', '1448263074', '1', '1', '0'), ('243', '0', '96', '85', '申请', '1448263184', '1', '1', '0'), ('244', '243', '96', '52', '同意', '1448263184', '1', '1', '0'), ('245', '0', '97', '51', '申请', '1448264056', '1', '1', '0'), ('246', '245', '97', '82', '同意', '1448264056', '1', '1', '0'), ('247', '0', '98', '71', '申请', '1448264162', '1', '1', '0'), ('248', '247', '98', '69', '', '1448264162', '0', '1', '0'), ('249', '246', '97', '115', '同意', '1448264166', '1', '1', '0'), ('250', '0', '99', '71', '申请', '1448264309', '1', '1', '0'), ('251', '250', '99', '69', '同意', '1448264309', '0', '1', '0'), ('252', '167', '68', '114', '同意', '1448267219', '1', '1', '0'), ('258', '0', '101', '107', '申请', '1448267701', '1', '1', '0'), ('259', '258', '101', '104', '同意', '1448267701', '1', '1', '0'), ('260', '0', '102', '111', '申请', '1448268028', '1', '1', '0'), ('261', '260', '102', '104', '每班6分！！！按班级填写', '1448268028', '1', '1', '0'), ('266', '0', '105', '96', '申请', '1448270025', '1', '1', '0'), ('267', '266', '105', '50', '同意', '1448270025', '1', '1', '0'), ('268', '0', '106', '96', '申请', '1448270098', '1', '1', '0'), ('269', '268', '106', '50', '同意', '1448270098', '1', '1', '0'), ('271', '92', '38', '115', '同意', '1448270207', '1', '1', '0'), ('272', '0', '107', '69', '申请', '1448270222', '1', '1', '0'), ('273', '272', '107', '69', '同意', '1448270222', '1', '1', '0'), ('274', '0', '108', '69', '申请', '1448270359', '1', '1', '0'), ('275', '274', '108', '69', '同意', '1448270359', '1', '1', '0'), ('276', '94', '39', '115', '同意', '1448270361', '1', '1', '0'), ('277', '0', '109', '69', '申请', '1448270463', '1', '1', '0'), ('278', '277', '109', '69', '同意', '1448270463', '1', '1', '0'), ('283', '0', '112', '69', '申请', '1448271015', '1', '1', '0'), ('284', '283', '112', '69', '同意', '1448271015', '1', '1', '0'), ('285', '0', '113', '69', '申请', '1448271064', '1', '1', '0'), ('286', '285', '113', '69', '同意', '1448271064', '1', '1', '0'), ('287', '0', '114', '69', '申请', '1448271098', '1', '1', '0'), ('288', '287', '114', '69', '同意', '1448271098', '1', '1', '0'), ('289', '0', '115', '69', '申请', '1448271139', '1', '1', '0'), ('290', '289', '115', '69', '同意', '1448271139', '1', '1', '0'), ('291', '0', '116', '69', '申请', '1448271319', '1', '1', '0'), ('292', '291', '116', '69', '同意', '1448271319', '1', '1', '0'), ('293', '0', '117', '69', '申请', '1448271382', '1', '1', '0'), ('294', '293', '117', '69', '同意', '1448271382', '1', '1', '0'), ('295', '0', '118', '69', '申请', '1448271419', '1', '1', '0'), ('296', '295', '118', '69', '同意', '1448271419', '1', '1', '0'), ('297', '0', '119', '69', '申请', '1448271450', '1', '1', '0'), ('298', '297', '119', '69', '同意', '1448271450', '1', '1', '0'), ('299', '0', '120', '96', '申请', '1448271894', '1', '1', '0'), ('300', '299', '120', '50', '同意', '1448271894', '1', '1', '0'), ('301', '278', '109', '115', '同意', '1448271924', '1', '1', '0'), ('302', '275', '108', '115', '同意', '1448271931', '1', '1', '0'), ('303', '273', '107', '53', '同意', '1448271939', '1', '1', '0'), ('305', '159', '64', '115', '同意', '1448271958', '1', '1', '0'), ('306', '114', '49', '115', '同意', '1448271970', '1', '1', '0'), ('307', '112', '48', '115', '1.75万到账，应为262.5分', '1448271977', '1', '1', '0'), ('311', '104', '44', '115', '分数需修改', '1448272013', '1', '1', '0'), ('312', '80', '32', '115', '同意', '1448272019', '1', '1', '0'), ('313', '298', '119', '53', '同意', '1448272032', '1', '1', '0'), ('314', '296', '118', '53', '由于对方公司没有盖章，因此此项分不能算', '1448272038', '1', '1', '0'), ('315', '294', '117', '53', '此项为团队分，请重新提交', '1448272043', '1', '1', '0'), ('316', '292', '116', '115', '信用管理概论为2014年10月出版，已过期', '1448272054', '1', '1', '0'), ('317', '290', '115', '53', '没有此项', '1448272062', '1', '1', '0'), ('318', '288', '114', '115', '已算过核心期刊40分', '1448272069', '1', '1', '0'), ('319', '286', '113', '115', '已算过核心40分，不能重复计算', '1448272075', '1', '1', '0'), ('320', '284', '112', '53', '没有此项', '1448272083', '1', '1', '0'), ('326', '0', '124', '94', '同意', '1448279699', '1', '1', '0'), ('327', '326', '124', '50', '同意', '1448279726', '1', '1', '0'), ('328', '0', '125', '94', '同意', '1448279745', '1', '1', '0'), ('330', '102', '43', '115', '同意', '1448280030', '1', '1', '0'), ('334', '267', '105', '53', '同意', '1448287010', '1', '1', '0'), ('339', '327', '124', '53', '同意', '1448324421', '1', '1', '0'), ('340', '300', '120', '53', '同意', '1448324431', '1', '1', '0'), ('341', '269', '106', '53', '同意', '1448324439', '1', '1', '0'), ('345', '0', '130', '95', '同意', '1448332629', '1', '1', '0'), ('346', '0', '131', '95', '同意', '1448333079', '1', '1', '0'), ('350', '0', '135', '116', '同意', '1448334397', '1', '1', '0'), ('351', '0', '136', '116', '同意', '1448334500', '1', '1', '0'), ('352', '351', '136', '52', '同意', '1448334513', '1', '1', '0'), ('361', '0', '142', '111', '同意', '1448337718', '1', '1', '0'), ('362', '0', '143', '113', '申请', '1448337819', '1', '1', '0'), ('363', '362', '143', '3', '', '1448337819', '0', '1', '0'), ('364', '0', '144', '113', '申请', '1448338056', '1', '1', '0'), ('365', '364', '144', '3', '', '1448338056', '0', '1', '0'), ('370', '0', '148', '71', '同意', '1448339260', '1', '1', '0'), ('371', '0', '149', '71', '同意', '1448339428', '1', '1', '0'), ('374', '252', '68', '50', '同意', '1448340066', '0', '1', '0'), ('375', '0', '151', '116', '同意', '1448346636', '1', '1', '0'), ('379', '185', '75', '115', '同意', '1448346931', '1', '1', '0'), ('380', '0', '153', '98', '同意', '1448347772', '1', '1', '0'), ('382', '350', '135', '52', '同意', '1448348027', '1', '1', '0'), ('383', '375', '151', '52', '', '1448348032', '1', '1', '0'), ('384', '0', '155', '98', '同意', '1448348155', '1', '1', '0'), ('385', '0', '156', '98', '同意', '1448348274', '1', '1', '0'), ('386', '0', '157', '98', '同意', '1448348746', '1', '1', '0'), ('387', '386', '157', '98', '同意', '1448348826', '1', '1', '0'), ('388', '385', '156', '98', '同意', '1448348836', '1', '1', '0'), ('389', '384', '155', '98', '同意', '1448348854', '1', '1', '0'), ('390', '380', '153', '98', '同意', '1448348861', '1', '1', '0'), ('391', '371', '149', '69', '同意', '1448349405', '1', '1', '0'), ('392', '370', '148', '69', '同意', '1448349420', '1', '1', '0'), ('394', '392', '148', '115', '同意', '1448349475', '1', '1', '0'), ('395', '391', '149', '115', '同意', '1448349481', '1', '1', '0'), ('397', '0', '159', '71', '申请', '1448354845', '1', '1', '0'), ('398', '397', '159', '69', '同意', '1448354845', '1', '1', '0'), ('399', '0', '160', '106', '同意', '1448355183', '1', '1', '0'), ('401', '0', '161', '104', '同意', '1448357821', '1', '1', '0'), ('402', '0', '162', '104', '同意', '1448357880', '1', '1', '0'), ('403', '402', '162', '104', '同意', '1448357885', '1', '1', '0'), ('404', '401', '161', '104', '同意', '1448357894', '1', '1', '0'), ('405', '0', '163', '104', '同意', '1448358499', '1', '1', '0'), ('406', '405', '163', '104', '同意', '1448358504', '1', '1', '0'), ('407', '0', '164', '104', '申请', '1448358528', '1', '1', '0'), ('408', '407', '164', '104', '同意', '1448358528', '1', '1', '0'), ('409', '406', '163', '104', '同意', '1448358576', '1', '1', '0'), ('410', '409', '163', '104', '同意', '1448358611', '1', '1', '0'), ('414', '408', '164', '53', '同意', '1448358661', '1', '1', '0'), ('415', '410', '163', '53', '同意', '1448358668', '1', '1', '0'), ('416', '404', '161', '115', '同意', '1448358676', '1', '1', '0'), ('417', '403', '162', '53', '同意', '1448358684', '1', '1', '0'), ('419', '261', '102', '111', '同意', '1448358728', '1', '1', '0'), ('420', '259', '101', '115', '同意', '1448358739', '1', '1', '0'), ('421', '225', '89', '53', '张院长已提交整个团队分', '1448358764', '1', '1', '0'), ('422', '207', '81', '53', '同意', '1448358771', '1', '1', '0'), ('423', '205', '80', '53', '同意', '1448358778', '1', '1', '0'), ('424', '399', '160', '104', '同意', '1448359540', '1', '1', '0'), ('425', '0', '166', '76', '同意', '1448367691', '1', '1', '0'), ('426', '0', '167', '70', '同意', '1448367789', '1', '1', '0'), ('429', '0', '170', '76', '同意', '1448368201', '1', '1', '0'), ('433', '215', '84', '53', '同意', '1448368761', '1', '1', '0'), ('435', '0', '174', '76', '同意', '1448368824', '1', '1', '0'), ('436', '0', '175', '76', '同意', '1448368838', '1', '1', '0'), ('440', '0', '177', '79', '申请', '1448373333', '1', '1', '0'), ('441', '440', '177', '74', '同意', '1448373333', '1', '1', '0'), ('442', '0', '178', '79', '申请', '1448373355', '1', '1', '0'), ('443', '442', '178', '74', '同意', '1448373355', '1', '1', '0'), ('444', '361', '142', '104', '同意', '1448381878', '1', '1', '0'), ('445', '0', '179', '111', '同意', '1448382455', '1', '1', '0'), ('446', '445', '179', '104', '同意', '1448382474', '1', '1', '0'), ('447', '419', '102', '104', '同意', '1448382478', '1', '1', '0'), ('448', '0', '180', '87', '申请', '1448396911', '1', '1', '0'), ('449', '448', '180', '52', '同意', '1448396911', '1', '1', '0'), ('450', '0', '181', '87', '同意', '1448397247', '1', '1', '0'), ('451', '0', '182', '87', '同意', '1448397403', '1', '1', '0'), ('452', '0', '183', '87', '同意', '1448397486', '1', '1', '0'), ('454', '0', '184', '111', '同意', '1448411443', '1', '1', '0'), ('455', '454', '184', '104', '同意', '1448411486', '1', '1', '0'), ('456', '0', '185', '51', '同意', '1448411528', '1', '1', '0'), ('459', '0', '187', '51', '同意', '1448412597', '1', '1', '0'), ('462', '0', '189', '70', '同意', '1448412819', '1', '1', '0'), ('464', '0', '190', '70', '申请', '1448412872', '1', '1', '0'), ('465', '464', '190', '69', '同意', '1448412872', '1', '1', '0'), ('467', '0', '191', '74', '申请', '1448413539', '1', '1', '0'), ('468', '467', '191', '74', '同意', '1448413539', '1', '1', '0'), ('469', '0', '192', '74', '申请', '1448413669', '1', '1', '0'), ('470', '469', '192', '74', '同意', '1448413669', '1', '1', '0'), ('475', '0', '194', '74', '申请', '1448414029', '1', '1', '0'), ('476', '475', '194', '74', '同意', '1448414029', '1', '1', '0'), ('478', '0', '196', '110', '同意', '1448417032', '1', '1', '0'), ('479', '0', '197', '99', '同意', '1448417046', '1', '1', '0'), ('480', '0', '198', '99', '同意', '1448417132', '1', '1', '0'), ('481', '0', '199', '110', '同意', '1448417154', '1', '1', '0'), ('482', '480', '198', '98', '同意', '1448417171', '1', '1', '0'), ('483', '479', '197', '98', '同意', '1448417180', '1', '1', '0'), ('484', '0', '200', '99', '同意', '1448417475', '1', '1', '0'), ('485', '0', '201', '99', '同意', '1448417580', '1', '1', '0'), ('486', '484', '200', '98', '同意', '1448417781', '1', '1', '0'), ('487', '478', '196', '104', '同意', '1448417793', '1', '1', '0'), ('488', '481', '199', '104', '同意', '1448417803', '1', '1', '0'), ('489', '485', '201', '98', '同意', '1448417803', '1', '1', '0'), ('490', '0', '202', '110', '同意', '1448418463', '1', '1', '0'), ('491', '488', '199', '115', '同意', '1448418559', '1', '1', '0'), ('492', '455', '184', '115', '同意', '1448418567', '1', '1', '0'), ('493', '447', '102', '115', '同意', '1448418575', '1', '1', '0'), ('494', '446', '179', '115', '同意', '1448418584', '1', '1', '0'), ('495', '487', '196', '115', '同意', '1448418591', '1', '1', '0'), ('496', '444', '142', '115', '同意', '1448418596', '1', '1', '0'), ('497', '424', '160', '115', '同意', '1448418602', '1', '1', '0'), ('498', '0', '203', '110', '同意', '1448418724', '1', '1', '0'), ('499', '490', '202', '104', '同意', '1448418842', '1', '1', '0'), ('500', '498', '203', '104', '同意', '1448418850', '1', '1', '0'), ('506', '0', '206', '48', '申请', '1448420222', '0', '1', '0'), ('512', '0', '209', '105', '申请', '1448423241', '1', '1', '0'), ('513', '512', '209', '104', '同意', '1448423241', '1', '1', '0'), ('514', '0', '210', '105', '申请', '1448423890', '1', '1', '0'), ('515', '514', '210', '104', '同意', '1448423890', '1', '1', '0'), ('516', '0', '211', '114', '申请', '1448424495', '1', '1', '0'), ('517', '516', '211', '50', '同意', '1448424495', '1', '1', '0'), ('518', '517', '211', '115', '同意', '1448424545', '1', '1', '0'), ('519', '489', '201', '115', '同意', '1448426251', '1', '1', '0'), ('520', '486', '200', '115', '同意', '1448426258', '1', '1', '0'), ('521', '483', '197', '53', '同意', '1448426266', '1', '1', '0'), ('522', '482', '198', '115', '同意', '1448426277', '1', '1', '0'), ('523', '0', '212', '103', '同意', '1448426288', '1', '1', '0'), ('524', '390', '153', '53', '不属于教学业绩', '1448426289', '1', '1', '0'), ('525', '389', '155', '115', '郭老师，您好像录错位置了', '1448426306', '1', '1', '0'), ('526', '388', '156', '53', '不属于教学建设', '1448426321', '1', '1', '0'), ('527', '387', '157', '115', '同意', '1448426334', '1', '1', '0'), ('528', '0', '213', '103', '申请', '1448426363', '1', '1', '0'), ('529', '528', '213', '98', '同意', '1448426363', '1', '1', '0'), ('530', '523', '212', '98', '同意', '1448426373', '1', '1', '0'), ('532', '529', '213', '53', '本次绩效系统统计14-15学年的考试课命题阅卷，张波老师的网络营销是15-16（1）学期的考试课', '1448426434', '1', '1', '0'), ('533', '530', '212', '103', '同意', '1448426490', '1', '1', '0'), ('534', '533', '212', '98', '同意', '1448426511', '1', '1', '0'), ('536', '0', '215', '98', '同意', '1448426611', '1', '1', '0'), ('537', '534', '212', '115', '同意', '1448426646', '1', '1', '0'), ('538', '536', '215', '98', '同意', '1448426658', '1', '1', '0'), ('540', '0', '216', '106', '同意', '1448426775', '1', '1', '0'), ('541', '0', '217', '106', '同意', '1448426810', '1', '1', '0'), ('542', '541', '217', '104', '同意', '1448426832', '1', '1', '0'), ('543', '540', '216', '104', '同意', '1448426838', '1', '1', '0'), ('548', '0', '220', '77', '同意', '1448427220', '1', '1', '0'), ('549', '0', '221', '77', '同意', '1448427220', '1', '1', '0'), ('551', '0', '222', '77', '同意', '1448427268', '1', '1', '0'), ('554', '0', '224', '77', '同意', '1448427845', '1', '1', '0'), ('556', '551', '222', '74', '同意', '1448427948', '1', '1', '0'), ('557', '0', '225', '110', '同意', '1448427956', '1', '1', '0'), ('558', '548', '220', '74', '同意', '1448427960', '1', '1', '0'), ('559', '549', '221', '74', '同意', '1448427968', '1', '1', '0'), ('560', '554', '224', '74', '同意', '1448427976', '1', '1', '0'), ('561', '0', '226', '106', '同意', '1448428003', '1', '1', '0'), ('562', '561', '226', '104', '同意', '1448428016', '1', '1', '0'), ('563', '0', '227', '110', '同意', '1448429060', '1', '1', '0'), ('564', '0', '228', '51', '同意', '1448429113', '1', '1', '0'), ('565', '132', '58', '115', '同意', '1448430013', '1', '1', '0'), ('566', '130', '57', '115', '同意', '1448430024', '1', '1', '0'), ('570', '560', '224', '115', '请按照公开发表的一般期刊10分计算分值', '1448430066', '1', '1', '0'), ('571', '559', '221', '53', '同意', '1448430072', '1', '1', '0'), ('572', '558', '220', '53', '同意', '1448430078', '1', '1', '0'), ('573', '556', '222', '53', '同意', '1448430084', '1', '1', '0'), ('574', '443', '178', '53', '同意', '1448430092', '1', '1', '0'), ('575', '476', '194', '53', '同意', '1448430098', '1', '1', '0'), ('577', '441', '177', '53', '同意', '1448430112', '1', '1', '0'), ('578', '468', '191', '115', '同意', '1448430120', '1', '1', '0'), ('579', '470', '192', '115', '同意', '1448430126', '1', '1', '0'), ('580', '0', '229', '59', '申请', '1448430461', '1', '1', '0'), ('581', '580', '229', '50', '同意', '1448430461', '1', '1', '0'), ('582', '0', '230', '59', '申请', '1448432012', '1', '1', '0'), ('583', '582', '230', '50', '同意', '1448432012', '1', '1', '0'), ('585', '583', '230', '53', '同意', '1448432084', '1', '1', '0'), ('586', '581', '229', '115', '同意', '1448432092', '1', '1', '0'), ('587', '425', '166', '74', '同意', '1448432197', '1', '1', '0'), ('588', '436', '175', '74', '同意', '1448432217', '1', '1', '0'), ('589', '435', '174', '74', '同意', '1448432230', '1', '1', '0'), ('590', '429', '170', '74', '同意', '1448432240', '1', '1', '0'), ('591', '0', '231', '59', '申请', '1448432621', '1', '1', '0'), ('592', '591', '231', '50', '同意', '1448432621', '1', '1', '0'), ('593', '0', '232', '62', '同意', '1448434127', '1', '1', '0'), ('594', '593', '232', '98', '同意', '1448434219', '1', '1', '0'), ('595', '0', '233', '62', '同意', '1448434803', '1', '1', '0'), ('596', '595', '233', '98', '同意', '1448434910', '1', '1', '0'), ('597', '0', '234', '62', '同意', '1448435175', '1', '1', '0'), ('598', '597', '234', '98', '同意', '1448435309', '1', '1', '0'), ('599', '0', '235', '62', '申请', '1448435346', '1', '1', '0'), ('600', '599', '235', '98', '同意', '1448435346', '1', '1', '0'), ('601', '0', '236', '62', '申请', '1448435372', '1', '1', '0'), ('602', '601', '236', '98', '同意', '1448435372', '1', '1', '0'), ('603', '592', '231', '53', '同意', '1448443853', '1', '1', '0'), ('604', '590', '170', '53', '同意', '1448444738', '1', '1', '0'), ('607', '587', '166', '115', '同意', '1448444777', '1', '1', '0'), ('612', '0', '237', '108', '申请', '1448445162', '1', '1', '0'), ('613', '612', '237', '104', '同意', '1448445162', '1', '1', '0'), ('614', '0', '238', '108', '申请', '1448445279', '1', '1', '0'), ('615', '614', '238', '104', '同意', '1448445279', '1', '1', '0'), ('616', '0', '239', '108', '申请', '1448445702', '1', '1', '0'), ('617', '616', '239', '104', '同意', '1448445702', '1', '1', '0'), ('618', '0', '240', '108', '申请', '1448445763', '1', '1', '0'), ('619', '618', '240', '104', '同意', '1448445763', '1', '1', '0'), ('621', '0', '242', '108', '申请', '1448446082', '1', '1', '0'), ('622', '621', '242', '104', '同意', '1448446082', '1', '1', '0'), ('623', '0', '243', '108', '申请', '1448446244', '1', '1', '0'), ('624', '623', '243', '104', '同意', '1448446244', '1', '1', '0'), ('625', '0', '244', '108', '申请', '1448446270', '1', '1', '0'), ('626', '625', '244', '104', '同意', '1448446270', '1', '1', '0'), ('627', '0', '245', '108', '申请', '1448446292', '1', '1', '0'), ('628', '627', '245', '104', '同意', '1448446292', '1', '1', '0'), ('629', '0', '246', '108', '申请', '1448446316', '1', '1', '0'), ('630', '629', '246', '104', '同意', '1448446316', '1', '1', '0'), ('631', '244', '96', '115', '同意', '1448454442', '1', '1', '0'), ('632', '242', '95', '115', '同意', '1448454454', '1', '1', '0'), ('634', '62', '23', '115', '同意', '1448454515', '1', '1', '0'), ('635', '0', '247', '105', '申请', '1448462755', '1', '1', '0'), ('636', '635', '247', '104', '同意', '1448462755', '1', '1', '0'), ('637', '383', '151', '116', '同意', '1448469209', '1', '1', '0'), ('638', '70', '27', '115', '同意', '1448469237', '1', '1', '0'), ('640', '449', '180', '115', '同意', '1448469268', '1', '1', '0'), ('641', '602', '236', '53', '同意', '1448478684', '1', '1', '0'), ('642', '600', '235', '53', '同意', '1448478696', '1', '1', '0'), ('643', '598', '234', '53', '', '1448478709', '1', '1', '0'), ('644', '596', '233', '115', '同意', '1448478719', '1', '1', '0'), ('645', '594', '232', '115', '同意', '1448478750', '1', '1', '0'), ('646', '0', '248', '110', '申请', '1448485603', '0', '1', '0'), ('647', '0', '249', '110', '同意', '1448485729', '1', '1', '0'), ('648', '647', '249', '104', '同意', '1448485754', '1', '1', '0'), ('649', '126', '55', '115', '同意', '1448496046', '1', '1', '0'), ('650', '74', '29', '115', '', '1448496085', '0', '1', '0'), ('651', '72', '28', '115', '同意', '1448496096', '1', '1', '0'), ('652', '120', '52', '115', '', '1448496112', '0', '1', '0'), ('653', '122', '53', '115', '', '1448496122', '0', '1', '0'), ('654', '68', '26', '115', '同意', '1448496134', '1', '1', '0'), ('655', '64', '24', '115', '同意', '1448496144', '1', '1', '0'), ('656', '382', '135', '115', '同意', '1448496166', '1', '1', '0'), ('657', '352', '136', '115', '同意', '1448496172', '1', '1', '0'), ('658', '124', '54', '115', '', '1448496193', '0', '1', '0'), ('659', '66', '25', '115', '同意', '1448496203', '1', '1', '0'), ('660', '276', '39', '102', '同意', '1448503148', '1', '1', '0'), ('661', '0', '250', '96', '申请', '1448504714', '1', '1', '0'), ('662', '661', '250', '50', '同意', '1448504714', '1', '1', '0'), ('663', '465', '190', '115', '同意', '1448504718', '1', '1', '0'), ('665', '398', '159', '115', '不包括15-16（1）学期', '1448504730', '1', '1', '0'), ('666', '0', '251', '96', '申请', '1448504976', '1', '1', '0'), ('667', '666', '251', '50', '同意', '1448504976', '1', '1', '0'), ('668', '0', '252', '69', '申请', '1448505805', '1', '1', '0'), ('669', '668', '252', '69', '同意', '1448505805', '1', '1', '0'), ('670', '669', '252', '115', '同意', '1448505830', '1', '1', '0'), ('671', '667', '251', '115', '同意', '1448505831', '1', '1', '0'), ('672', '662', '250', '115', '同意', '1448505842', '1', '1', '0'), ('673', '0', '253', '110', '申请', '1448506577', '1', '1', '0'), ('674', '673', '253', '104', '同意', '1448506577', '1', '1', '0'), ('675', '0', '254', '110', '申请', '1448506980', '1', '1', '0'), ('676', '675', '254', '104', '同意', '1448506980', '1', '1', '0'), ('677', '0', '255', '78', '同意', '1448509700', '1', '1', '0'), ('679', '0', '257', '100', '同意', '1448510030', '1', '1', '0'), ('680', '679', '257', '98', '同意', '1448510134', '1', '1', '0'), ('682', '0', '258', '103', '申请', '1448511711', '1', '1', '0'), ('683', '682', '258', '98', '同意', '1448511711', '1', '1', '0'), ('684', '0', '259', '103', '申请', '1448511884', '1', '1', '0'), ('685', '684', '259', '98', '同意', '1448511884', '1', '1', '0'), ('686', '0', '260', '78', '申请', '1448513015', '1', '1', '0'), ('687', '686', '260', '74', '同意', '1448513015', '1', '1', '0'), ('688', '0', '261', '78', '申请', '1448513039', '1', '1', '0'), ('689', '688', '261', '74', '同意', '1448513039', '1', '1', '0'), ('690', '677', '255', '74', '同意', '1448514187', '1', '1', '0'), ('691', '0', '262', '82', '同意', '1448518650', '1', '1', '0'), ('692', '691', '262', '82', '同意', '1448518658', '1', '1', '0'), ('693', '0', '263', '82', '申请', '1448518732', '1', '1', '0'), ('694', '693', '263', '82', '同意', '1448518732', '1', '1', '0'), ('695', '690', '255', '115', '同意', '1448521223', '1', '1', '0'), ('696', '689', '261', '53', '同意', '1448521233', '1', '1', '0'), ('697', '687', '260', '53', '同意', '1448521242', '1', '1', '0'), ('698', '0', '264', '57', '申请', '1448523260', '1', '1', '0'), ('699', '698', '264', '52', '同意', '1448523260', '1', '1', '0'), ('700', '0', '265', '57', '申请', '1448523330', '1', '1', '0'), ('701', '700', '265', '52', '同意', '1448523330', '1', '1', '0'), ('702', '0', '266', '57', '申请', '1448523369', '1', '1', '0'), ('703', '702', '266', '52', '同意', '1448523369', '1', '1', '0'), ('704', '0', '267', '62', '同意', '1448523527', '1', '1', '0'), ('705', '704', '267', '98', '同意', '1448523533', '1', '1', '0'), ('706', '0', '268', '62', '同意', '1448523596', '1', '1', '0'), ('707', '706', '268', '98', '同意', '1448523611', '1', '1', '0'), ('708', '0', '269', '62', '同意', '1448525069', '1', '1', '0'), ('709', '708', '269', '98', '同意', '1448525076', '1', '1', '0'), ('710', '0', '270', '62', '同意', '1448525309', '1', '1', '0'), ('711', '710', '270', '98', '同意', '1448525316', '1', '1', '0'), ('712', '0', '271', '62', '同意', '1448525565', '1', '1', '0'), ('714', '0', '272', '62', '同意', '1448525615', '1', '1', '0'), ('715', '714', '272', '98', '同意', '1448525619', '1', '1', '0'), ('716', '0', '273', '62', '同意', '1448525649', '1', '1', '0'), ('717', '716', '273', '98', '同意', '1448525654', '1', '1', '0'), ('718', '712', '271', '62', '同意', '1448525688', '1', '1', '0'), ('719', '718', '271', '62', '同意', '1448525699', '1', '0', '0'), ('720', '719', '271', '98', '同意', '1448525772', '1', '1', '0'), ('721', '0', '274', '62', '同意', '1448525956', '1', '1', '0'), ('722', '721', '274', '98', '同意', '1448525965', '1', '1', '0'), ('723', '694', '263', '115', '同意', '1448528725', '1', '1', '0'), ('724', '692', '262', '115', '', '1448528735', '0', '1', '0'), ('727', '0', '275', '108', '同意', '1448536245', '1', '1', '0'), ('728', '727', '275', '104', '同意', '1448536275', '1', '1', '0'), ('729', '557', '225', '104', '同意', '1448537300', '1', '1', '0'), ('730', '563', '227', '104', '同意', '1448537459', '1', '1', '0'), ('731', '703', '266', '115', '同意', '1448541846', '1', '1', '0'), ('732', '701', '265', '115', '同意', '1448541922', '1', '1', '0'), ('733', '699', '264', '115', '同意', '1448541936', '1', '1', '0'), ('734', '637', '151', '52', '同意', '1448552547', '1', '1', '0'), ('735', '734', '151', '115', '同意', '1448554897', '1', '1', '0'), ('740', '0', '277', '79', '申请', '1448609777', '1', '1', '0'), ('741', '740', '277', '74', '同意', '1448609777', '1', '1', '0'), ('742', '741', '277', '115', '同意', '1448609843', '1', '1', '0'), ('743', '0', '278', '114', '同意', '1448622466', '1', '1', '0'), ('744', '743', '278', '50', '同意', '1448622480', '1', '1', '0'), ('749', '0', '281', '57', '同意', '1448709834', '1', '1', '0'), ('750', '749', '281', '52', '同意', '1448709873', '1', '1', '0'), ('751', '0', '282', '57', '同意', '1448710043', '1', '1', '0'), ('752', '751', '282', '52', '同意', '1448710091', '1', '1', '0'), ('753', '0', '283', '57', '同意', '1448710353', '1', '1', '0'), ('754', '753', '283', '52', '同意', '1448710450', '1', '1', '0'), ('757', '0', '286', '57', '同意', '1448711155', '1', '1', '0'), ('758', '757', '286', '52', '同意', '1448711188', '1', '1', '0'), ('761', '0', '289', '75', '同意', '1448775333', '1', '1', '0'), ('762', '0', '290', '75', '申请', '1448775413', '0', '1', '0'), ('763', '0', '291', '75', '申请', '1448775699', '0', '1', '0'), ('764', '0', '292', '80', '申请', '1448788378', '1', '1', '0'), ('765', '764', '292', '74', '同意', '1448788378', '0', '1', '0'), ('766', '0', '293', '80', '申请', '1448788411', '1', '1', '0'), ('767', '766', '293', '74', '同意', '1448788411', '0', '1', '0'), ('771', '758', '286', '115', '同意', '1448799422', '1', '1', '0'), ('772', '754', '283', '115', '同意', '1448799429', '1', '1', '0'), ('773', '752', '282', '115', '同意', '1448799439', '1', '1', '0'), ('774', '750', '281', '115', '同意', '1448799446', '1', '1', '0'), ('776', '0', '294', '110', '申请', '1448843837', '1', '1', '0'), ('777', '776', '294', '104', '同意', '1448843837', '1', '1', '0'), ('778', '722', '274', '115', '同意', '1448846743', '1', '1', '0'), ('779', '720', '271', '115', '同意', '1448846751', '1', '1', '0'), ('780', '717', '273', '115', '同意', '1448846756', '1', '1', '0'), ('781', '715', '272', '115', '同意', '1448846764', '1', '1', '0'), ('782', '711', '270', '115', '同意', '1448846771', '1', '1', '0'), ('783', '709', '269', '115', '同意', '1448846780', '1', '1', '0'), ('784', '707', '268', '53', '同意，班级是电商1302', '1448846789', '1', '1', '0'), ('785', '705', '267', '115', '同意', '1448846798', '1', '1', '0'), ('786', '685', '259', '115', '同意', '1448846811', '1', '1', '0'), ('787', '683', '258', '115', '同意', '1448846817', '1', '1', '0'), ('788', '680', '257', '115', '得分异常（完成人均为0分），请修改或删除重新新建', '1448846826', '1', '1', '0'), ('789', '788', '257', '100', '同意', '1448848137', '1', '1', '0'), ('792', '0', '296', '91', '申请', '1448852856', '1', '1', '0'), ('793', '792', '296', '52', '同意', '1448852856', '1', '1', '0'), ('794', '0', '297', '91', '申请', '1448853029', '1', '1', '0'), ('795', '794', '297', '52', '同意', '1448853029', '1', '1', '0'), ('796', '0', '298', '91', '申请', '1448853056', '1', '1', '0'), ('797', '796', '298', '52', '同意', '1448853056', '1', '1', '0'), ('798', '0', '299', '75', '申请', '1448853816', '1', '1', '0'), ('799', '798', '299', '74', '同意', '1448853816', '0', '1', '0'), ('801', '538', '215', '53', '同意', '1448862567', '1', '1', '0'), ('802', '0', '300', '81', '申请', '1448863287', '1', '1', '0'), ('803', '802', '300', '74', '本学期不用录入', '1448863287', '0', '1', '0'), ('804', '0', '301', '81', '申请', '1448863312', '1', '1', '0'), ('805', '804', '301', '74', '本学期不用录入', '1448863312', '0', '1', '0'), ('810', '0', '304', '76', '同意', '1448863765', '1', '1', '0'), ('815', '810', '304', '74', '同意', '1448863903', '1', '1', '0'), ('818', '0', '308', '57', '同意', '1448866209', '1', '1', '0'), ('819', '0', '309', '71', '申请', '1448866218', '1', '1', '0'), ('820', '819', '309', '69', '同意', '1448866218', '1', '1', '0'), ('821', '0', '310', '71', '申请', '1448866253', '1', '1', '0'), ('822', '821', '310', '69', '同意', '1448866253', '1', '1', '0'), ('823', '0', '311', '71', '申请', '1448866291', '1', '1', '0'), ('824', '823', '311', '69', '同意', '1448866291', '1', '1', '0'), ('825', '0', '312', '71', '申请', '1448866321', '1', '1', '0'), ('826', '825', '312', '69', '同意', '1448866321', '1', '1', '0'), ('827', '0', '313', '71', '申请', '1448866360', '1', '1', '0'), ('828', '827', '313', '69', '同意', '1448866360', '1', '1', '0'), ('831', '818', '308', '52', '同意', '1448866696', '1', '1', '0'), ('832', '0', '315', '57', '同意', '1448866822', '1', '1', '0'), ('833', '832', '315', '52', '同意', '1448866842', '1', '1', '0'), ('834', '0', '316', '57', '同意', '1448867119', '1', '1', '0'), ('835', '834', '316', '52', '同意', '1448867129', '1', '1', '0'), ('836', '0', '317', '57', '同意', '1448868392', '1', '1', '0'), ('837', '836', '317', '52', '同意', '1448868397', '1', '1', '0'), ('838', '0', '318', '57', '申请', '1448868420', '1', '1', '0'), ('839', '838', '318', '52', '同意', '1448868420', '1', '1', '0'), ('840', '0', '319', '71', '申请', '1448868463', '1', '1', '0'), ('841', '840', '319', '69', '同意', '1448868463', '1', '1', '0'), ('842', '0', '320', '71', '申请', '1448868492', '1', '1', '0'), ('843', '842', '320', '69', '同意', '1448868492', '1', '1', '0'), ('844', '0', '321', '71', '申请', '1448868524', '1', '1', '0'), ('845', '844', '321', '69', '同意', '1448868524', '1', '1', '0'), ('846', '0', '322', '75', '同意', '1448870384', '1', '1', '0'), ('847', '144', '33', '109', '', '1448870468', '0', '1', '0'), ('851', '0', '324', '110', '申请', '1448870850', '1', '1', '0'), ('852', '851', '324', '104', '同意', '1448870850', '1', '1', '0'), ('855', '0', '326', '94', '同意', '1448874402', '1', '1', '0'), ('856', '855', '326', '50', '同意', '1448874410', '1', '1', '0'), ('857', '0', '327', '94', '申请', '1448874468', '1', '1', '0'), ('858', '857', '327', '50', '同意', '1448874468', '1', '1', '0'), ('859', '328', '125', '50', '同意', '1448874492', '1', '1', '0'), ('860', '845', '321', '53', '同意', '1448876267', '1', '1', '0'), ('861', '843', '320', '53', '同意', '1448876275', '1', '1', '0'), ('862', '841', '319', '53', '同意', '1448876281', '1', '1', '0'), ('863', '828', '313', '53', '考试命题阅卷是统计14-15学年，本学期此次不参与', '1448876288', '1', '1', '0'), ('864', '826', '312', '53', '考试命题阅卷是统计14-15学年，本学期此次不参与', '1448876293', '1', '1', '0'), ('865', '824', '311', '53', '考试命题阅卷是统计14-15学年，本学期此次不参与', '1448876299', '1', '1', '0'), ('867', '822', '310', '53', '同意', '1448876312', '1', '1', '0'), ('868', '820', '309', '53', '同意', '1448876318', '1', '1', '0'), ('869', '0', '328', '69', '申请', '1448876367', '1', '1', '0'), ('870', '869', '328', '69', '同意', '1448876367', '1', '1', '0'), ('871', '0', '329', '69', '申请', '1448876401', '1', '1', '0'), ('872', '871', '329', '69', '同意', '1448876401', '1', '1', '0'), ('873', '872', '329', '53', '同意', '1448876442', '1', '1', '0'), ('874', '870', '328', '53', '同意', '1448876447', '1', '1', '0'), ('875', '839', '318', '115', '同意', '1448880020', '1', '1', '0'), ('876', '837', '317', '115', '同意', '1448880032', '1', '1', '0'), ('877', '835', '316', '115', '同意', '1448880051', '1', '1', '0'), ('878', '833', '315', '115', '同意', '1448880077', '1', '1', '0'), ('879', '831', '308', '115', '同意', '1448880106', '1', '1', '0'), ('880', '797', '298', '115', '同意', '1448880119', '1', '1', '0'), ('881', '795', '297', '115', '同意', '1448880314', '1', '1', '0'), ('890', '0', '330', '74', '申请', '1448882661', '1', '1', '0'), ('891', '890', '330', '74', '同意', '1448882661', '1', '1', '0'), ('892', '891', '330', '53', '同意', '1448882675', '1', '1', '0'), ('893', '0', '331', '87', '同意', '1448882971', '1', '1', '0'), ('894', '0', '332', '87', '申请', '1448884598', '1', '1', '0'), ('895', '894', '332', '52', '同意', '1448884598', '1', '1', '0'), ('896', '0', '333', '87', '申请', '1448884651', '1', '1', '0'), ('897', '896', '333', '52', '同意', '1448884651', '1', '1', '0'), ('898', '0', '334', '87', '申请', '1448884864', '1', '1', '0'), ('899', '898', '334', '52', '同意', '1448884864', '1', '1', '0'), ('900', '0', '335', '87', '申请', '1448884890', '1', '1', '0'), ('901', '900', '335', '52', '同意', '1448884890', '1', '1', '0'), ('902', '901', '335', '53', '人员测评与甄选是14-15（1）考查课', '1448886750', '1', '1', '0'), ('903', '793', '296', '115', '请按照公开发表的一般期刊10分计算分值（学术委员会决议）', '1448886769', '1', '1', '0'), ('904', '895', '332', '53', '同意', '1448886777', '1', '1', '0'), ('905', '897', '333', '53', '重复提交', '1448886786', '1', '1', '0'), ('906', '899', '334', '53', '同意', '1448886793', '1', '1', '0'), ('911', '0', '339', '59', '申请', '1448887006', '1', '1', '0'), ('912', '911', '339', '50', '同意', '1448887006', '1', '1', '0'), ('913', '0', '340', '59', '申请', '1448887034', '1', '1', '0'), ('914', '913', '340', '50', '同意', '1448887034', '1', '1', '0'), ('915', '0', '341', '59', '申请', '1448887061', '1', '1', '0'), ('916', '915', '341', '50', '同意', '1448887061', '1', '1', '0'), ('917', '0', '342', '76', '同意', '1448889951', '1', '1', '0'), ('918', '0', '343', '76', '同意', '1448889981', '1', '1', '0'), ('919', '917', '342', '74', '同意', '1448890000', '1', '1', '0'), ('920', '918', '343', '74', '同意', '1448890010', '1', '1', '0'), ('922', '0', '345', '111', '同意', '1448927739', '1', '1', '0'), ('923', '0', '346', '111', '同意', '1448927760', '1', '1', '0'), ('924', '920', '343', '53', '同意', '1448930660', '1', '1', '0'), ('925', '919', '342', '53', '同意', '1448930669', '1', '1', '0'), ('926', '0', '347', '74', '申请', '1448931079', '1', '1', '0'), ('927', '926', '347', '74', '同意', '1448931079', '1', '1', '0'), ('928', '927', '347', '53', '同意', '1448931099', '1', '1', '0'), ('929', '815', '304', '53', '已提交两项国际金融考试命题阅卷', '1448931169', '1', '1', '0'), ('931', '0', '348', '72', '同意', '1448932013', '1', '1', '0'), ('934', '931', '348', '69', '同意', '1448932088', '1', '1', '0'), ('935', '923', '346', '104', '同意', '1448932740', '1', '1', '0'), ('936', '922', '345', '104', '同意', '1448932745', '1', '1', '0'), ('937', '934', '348', '72', '同意', '1448932764', '1', '1', '0'), ('939', '311', '44', '70', '同意', '1448932775', '1', '1', '0'), ('940', '937', '348', '69', '同意', '1448932852', '1', '1', '0'), ('941', '0', '350', '72', '申请', '1448932889', '1', '1', '0'), ('942', '941', '350', '69', '同意', '1448932889', '1', '1', '0'), ('943', '0', '351', '72', '申请', '1448932922', '1', '1', '0'), ('944', '943', '351', '69', '同意', '1448932922', '1', '1', '0'), ('945', '307', '48', '70', '同意', '1448932927', '1', '1', '0'), ('947', '0', '352', '72', '申请', '1448932962', '1', '1', '0'), ('948', '947', '352', '69', '同意', '1448932962', '1', '1', '0'), ('949', '948', '352', '53', '同意', '1448933052', '1', '1', '0'), ('950', '944', '351', '53', '同意', '1448933056', '1', '1', '0'), ('951', '942', '350', '53', '中央银行学考试课是14-15（1）', '1448933061', '1', '1', '0'), ('952', '940', '348', '53', '中央银行学考试课是14-15（1）', '1448933066', '1', '1', '0'), ('953', '0', '353', '96', '申请', '1448933252', '1', '1', '0'), ('954', '953', '353', '50', '同意', '1448933252', '1', '1', '0'), ('955', '0', '354', '96', '申请', '1448933276', '1', '1', '0'), ('956', '955', '354', '50', '同意', '1448933276', '1', '1', '0'), ('957', '0', '355', '109', '同意', '1448933378', '1', '1', '0'), ('958', '957', '355', '104', '同意', '1448933409', '1', '1', '0'), ('959', '0', '356', '111', '同意', '1448933912', '1', '1', '0'), ('960', '959', '356', '104', '同意', '1448934071', '1', '1', '0'), ('961', '0', '357', '114', '申请', '1448934239', '1', '1', '0'), ('962', '961', '357', '50', '同意', '1448934239', '1', '1', '0'), ('963', '0', '358', '114', '申请', '1448934262', '1', '1', '0'), ('964', '963', '358', '50', '同意', '1448934262', '1', '1', '0'), ('965', '0', '359', '114', '申请', '1448934282', '1', '1', '0'), ('966', '965', '359', '50', '同意', '1448934282', '1', '1', '0'), ('967', '0', '360', '103', '申请', '1448936512', '1', '1', '0'), ('968', '967', '360', '98', '同意', '1448936512', '1', '1', '0'), ('969', '0', '361', '77', '同意', '1448936997', '1', '1', '0'), ('970', '0', '362', '77', '同意', '1448937017', '1', '1', '0'), ('971', '0', '363', '77', '同意', '1448937074', '1', '1', '0'), ('972', '971', '363', '74', '同意', '1448937085', '1', '1', '0'), ('973', '970', '362', '74', '同意', '1448937094', '1', '1', '0'), ('974', '969', '361', '74', '同意', '1448937100', '1', '1', '0'), ('975', '960', '356', '115', '同意', '1448941058', '1', '1', '0'), ('976', '958', '355', '115', '同意', '1448941066', '1', '1', '0'), ('977', '936', '345', '53', '同意', '1448941073', '1', '1', '0'), ('978', '935', '346', '53', '同意', '1448941080', '1', '1', '0'), ('979', '852', '324', '53', '同意', '1448941086', '1', '1', '0'), ('980', '777', '294', '115', '同意', '1448941105', '1', '1', '0'), ('981', '730', '227', '115', '同意', '1448941115', '1', '1', '0'), ('982', '729', '225', '115', '同意', '1448941129', '1', '1', '0'), ('983', '728', '275', '115', '同意', '1448941145', '1', '1', '0'), ('984', '676', '254', '115', '同意', '1448941157', '1', '1', '0'), ('985', '674', '253', '115', '同意', '1448941163', '1', '1', '0'), ('986', '648', '249', '115', '同意', '1448941170', '1', '1', '0'), ('987', '636', '247', '115', '同意', '1448941177', '1', '1', '0'), ('988', '630', '246', '53', '同意', '1448941184', '1', '1', '0'), ('989', '628', '245', '53', '同意', '1448941189', '1', '1', '0'), ('990', '626', '244', '53', '同意', '1448941195', '1', '1', '0'), ('991', '624', '243', '53', '同意', '1448941199', '1', '1', '0'), ('992', '622', '242', '53', '同意', '1448941205', '1', '1', '0'), ('993', '619', '240', '53', '同意', '1448941211', '1', '1', '0'), ('994', '617', '239', '53', '同意', '1448941219', '1', '1', '0'), ('995', '615', '238', '53', '同意', '1448941227', '1', '1', '0'), ('996', '613', '237', '53', '同意', '1448941234', '1', '1', '0'), ('997', '562', '226', '53', '同意', '1448941243', '1', '1', '0'), ('998', '543', '216', '53', '同意', '1448941249', '1', '1', '0'), ('999', '542', '217', '53', '同意', '1448941255', '1', '1', '0'), ('1000', '515', '210', '53', '同意', '1448941260', '1', '1', '0'), ('1001', '513', '209', '115', '同意', '1448941265', '1', '1', '0'), ('1004', '500', '203', '115', '同意', '1448941282', '1', '1', '0'), ('1005', '499', '202', '115', '同意', '1448941287', '1', '1', '0'), ('1006', '588', '175', '53', '同意', '1448943766', '1', '1', '0'), ('1007', '972', '363', '53', '同意', '1448943934', '1', '1', '0'), ('1008', '974', '361', '53', '同意', '1448943949', '1', '1', '0'), ('1009', '973', '362', '53', '同意', '1448943959', '1', '1', '0'), ('1010', '589', '174', '53', '同意', '1448943970', '1', '1', '0'), ('1011', '0', '364', '100', '申请', '1448945030', '1', '1', '0'), ('1012', '1011', '364', '98', '同意', '1448945030', '1', '1', '0'), ('1013', '966', '359', '53', '同意', '1448945091', '1', '1', '0'), ('1014', '789', '257', '98', '同意', '1448945095', '1', '1', '0'), ('1015', '964', '358', '53', '同意', '1448945101', '1', '1', '0'), ('1018', '1014', '257', '115', '同意', '1448946736', '1', '1', '0'), ('1019', '1012', '364', '53', '同意', '1448946748', '1', '1', '0'), ('1020', '968', '360', '53', '同意', '1448946757', '1', '1', '0'), ('1021', '0', '366', '98', '同意', '1448946862', '1', '1', '0'), ('1022', '1021', '366', '98', '同意', '1448946927', '1', '1', '0'), ('1023', '1022', '366', '53', '同意', '1448946947', '1', '1', '0'), ('1024', '0', '367', '72', '申请', '1448946980', '1', '1', '0'), ('1025', '1024', '367', '69', '同意', '1448946980', '1', '1', '0'), ('1026', '0', '368', '100', '申请', '1448947402', '1', '1', '0'), ('1027', '1026', '368', '98', '同意', '1448947402', '1', '1', '0'), ('1028', '0', '369', '102', '申请', '1448947486', '0', '1', '0'), ('1029', '0', '370', '102', '申请', '1448947504', '0', '1', '0'), ('1030', '0', '371', '100', '申请', '1448947614', '1', '1', '0'), ('1031', '1030', '371', '98', '同意', '1448947614', '1', '1', '0'), ('1032', '0', '372', '102', '申请', '1448947623', '0', '1', '0'), ('1033', '0', '373', '70', '同意', '1448947939', '1', '1', '0'), ('1034', '0', '374', '70', '同意', '1448948017', '1', '1', '0'), ('1035', '0', '375', '70', '同意', '1448948062', '1', '1', '0'), ('1036', '0', '376', '70', '同意', '1448948082', '1', '1', '0'), ('1037', '0', '377', '70', '同意', '1448948112', '1', '1', '0'), ('1038', '0', '378', '107', '申请', '1448948380', '0', '1', '0'), ('1039', '0', '379', '107', '申请', '1448948401', '0', '1', '0'), ('1040', '0', '380', '107', '申请', '1448948444', '0', '1', '0'), ('1043', '962', '357', '53', '同意', '1448948662', '1', '1', '0'), ('1044', '916', '341', '53', '同意', '1448948680', '1', '1', '0'), ('1045', '956', '354', '53', '同意', '1448948685', '1', '1', '0'), ('1047', '954', '353', '53', '同意', '1448948691', '1', '1', '0'), ('1048', '914', '340', '53', '同意', '1448948696', '1', '1', '0'), ('1049', '912', '339', '53', '同意', '1448948702', '1', '1', '0'), ('1050', '859', '125', '53', '同意，14-15（1）学期财务管理学是财会1201、1202班考试课程', '1448948708', '1', '1', '0'), ('1051', '858', '327', '53', '同意', '1448948714', '1', '1', '0'), ('1052', '856', '326', '53', '同意，14-15（1）学期财务管理学是财会1201班考试课程', '1448948720', '1', '1', '0'), ('1053', '744', '278', '53', '同意', '1448948726', '1', '1', '0'), ('1055', '0', '385', '107', '同意', '1448948735', '1', '1', '0'), ('1057', '0', '386', '109', '申请', '1448948786', '1', '1', '0'), ('1058', '1057', '386', '104', '同意', '1448948786', '1', '1', '0'), ('1063', '0', '387', '75', '同意', '1448949370', '1', '1', '0'), ('1064', '0', '388', '75', '同意', '1448949405', '1', '1', '0'), ('1065', '0', '389', '75', '同意', '1448949427', '1', '1', '0'), ('1070', '0', '392', '59', '同意', '1448950660', '1', '1', '0'), ('1074', '0', '393', '109', '同意', '1448950767', '1', '1', '0'), ('1075', '0', '394', '109', '同意', '1448950988', '1', '1', '0'), ('1077', '1075', '394', '104', '同意', '1448951195', '1', '1', '0'), ('1078', '1074', '393', '104', '同意', '1448951202', '1', '1', '0'), ('1079', '1070', '392', '50', '同意', '1448951267', '1', '1', '0'), ('1081', '0', '396', '103', '申请', '1448951842', '1', '1', '0'), ('1082', '1081', '396', '98', '同意', '1448951842', '1', '1', '0'), ('1083', '0', '397', '103', '申请', '1448951871', '1', '1', '0'), ('1084', '1083', '397', '98', '同意', '1448951871', '1', '1', '0'), ('1085', '0', '398', '105', '申请', '1448952406', '1', '1', '0'), ('1086', '1085', '398', '104', '同意', '1448952406', '1', '1', '0'), ('1087', '0', '399', '105', '申请', '1448952427', '1', '1', '0'), ('1088', '1087', '399', '104', '同意', '1448952427', '1', '1', '0'), ('1089', '0', '400', '105', '申请', '1448952450', '1', '1', '0'), ('1090', '1089', '400', '104', '同意', '1448952450', '1', '1', '0'), ('1091', '0', '401', '109', '同意', '1448953986', '1', '1', '0'), ('1092', '0', '402', '73', '申请', '1448954046', '0', '1', '0'), ('1093', '0', '403', '73', '申请', '1448954073', '0', '1', '0'), ('1094', '0', '404', '109', '同意', '1448954136', '1', '1', '0'), ('1096', '1025', '367', '115', '成员均为零分，需重新修改', '1448955717', '1', '1', '0'), ('1097', '0', '406', '48', '申请', '1448966443', '0', '1', '0'), ('1098', '0', '407', '94', '申请', '1448966757', '1', '1', '0'), ('1099', '1098', '407', '50', '同意', '1448966757', '1', '1', '0'), ('1103', '0', '408', '91', '同意', '1448970948', '1', '1', '0'), ('1106', '0', '411', '91', '申请', '1448971584', '1', '1', '0'), ('1107', '1106', '411', '52', '同意', '1448971584', '1', '1', '0'), ('1109', '0', '413', '91', '同意', '1448971703', '1', '1', '0'), ('1110', '0', '414', '91', '申请', '1448971729', '1', '1', '0'), ('1111', '1110', '414', '52', '同意', '1448971729', '1', '1', '0'), ('1112', '1111', '414', '53', '同意', '1448972990', '1', '1', '0'), ('1113', '1107', '411', '53', '同意', '1448972997', '1', '1', '0'), ('1114', '0', '415', '87', '申请', '1448973501', '1', '1', '0'), ('1115', '1114', '415', '52', '同意', '1448973501', '1', '1', '0'), ('1116', '0', '416', '87', '申请', '1448973518', '1', '1', '0'), ('1117', '1116', '416', '52', '同意', '1448973518', '1', '1', '0'), ('1118', '0', '417', '87', '申请', '1448973539', '1', '1', '0'), ('1119', '1118', '417', '52', '同意', '1448973539', '1', '1', '0'), ('1120', '0', '418', '87', '申请', '1448973562', '1', '1', '0'), ('1121', '1120', '418', '52', '同意', '1448973562', '1', '1', '0'), ('1122', '0', '419', '87', '申请', '1448973586', '1', '1', '0'), ('1123', '1122', '419', '52', '同意', '1448973586', '1', '1', '0'), ('1124', '0', '420', '93', '申请', '1448974998', '1', '1', '0'), ('1125', '1124', '420', '52', '同意', '1448974998', '1', '1', '0'), ('1126', '0', '421', '93', '申请', '1448975166', '1', '1', '0'), ('1127', '1126', '421', '52', '同意', '1448975166', '1', '1', '0'), ('1128', '0', '422', '92', '申请', '1448975306', '1', '1', '0'), ('1129', '1128', '422', '52', '', '1448975306', '1', '1', '0'), ('1130', '0', '423', '92', '申请', '1448975433', '1', '1', '0'), ('1131', '1130', '423', '52', '同意', '1448975433', '1', '1', '0'), ('1132', '0', '424', '92', '申请', '1448975478', '1', '1', '0'), ('1133', '1132', '424', '52', '同意', '1448975478', '1', '1', '0'), ('1134', '0', '425', '92', '申请', '1448975616', '1', '1', '0'), ('1135', '1134', '425', '52', '同意', '1448975616', '1', '1', '0'), ('1136', '0', '426', '112', '申请', '1448976283', '1', '1', '0'), ('1137', '1136', '426', '3', '同意', '1448976283', '1', '1', '0'), ('1138', '1091', '401', '104', '同意', '1448977842', '1', '1', '0'), ('1139', '0', '427', '110', '申请', '1448977879', '1', '1', '0'), ('1140', '1139', '427', '104', '同意', '1448977879', '1', '1', '0'), ('1141', '1094', '404', '104', '同意', '1448977968', '1', '1', '0'), ('1142', '1129', '422', '92', '同意', '1448978227', '1', '1', '0'), ('1143', '1135', '425', '53', '同意', '1448978265', '1', '1', '0'), ('1144', '1133', '424', '53', '同意', '1448978281', '1', '1', '0'), ('1145', '1131', '423', '53', '同意', '1448978289', '1', '1', '0'), ('1146', '1127', '421', '53', '重复提交', '1448978297', '1', '1', '0'), ('1147', '1125', '420', '53', '同意', '1448978303', '1', '1', '0'), ('1148', '1121', '418', '53', '同意', '1448981965', '1', '1', '0'), ('1149', '1119', '417', '53', '人员测评与甄选是考查课', '1448981972', '1', '1', '0'), ('1150', '1117', '416', '53', '同意', '1448981978', '1', '1', '0'), ('1151', '1115', '415', '53', '同意', '1448981984', '1', '1', '0'), ('1152', '1123', '419', '53', '同意', '1448982001', '1', '1', '0'), ('1153', '1140', '427', '53', '同意', '1449013980', '1', '1', '0'), ('1154', '1090', '400', '53', '同意', '1449013987', '1', '1', '0'), ('1155', '1088', '399', '53', '同意', '1449013994', '1', '1', '0'), ('1156', '1078', '393', '53', '同意', '1449014001', '1', '1', '0'), ('1157', '1086', '398', '53', '同意', '1449014009', '1', '1', '0'), ('1162', '1077', '394', '53', '同意', '1449014111', '1', '1', '0'), ('1163', '1141', '404', '115', '同意', '1449014129', '1', '1', '0'), ('1164', '1138', '401', '115', '同意', '1449014134', '1', '1', '0'), ('1165', '231', '91', '51', '同意', '1449015445', '1', '1', '0'), ('1167', '0', '428', '72', '同意', '1449019832', '1', '1', '0'), ('1168', '1167', '428', '69', '同意', '1449019982', '1', '1', '0'), ('1169', '1137', '426', '112', '同意', '1449021232', '1', '1', '0'), ('1170', '1169', '426', '3', '同意', '1449021324', '1', '1', '0'), ('1171', '1170', '426', '115', '倪东明老师已经录入，无需重复', '1449021356', '1', '1', '0'), ('1172', '1096', '367', '72', '同意', '1449021823', '1', '1', '0'), ('1174', '0', '430', '84', '申请', '1449022523', '1', '1', '0'), ('1175', '1174', '430', '52', '同意', '1449022523', '1', '1', '0'), ('1176', '0', '431', '84', '申请', '1449022568', '1', '1', '0'), ('1177', '1176', '431', '52', '同意', '1449022568', '1', '1', '0'), ('1178', '0', '432', '84', '申请', '1449022612', '1', '1', '0'), ('1179', '1178', '432', '52', '同意', '1449022612', '1', '1', '0'), ('1180', '0', '433', '84', '申请', '1449022672', '1', '1', '0'), ('1181', '1180', '433', '52', '同意', '1449022672', '1', '1', '0'), ('1182', '0', '434', '84', '申请', '1449022706', '1', '1', '0'), ('1183', '1182', '434', '52', '同意', '1449022706', '1', '1', '0'), ('1186', '0', '436', '92', '同意', '1449022768', '1', '1', '0'), ('1192', '0', '440', '84', '申请', '1449022950', '1', '1', '0'), ('1193', '1192', '440', '52', '同意', '1449022950', '1', '1', '0'), ('1194', '1186', '436', '52', '同意', '1449023891', '1', '1', '0'), ('1195', '1168', '428', '115', '同意', '1449024076', '1', '1', '0'), ('1196', '1193', '440', '53', '同意', '1449024594', '1', '1', '0'), ('1197', '0', '441', '84', '申请', '1449027470', '1', '1', '0'), ('1198', '1197', '441', '52', '同意', '1449027470', '1', '1', '0'), ('1199', '0', '442', '78', '申请', '1449032145', '1', '1', '0'), ('1200', '1199', '442', '74', '同意', '1449032145', '1', '1', '0'), ('1201', '0', '443', '78', '申请', '1449032167', '1', '1', '0'), ('1202', '1201', '443', '74', '同意', '1449032167', '1', '1', '0'), ('1203', '0', '444', '78', '申请', '1449032215', '1', '1', '0'), ('1204', '1203', '444', '74', '同意', '1449032215', '1', '1', '0'), ('1205', '0', '445', '95', '同意', '1449035999', '1', '1', '0'), ('1206', '0', '446', '109', '同意', '1449038836', '1', '1', '0'), ('1207', '1206', '446', '104', '同意', '1449038874', '1', '1', '0'), ('1208', '1204', '444', '53', '同意', '1449038922', '1', '1', '0'), ('1209', '1202', '443', '53', '同意', '1449038929', '1', '1', '0'), ('1210', '1200', '442', '53', '同意', '1449038936', '1', '1', '0'), ('1211', '1149', '417', '87', '同意', '1449040861', '1', '1', '0'), ('1213', '1198', '441', '53', '同意', '1449044804', '1', '1', '0'), ('1217', '1183', '434', '53', '同意', '1449044837', '1', '1', '0'), ('1218', '1181', '433', '53', '同意', '1449044843', '1', '1', '0'), ('1219', '1179', '432', '53', '同意', '1449044850', '1', '1', '0'), ('1220', '1177', '431', '53', '同意', '1449044856', '1', '1', '0'), ('1221', '1175', '430', '53', '同意', '1449044861', '1', '1', '0'), ('1222', '761', '289', '74', '同意', '1449045762', '1', '1', '0'), ('1223', '1065', '389', '74', '同意', '1449045769', '1', '1', '0'), ('1224', '1064', '388', '74', '同意', '1449045776', '1', '1', '0'), ('1225', '1063', '387', '74', '同意', '1449045786', '1', '1', '0'), ('1226', '846', '322', '74', '同意', '1449045792', '1', '1', '0'), ('1227', '1226', '322', '53', '同意', '1449045904', '1', '1', '0'), ('1228', '1225', '387', '53', '同意', '1449045914', '1', '1', '0'), ('1229', '1224', '388', '53', '同意', '1449045924', '1', '1', '0'), ('1230', '1223', '389', '53', '同意', '1449045935', '1', '1', '0'), ('1231', '1222', '289', '53', '同意', '1449045944', '1', '1', '0'), ('1234', '0', '447', '91', '申请', '1449048582', '1', '1', '0'), ('1235', '1234', '447', '52', '同意', '1449048582', '1', '1', '0'), ('1236', '1103', '408', '52', '同意', '1449048990', '1', '1', '0'), ('1237', '1109', '413', '52', '同意', '1449049007', '1', '1', '0'), ('1238', '0', '448', '3', '同意', '1449057789', '1', '1', '0'), ('1239', '1165', '91', '82', '同意', '1449058287', '1', '1', '0'), ('1240', '456', '185', '82', '同意', '1449058538', '1', '1', '0'), ('1241', '1099', '407', '115', '同意', '1449060220', '1', '1', '0'), ('1242', '1079', '392', '53', '', '1449060448', '1', '1', '0'), ('1243', '1237', '413', '53', '同意', '1449061870', '1', '1', '0'), ('1244', '1236', '408', '115', '同意', '1449061913', '1', '1', '0'), ('1245', '1235', '447', '115', '同意', '1449061932', '1', '1', '0'), ('1246', '450', '181', '52', '同意', '1449065020', '1', '1', '0'), ('1247', '451', '182', '52', '同意', '1449065073', '1', '1', '0'), ('1248', '452', '183', '52', '同意', '1449065090', '1', '1', '0'), ('1249', '1211', '417', '52', '同意', '1449065120', '1', '1', '0'), ('1250', '1248', '183', '115', '同意', '1449065344', '1', '1', '0'), ('1251', '1247', '182', '115', '同意', '1449065354', '1', '1', '0'), ('1252', '1246', '181', '115', '同意', '1449065366', '1', '1', '0'), ('1253', '1249', '417', '87', '同意', '1449065617', '1', '1', '0'), ('1254', '1240', '185', '51', '同意', '1449100385', '1', '1', '0'), ('1255', '1239', '91', '115', '同意', '1449100403', '1', '1', '0'), ('1256', '1254', '185', '82', '同意', '1449101025', '1', '1', '0'), ('1257', '1256', '185', '115', '同意', '1449101090', '1', '1', '0'), ('1258', '0', '449', '82', '申请', '1449102621', '1', '1', '0'), ('1259', '1258', '449', '82', '同意', '1449102621', '1', '1', '0'), ('1263', '0', '451', '82', '申请', '1449103171', '1', '1', '0'), ('1264', '1263', '451', '82', '同意', '1449103171', '1', '1', '0'), ('1265', '0', '452', '82', '申请', '1449103295', '1', '1', '0'), ('1266', '1265', '452', '82', '同意', '1449103295', '1', '1', '0'), ('1267', '318', '114', '69', '', '1449103677', '0', '1', '0'), ('1268', '319', '113', '69', '', '1449103897', '0', '1', '0'), ('1269', '0', '453', '82', '申请', '1449104073', '1', '1', '0'), ('1270', '1269', '453', '82', '同意', '1449104073', '1', '1', '0'), ('1271', '0', '454', '82', '申请', '1449104114', '1', '1', '0'), ('1272', '1271', '454', '82', '同意', '1449104114', '1', '1', '0'), ('1273', '1272', '454', '115', '同意', '1449104277', '1', '1', '0'), ('1274', '1270', '453', '115', '省部级项目', '1449104285', '1', '1', '0'), ('1275', '1266', '452', '115', '同意', '1449104294', '1', '1', '0'), ('1277', '1259', '449', '115', '同意', '1449104322', '1', '1', '0'), ('1278', '1264', '451', '82', '同意', '1449104403', '1', '1', '0'), ('1280', '0', '455', '111', '同意', '1449105340', '1', '1', '0'), ('1281', '1280', '455', '104', '同意', '1449105379', '1', '1', '0'), ('1282', '1172', '367', '69', '同意', '1449109914', '1', '1', '0'), ('1283', '1274', '453', '82', '同意', '1449110577', '1', '1', '0'), ('1286', '1283', '453', '82', '同意', '1449110753', '1', '1', '0'), ('1287', '1278', '451', '82', '同意', '1449110769', '1', '1', '0'), ('1289', '1286', '453', '82', '同意', '1449110842', '1', '1', '0'), ('1290', '1287', '451', '82', '同意', '1449110874', '1', '1', '0'), ('1291', '1290', '451', '115', '同意', '1449110891', '1', '1', '0'), ('1292', '1289', '453', '115', '同意', '1449110962', '1', '1', '0'), ('1293', '379', '75', '82', '同意', '1449111614', '0', '1', '0'), ('1295', '952', '348', '72', '同意', '1449112648', '1', '0', '0'), ('1296', '951', '350', '72', '同意', '1449112658', '1', '0', '0'), ('1297', '1295', '348', '69', '同意', '1449112675', '1', '1', '0'), ('1298', '1296', '350', '69', '同意', '1449112766', '1', '1', '0'), ('1299', '1171', '426', '112', '同意', '1449113365', '1', '0', '0'), ('1300', '1238', '448', '104', '同意', '1449115676', '1', '1', '0'), ('1301', '0', '456', '86', '申请', '1449118063', '1', '1', '0'), ('1302', '1301', '456', '52', '同意', '1449118063', '1', '1', '0'), ('1303', '0', '457', '86', '申请', '1449118588', '1', '1', '0'), ('1304', '1303', '457', '52', '同意', '1449118588', '1', '1', '0'), ('1306', '1298', '350', '53', '同意', '1449130049', '1', '1', '0'), ('1307', '1297', '348', '53', '同意', '1449130056', '1', '1', '0'), ('1308', '1282', '367', '72', '同意', '1449130066', '1', '1', '0'), ('1309', '1308', '367', '69', '同意', '1449131235', '1', '1', '0'), ('1315', '1309', '367', '115', '同意', '1449136339', '1', '1', '0'), ('1317', '0', '459', '90', '申请', '1449140894', '1', '1', '0'), ('1318', '1317', '459', '52', '同意', '1449140894', '1', '1', '0'), ('1319', '1084', '397', '53', '同意', '1449146295', '1', '1', '0'), ('1320', '1082', '396', '53', '本次绩效系统统计14-15学年的考试课命题阅卷，张波老师的网络营销是15-16（1）学期的考试课', '1449146304', '1', '1', '0'), ('1321', '1031', '371', '115', '同意', '1449146319', '1', '1', '0'), ('1322', '1027', '368', '53', '同意', '1449146328', '1', '1', '0'), ('1323', '1037', '377', '69', '同意', '1449146823', '1', '1', '0'), ('1324', '1036', '376', '69', '同意', '1449146838', '1', '1', '0'), ('1325', '1035', '375', '69', '同意', '1449146847', '1', '1', '0'), ('1326', '1034', '374', '69', '同意', '1449146856', '1', '1', '0'), ('1327', '1033', '373', '69', '同意', '1449146868', '1', '1', '0'), ('1328', '945', '48', '69', '同意', '1449146887', '1', '1', '0'), ('1329', '939', '44', '69', '同意', '1449146899', '1', '1', '0'), ('1330', '426', '167', '69', '同意', '1449146927', '1', '1', '0'), ('1331', '462', '189', '70', '同意', '1449147313', '0', '1', '0'), ('1333', '1330', '167', '115', '同意', '1449147463', '1', '1', '0'), ('1334', '1329', '44', '115', '同意', '1449147477', '1', '1', '0'), ('1335', '1328', '48', '115', '同意', '1449147484', '1', '1', '0'), ('1336', '1327', '373', '115', '同意', '1449147493', '1', '1', '0'), ('1337', '1326', '374', '115', '同意', '1449147504', '1', '1', '0'), ('1338', '1325', '375', '115', '同意', '1449147512', '1', '1', '0'), ('1339', '1324', '376', '115', '同意', '1449147517', '1', '1', '0'), ('1340', '1323', '377', '115', '同意', '1449147523', '1', '1', '0'), ('1341', '110', '47', '115', '同意', '1449148354', '1', '1', '0'), ('1342', '1318', '459', '53', '同意', '1449150049', '1', '1', '0'), ('1343', '1304', '457', '53', '同意', '1449150056', '1', '1', '0'), ('1344', '1302', '456', '53', '同意', '1449150063', '1', '1', '0'), ('1347', '1300', '448', '53', '同意', '1449186979', '1', '1', '0'), ('1348', '1281', '455', '53', '同意', '1449186986', '1', '1', '0'), ('1350', '1207', '446', '115', '同意', '1449187011', '1', '1', '0'), ('1351', '1299', '426', '3', '同意', '1449188484', '1', '1', '0'), ('1353', '1242', '392', '59', '', '1449191739', '1', '1', '0'), ('1354', '865', '311', '71', '', '1449191824', '0', '0', '0'), ('1355', '864', '312', '71', '', '1449191835', '0', '0', '0'), ('1356', '863', '313', '71', '', '1449191845', '0', '1', '0'), ('1357', '1353', '392', '59', '同意', '1449192178', '1', '1', '0'), ('1358', '902', '335', '87', '同意', '1449192530', '1', '1', '0'), ('1359', '0', '461', '57', '申请', '1449192641', '1', '1', '0'), ('1360', '1359', '461', '52', '同意', '1449192641', '1', '1', '0'), ('1361', '1320', '396', '103', '', '1449192684', '0', '0', '0'), ('1362', '532', '213', '103', '', '1449192693', '0', '1', '0'), ('1363', '1146', '421', '93', '', '1449192888', '0', '0', '0'), ('1364', '929', '304', '76', '', '1449193007', '0', '0', '0'), ('1366', '1360', '461', '115', '同意', '1449193062', '1', '1', '0'), ('1367', '905', '333', '87', '同意', '1449193319', '1', '1', '0'), ('1368', '1055', '385', '104', '同意', '1449194217', '1', '1', '0'), ('1369', '346', '131', '50', '同意', '1449194457', '1', '1', '0'), ('1370', '345', '130', '50', '同意', '1449194466', '1', '1', '0'), ('1371', '1205', '445', '50', '同意', '1449194502', '1', '1', '0'), ('1372', '1371', '445', '115', '同意', '1449194572', '1', '1', '0'), ('1373', '1370', '130', '115', '同意', '1449194581', '1', '1', '0'), ('1374', '1369', '131', '115', '同意', '1449194597', '1', '1', '0'), ('1376', '1368', '385', '115', '同意', '1449198208', '1', '1', '0'), ('1377', '0', '462', '83', '申请', '1449199587', '1', '1', '0'), ('1378', '1377', '462', '52', '同意', '1449199587', '1', '1', '0'), ('1379', '316', '116', '69', '', '1449201709', '0', '1', '0'), ('1380', '564', '228', '82', '同意', '1449203905', '1', '1', '0'), ('1381', '459', '187', '82', '同意', '1449203994', '1', '1', '0'), ('1382', '1381', '187', '115', '同意', '1449204055', '1', '1', '0'), ('1383', '1380', '228', '115', '同意', '1449204062', '1', '1', '0'), ('1384', '526', '156', '98', '', '1449208921', '0', '1', '0'), ('1385', '524', '153', '98', '', '1449208950', '0', '1', '0'), ('1386', '320', '112', '69', '', '1449209286', '0', '1', '0'), ('1387', '317', '115', '69', '', '1449209324', '0', '1', '0'), ('1388', '315', '117', '69', '同意', '1449209550', '1', '1', '0'), ('1389', '665', '159', '71', '', '1449209822', '0', '1', '0'), ('1390', '1357', '392', '50', '同意', '1449210055', '1', '1', '0'), ('1391', '525', '155', '98', '', '1449210929', '0', '1', '0'), ('1392', '643', '234', '62', '同意', '1449211089', '1', '1', '0'), ('1393', '1392', '234', '98', '同意', '1449211291', '1', '1', '0'), ('1397', '421', '89', '3', '同意', '1449211747', '1', '1', '0'), ('1398', '196', '76', '82', '同意', '1449213518', '0', '1', '0'), ('1399', '0', '463', '109', '同意', '1449215223', '1', '1', '0'), ('1400', '1399', '463', '104', '同意', '1449215241', '1', '1', '0'), ('1402', '1378', '462', '115', '同意', '1449218284', '1', '1', '0'), ('1403', '1400', '463', '115', '', '1449223152', '0', '1', '0'), ('1404', '1058', '386', '115', '同意', '1449223167', '1', '1', '0'), ('1406', '0', '464', '106', '申请', '1449234026', '1', '1', '0'), ('1407', '1406', '464', '104', '同意', '1449234026', '1', '1', '0'), ('1408', '0', '465', '106', '申请', '1449234064', '1', '1', '0'), ('1409', '1408', '465', '104', '同意', '1449234064', '1', '1', '0'), ('1410', '0', '466', '106', '申请', '1449234089', '1', '1', '0'), ('1411', '1410', '466', '104', '同意', '1449234089', '1', '1', '0'), ('1412', '1411', '466', '53', '同意', '1449236852', '1', '1', '0'), ('1413', '1409', '465', '53', '同意', '1449236859', '1', '1', '0'), ('1414', '1407', '464', '53', '同意', '1449236865', '1', '1', '0');
INSERT INTO `yunzhi_workflow_log` VALUES ('1415', '0', '467', '91', '申请', '1449321408', '1', '1', '0'), ('1416', '1415', '467', '52', '同意', '1449321408', '1', '1', '0'), ('1417', '1390', '392', '53', '同意', '1449373213', '1', '1', '0'), ('1418', '1416', '467', '115', '同意', '1449413557', '1', '1', '0'), ('1419', '1393', '234', '53', '同意', '1449443150', '1', '1', '0'), ('1420', '903', '296', '91', '', '1449464305', '0', '0', '0'), ('1421', '570', '224', '77', '同意', '1449464339', '1', '0', '0'), ('1422', '1421', '224', '74', '同意', '1449473429', '1', '1', '0'), ('1423', '0', '468', '116', '申请', '1449473501', '1', '1', '0'), ('1424', '1423', '468', '52', '同意', '1449473501', '1', '1', '0'), ('1425', '0', '469', '116', '申请', '1449473529', '1', '1', '0'), ('1426', '1425', '469', '52', '同意', '1449473529', '1', '1', '0'), ('1427', '0', '470', '116', '申请', '1449473552', '1', '1', '0'), ('1428', '1427', '470', '52', '同意', '1449473552', '1', '1', '0'), ('1429', '314', '118', '69', '', '1449478402', '0', '1', '0'), ('1430', '1388', '117', '69', '同意', '1449479725', '1', '1', '0'), ('1431', '1430', '117', '53', '同意', '1449479746', '1', '1', '0'), ('1432', '1428', '470', '53', '同意', '1449495464', '1', '1', '0'), ('1433', '1426', '469', '53', '同意', '1449495469', '1', '1', '0'), ('1434', '1424', '468', '53', '同意', '1449495475', '1', '1', '0'), ('1435', '0', '471', '69', '申请', '1449535827', '1', '1', '0'), ('1436', '1435', '471', '69', '同意', '1449535827', '1', '1', '0'), ('1437', '1436', '471', '53', '同意', '1449535838', '1', '1', '0'), ('1439', '1422', '224', '115', '同意', '1449551323', '1', '1', '0'), ('1440', '1397', '89', '3', '同意', '1449551952', '1', '1', '0'), ('1441', '1440', '89', '3', '同意', '1449551993', '0', '1', '1'), ('1442', '1351', '426', '112', '', '1449552066', '0', '0', '0'), ('1443', '0', '472', '113', '同意', '1477623058', '0', '1', '0'), ('1447', '0', '474', '113', '同意', '1479790678', '1', '1', '0'), ('1448', '1447', '474', '3', '', '1479790711', '0', '1', '0'), ('1455', '0', '477', '85', '同意', '1479813647', '1', '1', '0'), ('1456', '0', '478', '106', '同意', '1479817558', '1', '1', '0'), ('1457', '0', '479', '106', '同意', '1479817744', '1', '1', '0'), ('1459', '0', '480', '106', '同意', '1479817760', '1', '1', '0'), ('1463', '0', '482', '106', '同意', '1479818251', '1', '1', '0'), ('1464', '0', '483', '106', '同意', '1479818467', '1', '1', '0'), ('1465', '0', '484', '106', '优秀主讲三年有效（2014-2017）同意', '1479818634', '1', '1', '0'), ('1468', '0', '486', '106', '同意', '1479819186', '1', '1', '0'), ('1470', '1464', '483', '104', '同意', '1479820013', '1', '1', '0'), ('1471', '1468', '486', '104', '同意', '1479820038', '1', '1', '0'), ('1472', '1456', '478', '104', '同意', '1479820306', '1', '1', '0'), ('1473', '1463', '482', '104', '同意', '1479820502', '1', '1', '0'), ('1474', '0', '487', '106', '同意', '1479821492', '1', '1', '0'), ('1478', '0', '490', '104', '同意', '1479864847', '1', '1', '0'), ('1479', '1478', '490', '104', '同意', '1479864860', '1', '1', '0'), ('1480', '0', '491', '104', '同意', '1479865059', '1', '1', '0'), ('1481', '1480', '491', '104', '同意', '1479865297', '1', '1', '0'), ('1482', '1457', '479', '104', '同意', '1479865651', '1', '1', '0'), ('1483', '1459', '480', '104', '同意', '1479865674', '1', '1', '0'), ('1484', '1465', '484', '104', '同意', '1479865723', '1', '1', '0'), ('1485', '1474', '487', '104', '同意', '1479865733', '1', '1', '0'), ('1486', '0', '492', '104', '同意', '1479866983', '1', '1', '0'), ('1487', '1486', '492', '104', '同意', '1479866989', '1', '1', '0'), ('1488', '0', '493', '104', '申请', '1479867036', '1', '1', '0'), ('1489', '1488', '493', '104', '同意', '1479867036', '1', '1', '0'), ('1490', '0', '494', '104', '申请', '1479867081', '1', '1', '0'), ('1491', '1490', '494', '104', '同意', '1479867081', '1', '1', '0'), ('1492', '1491', '494', '53', '同意', '1479868279', '1', '1', '0'), ('1493', '1487', '492', '53', '翟老师，考试课命题阅卷统计范围是15-16学年', '1479868286', '1', '1', '0'), ('1494', '1489', '493', '53', '翟老师，考试课命题阅卷统计范围是15-16学年', '1479868294', '1', '1', '0'), ('1495', '1485', '487', '118', '同意', '1479868318', '1', '1', '0'), ('1496', '0', '495', '104', '申请', '1479868406', '1', '1', '0'), ('1497', '1496', '495', '104', '同意', '1479868406', '1', '1', '0'), ('1498', '1497', '495', '118', '同意', '1479868420', '1', '1', '0'), ('1499', '1484', '484', '53', '同意', '1479868431', '1', '1', '0'), ('1500', '1483', '480', '53', '同意', '1479868438', '1', '1', '0'), ('1501', '1482', '479', '53', '同意', '1479868445', '1', '1', '0'), ('1502', '1481', '491', '118', '同意', '1479868453', '1', '1', '0'), ('1503', '1479', '490', '118', '同意', '1479868468', '1', '1', '0'), ('1504', '1473', '482', '118', '同意', '1479868476', '1', '1', '0'), ('1505', '1472', '478', '118', '同意', '1479868484', '1', '1', '0'), ('1506', '1471', '486', '118', '同意', '1479868492', '1', '1', '0'), ('1507', '1470', '483', '118', '同意', '1479868502', '1', '1', '0'), ('1512', '0', '496', '114', '申请', '1479902651', '1', '1', '0'), ('1513', '1512', '496', '50', '同意', '1479902651', '0', '1', '0'), ('1514', '0', '497', '114', '申请', '1479902674', '1', '1', '0'), ('1515', '1514', '497', '50', '同意', '1479902674', '0', '1', '0'), ('1516', '0', '498', '50', '同意', '1479931585', '1', '1', '0'), ('1517', '1516', '498', '50', '同意', '1479931617', '1', '1', '0'), ('1518', '0', '499', '50', '申请', '1479931901', '1', '1', '0'), ('1519', '1518', '499', '50', '同意', '1479931901', '1', '1', '0'), ('1522', '0', '502', '83', '申请', '1479949513', '1', '1', '0'), ('1523', '1522', '502', '82', '同意', '1479949513', '1', '1', '0'), ('1524', '0', '503', '83', '申请', '1479950353', '1', '1', '0'), ('1525', '1524', '503', '82', '同意', '1479950353', '1', '1', '0'), ('1526', '0', '504', '48', '同意', '1479950836', '1', '1', '0'), ('1527', '0', '505', '48', '同意', '1479951188', '1', '1', '0'), ('1528', '1494', '493', '104', '同意', '1479966764', '1', '1', '0'), ('1529', '1493', '492', '104', '同意', '1479966774', '1', '1', '0'), ('1530', '1505', '478', '106', '同意', '1479973749', '1', '1', '0'), ('1531', '1507', '483', '106', '同意', '1479974648', '1', '1', '0'), ('1532', '1531', '483', '104', '同意', '1479975153', '1', '1', '0'), ('1533', '1530', '478', '104', '同意', '1479975165', '1', '1', '0'), ('1534', '0', '506', '82', '申请', '1480065410', '1', '1', '0'), ('1535', '1534', '506', '82', '同意', '1480065410', '1', '1', '0'), ('1536', '1525', '503', '118', '同意', '1480065466', '1', '1', '0'), ('1537', '1523', '502', '118', '经管论坛统一算20分', '1480065478', '1', '1', '0'), ('1538', '1535', '506', '82', '同意', '1480065491', '1', '1', '0'), ('1539', '1538', '506', '82', '同意', '1480065505', '1', '1', '0'), ('1540', '1539', '506', '82', '同意', '1480065513', '1', '1', '0'), ('1541', '1540', '506', '82', '同意', '1480065543', '1', '1', '0'), ('1542', '1541', '506', '82', '同意', '1480065602', '1', '1', '0'), ('1543', '1542', '506', '82', '同意', '1480065966', '1', '1', '0'), ('1544', '1543', '506', '82', '同意', '1480066076', '1', '1', '0'), ('1545', '1544', '506', '82', '同意', '1480066116', '1', '1', '0'), ('1546', '1545', '506', '82', '同意', '1480066123', '1', '1', '0'), ('1547', '1546', '506', '82', '同意', '1480066144', '1', '1', '0'), ('1548', '1547', '506', '118', '同意', '1480066168', '1', '1', '0'), ('1549', '0', '507', '82', '申请', '1480066338', '1', '1', '0'), ('1550', '1549', '507', '82', '同意', '1480066338', '1', '1', '0'), ('1551', '1550', '507', '118', '出版日期为2016.3.21', '1480066357', '1', '1', '0'), ('1552', '0', '508', '82', '申请', '1480066423', '1', '1', '0'), ('1553', '1552', '508', '82', '同意', '1480066423', '1', '1', '0'), ('1554', '0', '509', '82', '申请', '1480066486', '1', '1', '0'), ('1555', '1554', '509', '82', '同意', '1480066486', '1', '1', '0'), ('1556', '0', '510', '82', '同意', '1480066818', '1', '1', '0'), ('1557', '1556', '510', '82', '同意', '1480066841', '1', '1', '0'), ('1558', '0', '511', '82', '申请', '1480066975', '1', '1', '0'), ('1559', '1558', '511', '82', '同意', '1480066975', '1', '1', '0'), ('1560', '1553', '508', '118', '中文核心', '1480066998', '1', '1', '0'), ('1561', '1555', '509', '118', '同意', '1480067005', '1', '1', '0'), ('1562', '1557', '510', '118', '题目不对：基于柔性的企业发展战略理论研究', '1480067012', '1', '1', '0'), ('1563', '1559', '511', '118', '题目不对：基于柔性的企业发展战略理论研究', '1480067024', '1', '1', '0'), ('1564', '0', '512', '74', '申请', '1480072237', '1', '1', '0'), ('1565', '1564', '512', '74', '同意', '1480072237', '1', '1', '0'), ('1566', '1565', '512', '53', '同意', '1480072265', '1', '1', '0'), ('1567', '0', '513', '74', '同意', '1480072452', '1', '1', '0'), ('1568', '1567', '513', '74', '同意', '1480072488', '1', '1', '0'), ('1569', '1568', '513', '53', '同意', '1480072530', '1', '1', '0'), ('1570', '0', '514', '74', '申请', '1480072585', '1', '1', '0'), ('1571', '1570', '514', '74', '同意', '1480072585', '1', '1', '0'), ('1572', '1571', '514', '53', '同意', '1480072600', '1', '1', '0'), ('1573', '0', '515', '74', '申请', '1480072972', '1', '1', '0'), ('1574', '1573', '515', '74', '同意', '1480072972', '1', '1', '0'), ('1575', '0', '516', '74', '申请', '1480073068', '1', '1', '0'), ('1576', '1575', '516', '74', '同意', '1480073068', '1', '1', '0'), ('1577', '0', '517', '74', '申请', '1480073096', '1', '1', '0'), ('1578', '1577', '517', '74', '同意', '1480073096', '1', '1', '0'), ('1579', '1578', '517', '53', '同意', '1480073263', '1', '1', '0'), ('1580', '1576', '516', '53', '同意', '1480073271', '1', '1', '0'), ('1581', '1574', '515', '53', '同意', '1480073280', '1', '1', '0'), ('1582', '0', '518', '96', '同意', '1480210889', '1', '1', '0'), ('1583', '0', '519', '109', '同意', '1480258177', '1', '1', '0'), ('1584', '0', '520', '109', '同意', '1480258214', '1', '1', '0'), ('1585', '0', '521', '109', '', '1480258530', '1', '1', '0'), ('1586', '0', '522', '92', '同意', '1480303088', '1', '1', '0'), ('1588', '0', '523', '94', '申请', '1480305079', '1', '1', '0'), ('1589', '1588', '523', '50', '同意', '1480305079', '1', '1', '0'), ('1590', '0', '524', '94', '申请', '1480305216', '1', '1', '0'), ('1591', '1590', '524', '50', '同意', '1480305216', '1', '1', '0'), ('1592', '0', '525', '94', '申请', '1480305257', '1', '1', '0'), ('1593', '1592', '525', '50', '同意', '1480305257', '1', '1', '0'), ('1594', '0', '526', '94', '申请', '1480305314', '1', '1', '0'), ('1595', '1594', '526', '50', '同意', '1480305314', '1', '1', '0'), ('1598', '0', '528', '94', '申请', '1480305341', '1', '1', '0'), ('1599', '1598', '528', '50', '同意', '1480305341', '1', '1', '0'), ('1600', '1548', '506', '82', '同意', '1480310386', '1', '1', '0'), ('1601', '1600', '506', '82', '同意', '1480310546', '1', '1', '0'), ('1602', '0', '529', '57', '申请', '1480312960', '1', '1', '0'), ('1603', '1602', '529', '82', '同意', '1480312960', '1', '1', '0'), ('1604', '1603', '529', '118', '同意', '1480313036', '1', '1', '0'), ('1605', '1601', '506', '118', '总分为246', '1480313045', '1', '1', '0'), ('1606', '0', '530', '57', '申请', '1480313158', '1', '1', '0'), ('1607', '1606', '530', '82', '同意', '1480313158', '1', '1', '0'), ('1608', '0', '531', '57', '申请', '1480313284', '1', '1', '0'), ('1609', '1608', '531', '82', '同意', '1480313284', '1', '1', '0'), ('1610', '0', '532', '57', '申请', '1480313355', '1', '1', '0'), ('1611', '1610', '532', '82', '同意', '1480313355', '1', '1', '0'), ('1612', '0', '533', '57', '申请', '1480313554', '1', '1', '0'), ('1613', '1612', '533', '82', '同意', '1480313554', '1', '1', '0'), ('1614', '1609', '531', '57', '同意', '1480313706', '1', '1', '0'), ('1615', '1607', '530', '118', '', '1480313748', '1', '1', '0'), ('1616', '1611', '532', '57', '同意', '1480313763', '1', '1', '0'), ('1617', '1613', '533', '118', '题目不对', '1480313772', '1', '1', '0'), ('1618', '1616', '532', '82', '同意', '1480313830', '1', '1', '0'), ('1619', '1614', '531', '82', '同意', '1480313854', '1', '1', '0'), ('1620', '1619', '531', '57', '同意', '1480313954', '1', '1', '0'), ('1621', '1618', '532', '57', '同意', '1480313961', '1', '1', '0'), ('1622', '1620', '531', '82', '同意', '1480313994', '1', '1', '0'), ('1623', '0', '534', '57', '申请', '1480314129', '1', '1', '0'), ('1624', '1623', '534', '82', '同意', '1480314129', '1', '1', '0'), ('1625', '0', '535', '57', '申请', '1480314307', '1', '1', '0'), ('1626', '1625', '535', '82', '同意', '1480314307', '1', '1', '0'), ('1627', '0', '536', '57', '申请', '1480314349', '1', '1', '0'), ('1628', '1627', '536', '82', '同意', '1480314349', '1', '1', '0'), ('1629', '0', '537', '57', '申请', '1480314391', '1', '1', '0'), ('1630', '1629', '537', '82', '同意', '1480314391', '1', '1', '0'), ('1631', '0', '538', '57', '申请', '1480314422', '1', '1', '0'), ('1632', '1631', '538', '82', '同意', '1480314422', '1', '1', '0'), ('1633', '1621', '532', '82', '同意', '1480314515', '1', '1', '0'), ('1634', '1633', '532', '57', '同意', '1480314565', '1', '1', '0'), ('1635', '1632', '538', '53', '', '1480314580', '1', '1', '0'), ('1636', '1630', '537', '53', '', '1480314586', '1', '1', '0'), ('1637', '1628', '536', '53', '同意', '1480314592', '1', '1', '0'), ('1638', '1626', '535', '53', '同意', '1480314598', '1', '1', '0'), ('1639', '1624', '534', '53', '同意', '1480314604', '1', '1', '0'), ('1640', '1622', '531', '118', '80分', '1480314614', '1', '1', '0'), ('1641', '0', '539', '82', '申请', '1480314747', '1', '1', '0'), ('1642', '1641', '539', '82', '同意', '1480314747', '1', '1', '0'), ('1643', '0', '540', '82', '申请', '1480314773', '1', '1', '0'), ('1644', '1643', '540', '82', '同意', '1480314773', '1', '1', '0'), ('1645', '0', '541', '82', '申请', '1480314799', '1', '1', '0'), ('1646', '1645', '541', '82', '同意', '1480314799', '1', '1', '0'), ('1647', '0', '542', '82', '申请', '1480314848', '1', '1', '0'), ('1648', '1647', '542', '82', '同意', '1480314848', '1', '1', '0'), ('1649', '0', '543', '101', '同意', '1480316020', '1', '1', '0'), ('1650', '0', '544', '101', '同意', '1480316167', '1', '1', '0'), ('1651', '1537', '502', '83', '同意', '1480317921', '1', '0', '0'), ('1652', '1651', '502', '82', '同意', '1480318249', '1', '1', '0'), ('1653', '0', '545', '95', '同意', '1480318784', '1', '1', '0'), ('1654', '1653', '545', '50', '同意', '1480318866', '1', '1', '0'), ('1655', '1582', '518', '50', '同意', '1480319417', '1', '1', '0'), ('1656', '0', '546', '95', '申请', '1480326695', '1', '1', '0'), ('1657', '1656', '546', '50', '同意', '1480326695', '1', '1', '0'), ('1658', '0', '547', '95', '同意', '1480326809', '1', '1', '0'), ('1660', '0', '548', '95', '同意', '1480326904', '1', '1', '0'), ('1662', '0', '549', '95', '申请', '1480326937', '1', '1', '0'), ('1663', '1662', '549', '50', '同意', '1480326937', '1', '1', '0'), ('1664', '0', '550', '95', '申请', '1480326973', '1', '1', '0'), ('1665', '1664', '550', '50', '同意', '1480326973', '1', '1', '0'), ('1666', '0', '551', '95', '申请', '1480327402', '1', '1', '0'), ('1667', '1666', '551', '50', '同意', '1480327402', '1', '1', '0'), ('1668', '0', '552', '95', '申请', '1480327522', '1', '1', '0'), ('1669', '1668', '552', '50', '同意', '1480327522', '0', '1', '0'), ('1670', '1660', '548', '50', '同意', '1480327762', '1', '1', '0'), ('1671', '1658', '547', '50', '同意', '1480327788', '1', '1', '0'), ('1672', '0', '553', '80', '申请', '1480328142', '1', '1', '0'), ('1673', '1672', '553', '74', '同意', '1480328142', '1', '1', '0'), ('1674', '0', '554', '80', '申请', '1480328242', '1', '1', '0'), ('1675', '1674', '554', '74', '同意', '1480328242', '1', '1', '0'), ('1676', '0', '555', '95', '同意', '1480328580', '1', '1', '0'), ('1677', '0', '556', '95', '同意', '1480329653', '1', '1', '0'), ('1678', '1677', '556', '50', '同意', '1480329721', '1', '1', '0'), ('1679', '1676', '555', '50', '同意', '1480329728', '1', '1', '0'), ('1680', '1586', '522', '52', '同意', '1480382773', '1', '1', '0'), ('1681', '0', '557', '92', '同意', '1480384070', '1', '1', '0'), ('1682', '0', '558', '92', '同意', '1480384144', '1', '1', '0'), ('1683', '1682', '558', '52', '同意', '1480384259', '1', '1', '0'), ('1684', '1681', '557', '52', '同意', '1480384274', '1', '1', '0'), ('1685', '0', '559', '73', '申请', '1480394114', '1', '1', '0'), ('1686', '1685', '559', '69', '同意', '1480394114', '1', '1', '0'), ('1687', '0', '560', '73', '同意', '1480394480', '1', '1', '0'), ('1688', '0', '561', '73', '申请', '1480394541', '1', '1', '0'), ('1689', '1688', '561', '69', '同意', '1480394541', '1', '1', '0'), ('1690', '0', '562', '73', '同意', '1480395382', '1', '1', '0'), ('1691', '1687', '560', '69', '', '1480395474', '0', '1', '0'), ('1692', '1617', '533', '57', '同意', '1480406984', '1', '1', '0'), ('1693', '1527', '505', '50', '同意', '1480423310', '1', '1', '0'), ('1695', '1526', '504', '50', '同意', '1480424179', '1', '1', '0'), ('1696', '1695', '504', '118', '同意', '1480424709', '1', '1', '0'), ('1697', '1693', '505', '118', '同意', '1480424719', '1', '1', '0'), ('1698', '1655', '518', '118', '同意', '1480424751', '1', '1', '0'), ('1699', '1589', '523', '118', '同意', '1480424793', '1', '1', '0'), ('1700', '1680', '522', '118', '同意', '1480424946', '1', '1', '0'), ('1701', '1684', '557', '53', '同意', '1480424965', '1', '1', '0'), ('1702', '1683', '558', '53', '同意', '1480424974', '1', '1', '0'), ('1703', '1675', '554', '53', '同意', '1480425078', '1', '1', '0'), ('1704', '1673', '553', '53', '同意', '1480425085', '1', '1', '0'), ('1705', '1591', '524', '94', '同意', '1480425334', '1', '1', '0'), ('1708', '1519', '499', '53', '同意', '1480425400', '1', '1', '0'), ('1710', '1595', '526', '53', '同意，应该是财会1301班', '1480425460', '1', '1', '0'), ('1711', '1599', '528', '53', '同意，应该是财会1302班', '1480425474', '1', '1', '0'), ('1712', '0', '563', '52', '申请', '1480425477', '1', '1', '0'), ('1713', '1712', '563', '52', '同意', '1480425477', '1', '1', '0'), ('1714', '1517', '498', '53', '同意', '1480425500', '1', '1', '0'), ('1715', '1671', '547', '53', '同意', '1480425516', '1', '1', '0'), ('1716', '1670', '548', '53', '同意', '1480425522', '1', '1', '0'), ('1717', '1713', '563', '52', '同意', '1480425529', '1', '1', '0'), ('1718', '1665', '550', '53', '同意', '1480425530', '1', '1', '0'), ('1719', '1663', '549', '53', '同意', '1480425536', '1', '1', '0'), ('1720', '1593', '525', '53', '同意', '1480425548', '1', '1', '0'), ('1721', '1705', '524', '50', '同意', '1480425549', '1', '1', '0'), ('1722', '0', '564', '94', '申请', '1480425694', '1', '1', '0'), ('1723', '1722', '564', '50', '同意', '1480425694', '1', '1', '0'), ('1724', '1717', '563', '52', '同意', '1480425800', '1', '1', '0'), ('1725', '0', '565', '52', '申请', '1480425971', '1', '1', '0'), ('1726', '1725', '565', '52', '同意', '1480425971', '1', '1', '0'), ('1727', '1726', '565', '118', '', '1480426029', '0', '1', '0'), ('1728', '0', '566', '96', '同意', '1480465823', '1', '0', '0'), ('1729', '0', '567', '96', '同意', '1480465856', '1', '1', '0'), ('1730', '0', '568', '96', '同意', '1480465990', '1', '0', '0'), ('1733', '1729', '567', '50', '同意', '1480466033', '1', '1', '0'), ('1734', '0', '569', '96', '申请', '1480466051', '1', '1', '0'), ('1735', '1734', '569', '50', '同意', '1480466051', '1', '1', '0'), ('1736', '0', '570', '114', '申请', '1480466954', '1', '1', '0'), ('1737', '1736', '570', '50', '同意', '1480466954', '0', '1', '0'), ('1738', '0', '571', '114', '同意', '1480467060', '1', '1', '0'), ('1739', '0', '572', '114', '申请', '1480467086', '1', '1', '0'), ('1740', '1739', '572', '50', '同意', '1480467086', '0', '1', '0'), ('1741', '0', '573', '69', '申请', '1480468084', '1', '1', '0'), ('1742', '1741', '573', '69', '同意', '1480468084', '0', '1', '0'), ('1743', '0', '574', '69', '申请', '1480468119', '1', '1', '0'), ('1744', '1743', '574', '69', '同意', '1480468119', '1', '1', '0'), ('1745', '0', '575', '69', '申请', '1480468211', '1', '1', '0'), ('1746', '1745', '575', '69', '同意', '1480468211', '1', '1', '0'), ('1747', '0', '576', '69', '申请', '1480468625', '1', '1', '0'), ('1748', '1747', '576', '69', '同意', '1480468625', '1', '1', '0'), ('1749', '0', '577', '69', '申请', '1480468665', '1', '1', '0'), ('1750', '1749', '577', '69', '同意', '1480468665', '1', '1', '0'), ('1751', '0', '578', '74', '申请', '1480468846', '1', '1', '0'), ('1752', '1751', '578', '74', '同意', '1480468846', '1', '1', '0'), ('1753', '0', '579', '69', '申请', '1480468872', '1', '1', '0'), ('1754', '1753', '579', '69', '同意', '1480468872', '1', '1', '0'), ('1755', '1752', '578', '74', '同意', '1480468875', '1', '1', '0'), ('1756', '1755', '578', '74', '同意', '1480468889', '1', '1', '0'), ('1757', '1756', '578', '74', '同意', '1480468914', '1', '1', '0'), ('1758', '0', '580', '69', '申请', '1480469029', '1', '1', '0'), ('1759', '1758', '580', '69', '同意', '1480469029', '1', '1', '0'), ('1760', '0', '581', '69', '申请', '1480469086', '1', '1', '0'), ('1761', '1760', '581', '69', '同意', '1480469086', '1', '1', '0'), ('1762', '0', '582', '69', '申请', '1480469130', '1', '1', '0'), ('1763', '1762', '582', '69', '同意', '1480469130', '1', '1', '0'), ('1764', '0', '583', '69', '申请', '1480469300', '1', '1', '0'), ('1765', '1764', '583', '69', '同意', '1480469300', '1', '1', '0'), ('1766', '0', '584', '69', '申请', '1480469395', '1', '1', '0'), ('1767', '1766', '584', '69', '同意', '1480469395', '1', '1', '0'), ('1768', '0', '585', '69', '申请', '1480469446', '1', '1', '0'), ('1769', '1768', '585', '69', '同意', '1480469446', '1', '1', '0'), ('1770', '0', '586', '74', '同意', '1480469632', '1', '1', '0'), ('1771', '0', '587', '74', '同意', '1480469770', '1', '1', '0'), ('1772', '1769', '585', '118', '', '1480470169', '0', '1', '0'), ('1773', '1767', '584', '118', '同意', '1480470176', '1', '1', '0'), ('1774', '1765', '583', '118', '同意', '1480470184', '1', '1', '0'), ('1775', '1763', '582', '53', '同意', '1480470193', '1', '1', '0'), ('1776', '1761', '581', '53', '同意', '1480470201', '1', '1', '0'), ('1777', '1759', '580', '53', '同意', '1480470208', '1', '1', '0'), ('1778', '1754', '579', '53', '同意', '1480470214', '1', '1', '0'), ('1779', '1750', '577', '118', '同意', '1480470223', '1', '1', '0'), ('1780', '1748', '576', '118', '同意', '1480470235', '1', '1', '0'), ('1781', '1746', '575', '118', '同意', '1480470242', '1', '1', '0'), ('1782', '1744', '574', '118', '发表时间不对', '1480470248', '1', '1', '0'), ('1784', '1689', '561', '53', '', '1480470282', '1', '1', '0'), ('1785', '1686', '559', '53', '高老师，财会15的微观经济学为15-16学年考试课，不统计', '1480470295', '1', '1', '0'), ('1786', '1780', '576', '69', '同意', '1480470985', '1', '1', '0'), ('1787', '1786', '576', '69', '同意', '1480471130', '1', '1', '0'), ('1788', '1787', '576', '69', '同意', '1480471183', '1', '1', '0'), ('1789', '1788', '576', '69', '同意', '1480471233', '1', '1', '0'), ('1790', '1789', '576', '69', '同意', '1480471268', '1', '1', '0'), ('1791', '1790', '576', '69', '同意', '1480471300', '1', '1', '0'), ('1792', '1692', '533', '82', '同意', '1480474676', '1', '1', '0'), ('1793', '1792', '533', '118', '同意', '1480474706', '1', '1', '0'), ('1794', '1652', '502', '118', '同意', '1480474715', '1', '1', '0'), ('1795', '1648', '542', '53', '杨老师，组织行为学是考查课', '1480474725', '1', '1', '0'), ('1796', '1646', '541', '53', '', '1480474735', '1', '1', '0'), ('1797', '1644', '540', '53', '同意', '1480474741', '1', '1', '0'), ('1798', '1642', '539', '53', '同意', '1480474747', '1', '1', '0'), ('1799', '1791', '576', '69', '同意', '1480474765', '1', '1', '0'), ('1800', '1799', '576', '69', '同意', '1480474870', '1', '1', '0'), ('1801', '1782', '574', '69', '同意', '1480475308', '1', '1', '0'), ('1802', '0', '588', '82', '申请', '1480475441', '1', '1', '0'), ('1803', '1802', '588', '82', '同意', '1480475441', '1', '1', '0'), ('1804', '0', '589', '78', '同意', '1480475477', '1', '1', '0'), ('1806', '0', '590', '82', '申请', '1480475497', '1', '1', '0'), ('1807', '1806', '590', '82', '同意', '1480475497', '1', '1', '0'), ('1808', '1807', '590', '118', '同意', '1480475516', '1', '1', '0'), ('1809', '1803', '588', '118', '同意', '1480475522', '1', '1', '0'), ('1810', '0', '591', '82', '申请', '1480475579', '1', '1', '0'), ('1811', '1810', '591', '82', '同意', '1480475579', '1', '1', '0'), ('1812', '0', '592', '82', '申请', '1480475657', '1', '1', '0'), ('1813', '1812', '592', '82', '同意', '1480475657', '1', '1', '0'), ('1814', '0', '593', '82', '申请', '1480475676', '1', '1', '0'), ('1815', '1814', '593', '82', '同意', '1480475676', '1', '1', '0'), ('1816', '1815', '593', '118', '赵晓爽', '1480475691', '1', '1', '0'), ('1817', '1813', '592', '118', '胡士悦', '1480475696', '1', '1', '0'), ('1818', '1811', '591', '118', '同意', '1480475701', '1', '1', '0'), ('1819', '1801', '574', '69', '同意', '1480475791', '1', '1', '0'), ('1820', '1800', '576', '69', '同意', '1480475796', '1', '1', '0'), ('1821', '1820', '576', '69', '同意', '1480475857', '1', '1', '0'), ('1822', '1819', '574', '69', '同意', '1480475872', '1', '1', '0'), ('1823', '1821', '576', '118', '同意', '1480475913', '1', '1', '0'), ('1824', '1822', '574', '69', '同意', '1480476236', '1', '1', '0'), ('1825', '1824', '574', '69', '同意', '1480476245', '1', '1', '0'), ('1826', '1825', '574', '69', '同意', '1480476266', '1', '1', '0'), ('1827', '1826', '574', '118', '同意', '1480476285', '1', '1', '0'), ('1828', '1804', '589', '74', '同意', '1480476576', '1', '1', '0'), ('1829', '0', '594', '78', '申请', '1480476878', '1', '1', '0'), ('1830', '1829', '594', '74', '同意', '1480476878', '1', '1', '0'), ('1831', '0', '595', '78', '申请', '1480476902', '1', '1', '0'), ('1832', '1831', '595', '74', '同意', '1480476902', '1', '1', '0'), ('1833', '0', '596', '78', '申请', '1480476933', '1', '1', '0'), ('1834', '1833', '596', '74', '同意', '1480476933', '1', '1', '0'), ('1835', '0', '597', '78', '申请', '1480476987', '1', '1', '0'), ('1836', '1835', '597', '74', '同意', '1480476987', '1', '1', '0'), ('1837', '0', '598', '78', '同意', '1480477012', '1', '1', '0'), ('1838', '1837', '598', '74', '同意', '1480477034', '1', '1', '0'), ('1839', '1816', '593', '82', '同意', '1480479638', '1', '1', '0'), ('1840', '1839', '593', '82', '同意', '1480479824', '1', '1', '0'), ('1841', '1840', '593', '118', '同意', '1480479837', '1', '1', '0'), ('1843', '0', '600', '79', '同意', '1480480462', '1', '1', '0'), ('1845', '0', '602', '79', '同意', '1480480973', '1', '1', '0'), ('1846', '0', '603', '79', '同意', '1480481077', '1', '1', '0'), ('1847', '0', '604', '79', '同意', '1480481206', '1', '1', '0'), ('1848', '0', '605', '79', '同意', '1480481232', '1', '1', '0'), ('1849', '0', '606', '79', '同意', '1480481411', '1', '1', '0'), ('1850', '0', '607', '79', '同意', '1480481551', '1', '1', '0'), ('1851', '1817', '592', '82', '同意', '1480481652', '1', '1', '0'), ('1852', '1851', '592', '82', '同意', '1480481805', '1', '1', '0'), ('1853', '1852', '592', '118', '同意', '1480481819', '1', '1', '0'), ('1854', '0', '608', '81', '申请', '1480482434', '1', '1', '0'), ('1855', '1854', '608', '74', '同意', '1480482434', '1', '1', '0'), ('1856', '0', '609', '72', '同意', '1480482699', '1', '1', '0'), ('1857', '1856', '609', '69', '同意', '1480482771', '1', '1', '0'), ('1858', '0', '610', '81', '同意', '1480482848', '1', '1', '0'), ('1859', '0', '611', '81', '同意', '1480483415', '1', '1', '0'), ('1860', '1857', '609', '118', '同意', '1480485759', '1', '1', '0'), ('1861', '1855', '608', '118', '同意', '1480495715', '1', '1', '0'), ('1862', '1838', '598', '53', '同意', '1480495730', '1', '1', '0'), ('1863', '1836', '597', '53', '同意', '1480495741', '1', '1', '0'), ('1864', '1834', '596', '53', '同意', '1480495754', '1', '1', '0'), ('1865', '1832', '595', '53', '同意', '1480495768', '1', '1', '0'), ('1866', '1830', '594', '53', '同意', '1480495775', '1', '1', '0'), ('1867', '1828', '589', '53', '同意', '1480495797', '1', '1', '0'), ('1868', '1533', '478', '118', '同意', '1480500595', '1', '1', '0'), ('1869', '1532', '483', '118', '同意', '1480500605', '1', '1', '0'), ('1870', '1528', '493', '104', '同意', '1480500697', '1', '1', '0'), ('1871', '1529', '492', '104', '同意', '1480500724', '1', '1', '0'), ('1872', '1871', '492', '53', '同意', '1480500757', '1', '1', '0'), ('1873', '1870', '493', '53', '同意', '1480500777', '1', '1', '0'), ('1877', '1679', '555', '118', '总分为25', '1480501646', '1', '1', '0'), ('1878', '0', '612', '48', '同意', '1480502119', '1', '1', '0'), ('1879', '0', '613', '48', '同意', '1480502152', '1', '1', '0'), ('1880', '0', '614', '48', '同意', '1480502524', '1', '1', '0'), ('1881', '0', '615', '96', '同意', '1480504256', '1', '1', '0'), ('1885', '1728', '566', '50', '同意', '1480504995', '1', '1', '0'), ('1886', '1730', '568', '50', '同意', '1480505006', '1', '1', '0'), ('1887', '1881', '615', '50', '同意', '1480505779', '1', '1', '0'), ('1888', '1887', '615', '53', '同意', '1480507644', '1', '1', '0'), ('1889', '1886', '568', '53', '同意', '1480507656', '1', '1', '0'), ('1890', '1885', '566', '53', '同意', '1480507662', '1', '1', '0'), ('1891', '1735', '569', '96', '同意', '1480507950', '1', '0', '0'), ('1892', '1733', '567', '96', '同意', '1480507958', '1', '1', '0'), ('1894', '1678', '556', '118', '总分为25', '1480508036', '1', '1', '0'), ('1896', '1667', '551', '53', '同意', '1480508077', '1', '1', '0'), ('1897', '1657', '546', '53', '同意', '1480508090', '1', '1', '0'), ('1898', '1654', '545', '53', '同意', '1480508097', '1', '1', '0'), ('1899', '1891', '569', '50', '同意', '1480508302', '1', '1', '0'), ('1900', '1892', '567', '50', '同意', '1480508328', '1', '1', '0'), ('1901', '1900', '567', '53', '林老师，税法与税务会计是16-17学年考试课，不统计', '1480508386', '1', '1', '0'), ('1902', '1899', '569', '53', '', '1480508393', '1', '1', '0'), ('1903', '1634', '532', '82', '同意', '1480556627', '1', '1', '0'), ('1904', '1903', '532', '118', '同意', '1480556688', '1', '1', '0'), ('1905', '0', '616', '72', '同意', '1480557933', '1', '1', '0'), ('1906', '0', '617', '72', '同意', '1480558166', '1', '1', '0'), ('1907', '0', '618', '72', '同意', '1480558215', '1', '1', '0'), ('1908', '0', '619', '72', '同意', '1480558305', '1', '1', '0'), ('1909', '0', '620', '72', '同意', '1480558338', '1', '1', '0'), ('1910', '0', '621', '72', '同意', '1480558380', '1', '1', '0'), ('1911', '1910', '621', '69', '同意', '1480558475', '1', '1', '0'), ('1912', '1909', '620', '69', '同意', '1480558482', '1', '1', '0'), ('1913', '1908', '619', '69', '同意', '1480558489', '1', '1', '0'), ('1914', '1907', '618', '69', '同意', '1480558495', '1', '1', '0'), ('1915', '1906', '617', '69', '同意', '1480558503', '1', '1', '0'), ('1916', '1905', '616', '69', '同意', '1480558507', '1', '1', '0'), ('1917', '1894', '556', '95', '同意', '1480559178', '1', '1', '0'), ('1918', '1877', '555', '95', '同意', '1480559194', '1', '1', '0'), ('1919', '1723', '564', '94', '同意', '1480559620', '1', '0', '0'), ('1920', '1721', '524', '53', '同意', '1480559638', '1', '1', '0'), ('1923', '1919', '564', '50', '同意', '1480559833', '1', '1', '0'), ('1924', '1771', '587', '74', '同意', '1480561027', '1', '1', '0'), ('1925', '1770', '586', '74', '同意', '1480561033', '1', '1', '0'), ('1926', '1757', '578', '74', '同意', '1480561043', '1', '1', '0'), ('1927', '1926', '578', '118', ' 应为200分', '1480561074', '1', '1', '0'), ('1928', '1925', '586', '118', '同意', '1480561081', '1', '1', '0'), ('1929', '1924', '587', '118', '同意', '1480561088', '1', '1', '0'), ('1930', '1640', '531', '57', '同意', '1480563063', '1', '1', '0'), ('1931', '1615', '530', '57', '同意', '1480563119', '1', '1', '0'), ('1932', '1930', '531', '52', '同意', '1480568530', '1', '1', '0'), ('1933', '0', '622', '57', '申请', '1480568592', '1', '1', '0'), ('1934', '1933', '622', '82', '同意', '1480568592', '1', '1', '0'), ('1935', '1931', '530', '52', '同意', '1480568607', '1', '1', '0'), ('1936', '0', '623', '57', '申请', '1480568625', '1', '1', '0'), ('1937', '1936', '623', '82', '同意', '1480568625', '1', '1', '0'), ('1938', '0', '624', '57', '申请', '1480568741', '1', '1', '0'), ('1939', '1938', '624', '82', '同意', '1480568741', '1', '1', '0'), ('1940', '1939', '624', '118', '同意', '1480568782', '1', '1', '0'), ('1941', '1937', '623', '118', '应该是学术带头人', '1480568788', '1', '1', '0'), ('1942', '1934', '622', '118', '同意', '1480568794', '1', '1', '0'), ('1943', '0', '625', '59', '同意', '1480571395', '1', '1', '0'), ('1944', '1943', '625', '50', '同意', '1480571443', '1', '1', '0'), ('1945', '0', '626', '59', '申请', '1480572507', '1', '1', '0'), ('1946', '1945', '626', '50', '同意', '1480572507', '1', '1', '0'), ('1947', '0', '627', '59', '同意', '1480572970', '1', '1', '0'), ('1948', '1947', '627', '50', '同意', '1480573029', '1', '1', '0'), ('1949', '1918', '555', '50', '同意', '1480575176', '1', '1', '0'), ('1950', '1917', '556', '50', '同意', '1480575212', '1', '1', '0'), ('1951', '0', '628', '102', '同意', '1480580786', '1', '1', '0'), ('1952', '1951', '628', '98', '同意', '1480580879', '1', '1', '0'), ('1953', '660', '39', '98', '', '1480580900', '0', '1', '0'), ('1954', '0', '629', '103', '申请', '1480581715', '1', '1', '0'), ('1955', '1954', '629', '98', '同意', '1480581715', '1', '1', '0'), ('1956', '0', '630', '84', '申请', '1480593421', '1', '1', '0'), ('1957', '1956', '630', '82', '同意', '1480593421', '1', '1', '0'), ('1958', '0', '631', '84', '同意', '1480593442', '1', '1', '0'), ('1959', '1958', '631', '82', '同意', '1480593453', '1', '1', '0'), ('1960', '0', '632', '84', '申请', '1480593499', '1', '1', '0'), ('1961', '1960', '632', '82', '同意', '1480593499', '1', '1', '0'), ('1962', '0', '633', '110', '同意', '1480595919', '1', '1', '0'), ('1963', '0', '634', '110', '同意', '1480596215', '1', '1', '0'), ('1964', '0', '635', '110', '同意', '1480596639', '1', '1', '0'), ('1965', '0', '636', '110', '同意', '1480596818', '1', '1', '0'), ('1966', '1935', '530', '118', '同意', '1480599532', '1', '1', '0'), ('1967', '1932', '531', '118', '同意', '1480599552', '1', '1', '0'), ('1968', '0', '637', '110', '同意', '1480601506', '1', '1', '0'), ('1969', '0', '638', '110', '同意', '1480601692', '1', '1', '0'), ('1970', '0', '639', '110', '同意', '1480601843', '1', '1', '0'), ('1971', '0', '640', '110', '同意', '1480602018', '1', '1', '0'), ('1972', '0', '641', '104', '申请', '1480636435', '1', '1', '0'), ('1973', '1972', '641', '104', '同意', '1480636435', '0', '1', '1'), ('1975', '0', '642', '62', '申请', '1480640824', '1', '1', '0'), ('1976', '1975', '642', '98', '同意', '1480640824', '1', '1', '0'), ('1977', '0', '643', '62', '申请', '1480640868', '1', '1', '0'), ('1978', '1977', '643', '98', '同意', '1480640868', '1', '1', '0'), ('1979', '0', '644', '62', '同意', '1480641047', '1', '1', '0'), ('1980', '0', '645', '62', '同意', '1480641445', '1', '1', '0'), ('1981', '0', '646', '62', '同意', '1480641538', '1', '1', '0'), ('1982', '1981', '646', '98', '同意', '1480641558', '1', '1', '0'), ('1983', '1980', '645', '98', '同意', '1480641563', '1', '1', '0'), ('1984', '0', '647', '62', '申请', '1480641765', '1', '1', '0'), ('1985', '1984', '647', '98', '同意', '1480641765', '1', '1', '0'), ('1986', '0', '648', '62', '同意', '1480642348', '1', '1', '0'), ('1987', '1923', '564', '118', '同意', '1480642409', '1', '1', '0'), ('1988', '1985', '647', '53', '同意', '1480642417', '1', '1', '0'), ('1990', '1982', '646', '53', '同意', '1480642435', '1', '1', '0'), ('1991', '1978', '643', '53', '同意', '1480642443', '1', '1', '0'), ('1992', '1976', '642', '53', '同意', '1480642454', '1', '1', '0'), ('1993', '1955', '629', '53', '同意', '1480642467', '1', '1', '0'), ('1994', '1952', '628', '53', '同意', '1480642498', '1', '1', '0'), ('1995', '1949', '555', '118', '同意', '1480642594', '1', '1', '0'), ('1996', '1950', '556', '118', '同意', '1480642615', '1', '1', '0'), ('1997', '0', '649', '62', '申请', '1480642658', '1', '1', '0'), ('1998', '1997', '649', '98', '同意', '1480642658', '1', '1', '0'), ('1999', '0', '650', '62', '申请', '1480642764', '0', '1', '0'), ('2000', '0', '651', '98', '同意', '1480642848', '1', '1', '0'), ('2001', '1998', '649', '118', '同意', '1480642876', '1', '1', '0'), ('2002', '2000', '651', '98', '同意', '1480642892', '1', '1', '0'), ('2003', '2002', '651', '98', '同意', '1480642917', '1', '1', '0'), ('2004', '2003', '651', '98', '同意', '1480642951', '1', '1', '0'), ('2005', '2004', '651', '53', '同意', '1480642967', '1', '1', '0'), ('2006', '0', '652', '62', '同意', '1480642980', '1', '1', '0'), ('2007', '2006', '652', '98', '同意', '1480643001', '1', '1', '0'), ('2008', '1948', '627', '53', '同意', '1480643172', '1', '1', '0'), ('2009', '1983', '645', '118', '同意', '1480643294', '1', '1', '0'), ('2010', '2007', '652', '118', '同意', '1480643303', '1', '1', '0'), ('2011', '1916', '616', '53', '同意，学期应该是2015-2016第二学期', '1480643412', '1', '1', '0'), ('2012', '1915', '617', '53', '同意，学期应该是2015-2016第二学期', '1480643418', '1', '1', '0'), ('2013', '1914', '618', '53', '同意，学期应该是2015-2016第二学期', '1480643422', '1', '1', '0'), ('2014', '1913', '619', '53', '人力15宏观经济学为16-17（1）课程，不统计', '1480643428', '1', '1', '0'), ('2015', '1912', '620', '53', '人力15宏观经济学为16-17（1）课程，不统计', '1480643434', '1', '1', '0'), ('2016', '1911', '621', '53', '信管1401国际金融为2016-2017第一学期课程，不统计，考试命题阅卷统计范围是2015-2016学年', '1480643439', '1', '1', '0'), ('2017', '0', '653', '69', '申请', '1480643704', '1', '1', '0'), ('2018', '2017', '653', '69', '同意', '1480643704', '1', '1', '0'), ('2019', '1946', '626', '53', '同意', '1480643761', '1', '1', '0'), ('2020', '1944', '625', '53', '同意', '1480643786', '1', '1', '0'), ('2021', '1690', '562', '69', '同意', '1480643794', '1', '1', '0'), ('2022', '2021', '562', '118', '同意', '1480643904', '1', '1', '0'), ('2023', '2018', '653', '118', '同意', '1480643914', '1', '1', '0'), ('2024', '0', '654', '73', '申请', '1480643969', '1', '1', '0'), ('2025', '2024', '654', '69', '同意', '1480643969', '1', '1', '0'), ('2026', '0', '655', '87', '申请', '1480644144', '1', '1', '0'), ('2027', '2026', '655', '82', '同意', '1480644144', '1', '1', '0'), ('2028', '0', '656', '62', '同意', '1480644177', '1', '1', '0'), ('2031', '2025', '654', '118', '同意', '1480644643', '1', '1', '0'), ('2032', '1941', '623', '57', '同意', '1480644665', '1', '1', '0'), ('2033', '0', '658', '107', '申请', '1480644838', '1', '1', '0'), ('2034', '2033', '658', '104', '同意', '1480644838', '1', '1', '0'), ('2036', '0', '660', '51', '同意', '1480645338', '1', '1', '0'), ('2037', '0', '661', '107', '同意', '1480645764', '1', '1', '0'), ('2038', '0', '662', '107', '同意', '1480645865', '1', '1', '0'), ('2039', '2032', '623', '82', '同意', '1480646088', '1', '1', '0'), ('2040', '0', '663', '107', '申请', '1480646092', '1', '1', '0'), ('2041', '2040', '663', '104', '同意', '1480646092', '1', '1', '0'), ('2042', '2039', '623', '118', '同意', '1480646118', '1', '1', '0'), ('2044', '2027', '655', '118', '同意', '1480646138', '1', '1', '0'), ('2045', '1961', '632', '53', '同意', '1480646145', '1', '1', '0'), ('2046', '1959', '631', '53', '同意', '1480646152', '1', '1', '0'), ('2047', '1957', '630', '53', '同意', '1480646161', '1', '1', '0'), ('2048', '2036', '660', '82', '同意', '1480646266', '1', '1', '0'), ('2049', '0', '664', '51', '申请', '1480646361', '1', '1', '0'), ('2050', '2049', '664', '82', '同意', '1480646361', '1', '1', '0'), ('2051', '2050', '664', '118', '可直接填写分数，总分为25', '1480646535', '1', '1', '0'), ('2052', '2048', '660', '118', '同意', '1480646541', '1', '1', '0'), ('2053', '0', '665', '85', '同意', '1480647130', '1', '1', '0'), ('2054', '0', '666', '107', '申请', '1480647148', '1', '1', '0'), ('2055', '2054', '666', '104', '郝老师，考试课命题一个班6分', '1480647148', '1', '1', '0'), ('2056', '0', '667', '107', '申请', '1480647190', '1', '1', '0'), ('2057', '2056', '667', '104', '同意', '1480647190', '1', '1', '0'), ('2058', '0', '668', '107', '同意', '1480647225', '1', '0', '0'), ('2060', '0', '669', '107', '申请', '1480647378', '1', '1', '0'), ('2061', '2060', '669', '104', '同意', '1480647378', '1', '1', '0'), ('2062', '2037', '661', '104', '同意', '1480647738', '1', '1', '0'), ('2063', '2038', '662', '104', '同意', '1480647857', '1', '1', '0'), ('2064', '2058', '668', '104', '同意', '1480648053', '1', '1', '0'), ('2066', '2016', '621', '72', '', '1480648732', '0', '0', '0'), ('2067', '2015', '620', '72', '', '1480648817', '0', '0', '0'), ('2068', '2014', '619', '72', '', '1480648827', '0', '0', '0'), ('2069', '0', '670', '71', '同意', '1480652786', '1', '1', '0'), ('2070', '0', '671', '71', '同意', '1480652987', '1', '1', '0'), ('2071', '0', '672', '62', '申请', '1480653441', '0', '1', '0'), ('2072', '0', '673', '62', '同意', '1480653532', '1', '1', '0'), ('2076', '2051', '664', '51', '同意', '1480658642', '1', '0', '0'), ('2077', '0', '674', '72', '申请', '1480660731', '1', '1', '0'), ('2078', '2077', '674', '69', '同意', '1480660731', '1', '1', '0'), ('2079', '2076', '664', '82', '同意', '1480661667', '1', '1', '0'), ('2080', '2079', '664', '118', '同意', '1480661695', '1', '1', '0'), ('2081', '0', '675', '90', '申请', '1480662802', '1', '1', '0'), ('2082', '2081', '675', '52', '', '1480662802', '0', '1', '0'), ('2083', '0', '676', '90', '申请', '1480662950', '1', '1', '0'), ('2084', '2083', '676', '52', '同意', '1480662950', '1', '1', '0'), ('2085', '0', '677', '90', '申请', '1480663063', '1', '1', '0'), ('2086', '2085', '677', '52', '同意', '1480663063', '1', '1', '0'), ('2087', '0', '678', '90', '同意', '1480663318', '1', '1', '0'), ('2088', '1858', '610', '74', '同意', '1480663446', '1', '1', '0'), ('2089', '1859', '611', '74', '同意', '1480663457', '1', '1', '0'), ('2090', '0', '679', '111', '同意', '1480663463', '1', '1', '0'), ('2091', '0', '680', '111', '同意', '1480663594', '1', '1', '0'), ('2092', '2087', '678', '52', '', '1480663659', '0', '1', '0'), ('2093', '0', '681', '111', '同意', '1480663827', '1', '1', '0'), ('2094', '0', '682', '111', '同意', '1480663866', '1', '1', '0'), ('2097', '2078', '674', '118', '同意', '1480664327', '1', '1', '0'), ('2098', '0', '685', '111', '同意', '1480664343', '1', '1', '0'), ('2099', '0', '686', '111', '同意', '1480664629', '1', '1', '0'), ('2100', '1738', '571', '50', '同意', '1480665648', '1', '1', '0'), ('2101', '0', '687', '114', '申请', '1480665818', '1', '1', '0'), ('2102', '2101', '687', '50', '同意', '1480665818', '1', '1', '0'), ('2103', '1880', '614', '50', '同意', '1480670656', '1', '1', '0'), ('2104', '1879', '613', '50', '同意', '1480670691', '1', '1', '0'), ('2105', '1878', '612', '50', '同意', '1480670698', '1', '1', '0'), ('2106', '2102', '687', '118', '同意', '1480671094', '1', '1', '0'), ('2107', '2103', '614', '118', '同意', '1480671112', '1', '1', '0'), ('2108', '2104', '613', '118', '国家级', '1480671124', '1', '1', '0'), ('2109', '2105', '612', '118', '同意', '1480671132', '1', '1', '0'), ('2110', '2100', '571', '53', '同意', '1480671144', '1', '1', '0'), ('2111', '0', '688', '48', '申请', '1480671844', '1', '1', '0'), ('2112', '2111', '688', '50', '同意', '1480671844', '1', '1', '0'), ('2113', '2112', '688', '118', '同意', '1480671885', '1', '1', '0'), ('2118', '0', '692', '108', '同意', '1480673424', '0', '1', '0'), ('2123', '0', '696', '108', '同意', '1480676513', '1', '1', '0'), ('2124', '0', '697', '108', '同意', '1480676788', '1', '1', '0'), ('2125', '0', '698', '108', '同意', '1480677467', '1', '1', '0'), ('2126', '0', '699', '108', '同意', '1480677560', '1', '1', '0'), ('2127', '0', '700', '108', '同意', '1480677749', '1', '1', '0'), ('2128', '0', '701', '108', '同意', '1480677822', '1', '1', '0'), ('2129', '0', '702', '108', '同意', '1480677942', '1', '1', '0'), ('2130', '0', '703', '108', '同意', '1480677968', '1', '1', '0'), ('2134', '2089', '611', '118', '应该是省部级的', '1480752045', '1', '1', '0'), ('2135', '2088', '610', '118', '同意', '1480752055', '1', '1', '0'), ('2137', '2086', '677', '53', '同意', '1480851632', '1', '1', '0'), ('2138', '2084', '676', '118', '同意', '1480851658', '1', '1', '0'), ('2139', '0', '705', '110', '同意', '1480854170', '1', '1', '0'), ('2140', '0', '706', '110', '同意', '1480854276', '1', '1', '0'), ('2141', '0', '707', '110', '同意', '1480854706', '1', '1', '0'), ('2142', '1584', '520', '98', '同意', '1480856942', '1', '1', '0'), ('2143', '1583', '519', '98', '同意', '1480857087', '1', '1', '0'), ('2144', '0', '708', '110', '同意', '1480860487', '1', '1', '0'), ('2145', '0', '709', '75', '申请', '1480890719', '1', '1', '0'), ('2146', '2145', '709', '74', '同意', '1480890719', '1', '1', '0'), ('2147', '0', '710', '75', '申请', '1480890776', '1', '1', '0'), ('2148', '2147', '710', '74', '同意', '1480890776', '1', '1', '0'), ('2149', '1142', '422', '52', '同意', '1480893721', '1', '1', '0'), ('2150', '0', '711', '77', '同意', '1480895193', '1', '1', '0'), ('2151', '0', '712', '77', '同意', '1480895232', '1', '1', '0'), ('2152', '0', '713', '77', '同意', '1480895259', '1', '1', '0'), ('2153', '0', '714', '77', '申请', '1480895296', '1', '1', '0'), ('2154', '2153', '714', '74', '同意', '1480895296', '1', '1', '0'), ('2155', '0', '715', '77', '申请', '1480895329', '1', '1', '0'), ('2156', '2155', '715', '74', '同意', '1480895329', '1', '1', '0'), ('2157', '2152', '713', '74', '同意', '1480895347', '1', '1', '0'), ('2158', '2151', '712', '74', '同意', '1480895354', '1', '1', '0'), ('2159', '2150', '711', '74', '同意', '1480895365', '1', '1', '0'), ('2160', '0', '716', '77', '申请', '1480895618', '1', '1', '0'), ('2161', '2160', '716', '74', '同意', '1480895618', '1', '1', '0'), ('2163', '0', '717', '110', '同意', '1480901256', '1', '1', '0'), ('2166', '2099', '686', '104', '同意', '1480902263', '1', '1', '0'), ('2169', '2094', '682', '104', '同意', '1480902285', '1', '1', '0'), ('2170', '2093', '681', '104', '同意', '1480902292', '1', '1', '0'), ('2171', '2091', '680', '104', '同意', '1480902301', '1', '1', '0'), ('2173', '0', '720', '111', '同意', '1480903148', '1', '1', '0'), ('2174', '1605', '506', '82', '同意', '1480904594', '1', '1', '0'), ('2175', '1563', '511', '82', '同意', '1480904995', '1', '1', '0'), ('2176', '1562', '510', '82', '同意', '1480905530', '1', '1', '0'), ('2177', '1560', '508', '82', '同意', '1480905603', '1', '1', '0'), ('2178', '1551', '507', '82', '同意', '1480905714', '1', '1', '0'), ('2179', '1649', '543', '98', '同意', '1480905973', '1', '1', '0'), ('2180', '1650', '544', '98', '同意', '1480906018', '1', '1', '0'), ('2181', '2174', '506', '82', '同意', '1480906142', '1', '1', '0'), ('2182', '2175', '511', '82', '同意', '1480906165', '1', '1', '0'), ('2183', '2176', '510', '82', '同意', '1480906179', '1', '1', '0'), ('2184', '2177', '508', '82', '同意', '1480906197', '1', '1', '0'), ('2185', '2178', '507', '82', '同意', '1480906216', '1', '1', '0'), ('2186', '2185', '507', '118', '同意', '1480906274', '1', '1', '0'), ('2187', '2184', '508', '118', '同意', '1480906280', '1', '1', '0'), ('2188', '2183', '510', '118', '同意', '1480906286', '1', '1', '0'), ('2189', '2182', '511', '118', '同意', '1480906291', '1', '1', '0'), ('2190', '2181', '506', '118', '同意', '1480906297', '1', '1', '0'), ('2191', '2123', '696', '104', '同意', '1480907056', '1', '1', '0'), ('2192', '2124', '697', '104', '同意', '1480907062', '1', '1', '0'), ('2193', '2125', '698', '104', '同意', '1480907068', '1', '1', '0'), ('2194', '0', '721', '108', '同意', '1480907761', '1', '1', '0'), ('2195', '2194', '721', '104', '同意', '1480907779', '1', '1', '0'), ('2196', '0', '722', '86', '申请', '1480911225', '1', '1', '0'), ('2197', '2196', '722', '82', '同意', '1480911225', '1', '1', '0'), ('2198', '2197', '722', '86', '', '1480911467', '1', '0', '0'), ('2199', '1367', '333', '82', '同意', '1480911903', '1', '1', '0'), ('2200', '1358', '335', '82', '同意', '1480911912', '1', '1', '0'), ('2201', '1253', '417', '82', '同意', '1480911918', '1', '1', '0'), ('2202', '893', '331', '82', '同意', '1480911949', '1', '1', '0'), ('2203', '2202', '331', '53', '同意', '1480912022', '1', '1', '0'), ('2204', '2201', '417', '53', '人员测评与甄选是考查课', '1480912028', '1', '1', '0'), ('2205', '2200', '335', '53', '人员测评与甄选是考查课', '1480912035', '1', '1', '0'), ('2206', '2199', '333', '53', '同意', '1480912041', '1', '1', '0'), ('2207', '0', '723', '87', '申请', '1480912333', '1', '1', '0'), ('2208', '2207', '723', '82', '同意', '1480912333', '1', '1', '0'), ('2209', '0', '724', '103', '申请', '1480912645', '1', '1', '0'), ('2210', '2209', '724', '98', '同意', '1480912645', '1', '1', '0'), ('2211', '0', '725', '103', '申请', '1480912671', '1', '1', '0'), ('2212', '2211', '725', '98', '同意', '1480912671', '1', '1', '0'), ('2213', '2198', '722', '82', '同意', '1480912675', '1', '1', '0'), ('2214', '2212', '725', '53', '同意', '1480913631', '1', '1', '0'), ('2215', '2210', '724', '53', '同意', '1480913640', '1', '1', '0'), ('2216', '2180', '544', '118', '同意', '1480913653', '1', '1', '0'), ('2217', '2179', '543', '118', '同意', '1480913665', '1', '1', '0'), ('2218', '2143', '519', '118', '同意', '1480913679', '1', '1', '0'), ('2219', '2142', '520', '118', '同意', '1480913688', '1', '1', '0'), ('2220', '0', '726', '86', '申请', '1480913768', '1', '1', '0'), ('2221', '2220', '726', '82', '同意', '1480913768', '1', '1', '0'), ('2222', '0', '727', '95', '申请', '1480914591', '1', '1', '0'), ('2223', '2222', '727', '50', '同意', '1480914591', '1', '1', '0'), ('2224', '2223', '727', '118', '同意', '1480914626', '1', '1', '0'), ('2225', '0', '728', '92', '申请', '1480914905', '1', '1', '0'), ('2226', '2225', '728', '52', '同意', '1480914905', '1', '1', '0'), ('2229', '2226', '728', '118', '同意', '1480916510', '1', '1', '0'), ('2230', '2149', '422', '53', '', '1480916522', '1', '1', '0'), ('2231', '2173', '720', '104', '同意', '1480917115', '1', '1', '0'), ('2232', '2098', '685', '104', '同意', '1480917134', '1', '1', '0'), ('2233', '2090', '679', '111', '', '1480917373', '1', '1', '0'), ('2234', '2233', '679', '111', '同意', '1480917401', '1', '1', '0'), ('2235', '2234', '679', '104', '同意', '1480917651', '1', '1', '0'), ('2236', '0', '731', '91', '同意', '1480918993', '1', '1', '0'), ('2237', '0', '732', '91', '同意', '1480919259', '1', '1', '0'), ('2238', '0', '733', '91', '同意', '1480919455', '1', '1', '0'), ('2239', '0', '734', '91', '同意', '1480919529', '1', '1', '0'), ('2240', '0', '735', '91', '同意', '1480919577', '1', '1', '0'), ('2241', '0', '736', '91', '同意', '1480920020', '1', '1', '0'), ('2242', '0', '737', '105', '申请', '1480922431', '1', '1', '0'), ('2243', '2242', '737', '104', '同意', '1480922431', '1', '1', '0'), ('2244', '0', '738', '105', '申请', '1480922474', '1', '1', '0'), ('2245', '2244', '738', '104', '同意', '1480922474', '1', '1', '0'), ('2246', '0', '739', '105', '申请', '1480924634', '1', '1', '0'), ('2247', '2246', '739', '104', '同意', '1480924634', '1', '1', '0'), ('2248', '0', '740', '105', '申请', '1480924656', '1', '1', '0'), ('2249', '2248', '740', '104', '同意', '1480924656', '1', '1', '0'), ('2250', '0', '741', '85', '同意', '1480924767', '1', '1', '0'), ('2251', '2134', '611', '81', '同意', '1480924784', '1', '1', '0'), ('2252', '2250', '741', '82', '同意', '1480924784', '1', '1', '0'), ('2253', '1455', '477', '82', '同意', '1480924805', '1', '1', '0'), ('2254', '2053', '665', '82', '同意', '1480924854', '1', '1', '0'), ('2255', '1969', '638', '104', '同意', '1480924986', '1', '1', '0'), ('2256', '1968', '637', '104', '同意', '1480925015', '1', '1', '0'), ('2257', '1970', '639', '104', '同意', '1480925029', '1', '1', '0'), ('2258', '2141', '707', '104', '同意', '1480925049', '1', '1', '0'), ('2259', '2251', '611', '74', '同意', '1480925053', '1', '1', '0'), ('2260', '1963', '634', '104', '同意', '1480925063', '1', '1', '0'), ('2261', '1962', '633', '104', '同意', '1480925222', '1', '1', '0'), ('2262', '1971', '640', '104', '同意', '1480925230', '1', '1', '0'), ('2263', '1965', '636', '104', '同意', '1480925303', '1', '1', '0'), ('2264', '2144', '708', '104', '同意', '1480925311', '1', '1', '0'), ('2265', '1964', '635', '104', '同意', '1480925317', '1', '1', '0'), ('2266', '2139', '705', '104', '同意', '1480925343', '1', '1', '0'), ('2267', '2140', '706', '104', '同意', '1480925358', '1', '1', '0'), ('2268', '2163', '717', '104', '同意', '1480925418', '1', '1', '0'), ('2269', '0', '742', '85', '同意', '1480925619', '1', '1', '0'), ('2270', '2269', '742', '82', '同意', '1480925713', '1', '1', '0'), ('2271', '0', '743', '48', '申请', '1480925762', '1', '1', '0'), ('2272', '2271', '743', '50', '同意', '1480925762', '1', '1', '0'), ('2273', '0', '744', '95', '同意', '1480925825', '1', '1', '0'), ('2274', '2273', '744', '50', '同意', '1480925881', '1', '1', '0'), ('2275', '0', '745', '81', '申请', '1480925893', '1', '1', '0'), ('2276', '2275', '745', '74', '同意', '1480925893', '1', '1', '0'), ('2277', '0', '746', '50', '申请', '1480925959', '1', '1', '0'), ('2278', '2277', '746', '50', '同意', '1480925959', '1', '1', '0'), ('2279', '2278', '746', '53', '同意', '1480925971', '1', '1', '0'), ('2280', '2274', '744', '53', '同意', '1480925985', '1', '1', '0'), ('2281', '2272', '743', '53', '同意', '1480925991', '1', '1', '0'), ('2283', '0', '747', '88', '申请', '1480926204', '1', '1', '0'), ('2284', '2283', '747', '52', '同意', '1480926204', '1', '1', '0'), ('2285', '0', '748', '111', '同意', '1480926284', '1', '1', '0'), ('2286', '2285', '748', '104', '同意', '1480926316', '1', '1', '0'), ('2287', '0', '749', '103', '申请', '1480926348', '1', '1', '0'), ('2288', '2287', '749', '98', '同意', '1480926348', '1', '1', '0'), ('2289', '0', '750', '80', '申请', '1480926387', '1', '1', '0'), ('2290', '2289', '750', '74', '同意', '1480926387', '1', '1', '0'), ('2291', '1194', '436', '118', '同意', '1480926640', '1', '1', '0'), ('2292', '1724', '563', '118', '同意', '1480926664', '1', '1', '0'), ('2293', '2288', '749', '53', '同意', '1480926934', '1', '1', '0'), ('2294', '0', '751', '110', '申请', '1480926940', '1', '1', '0'), ('2295', '2294', '751', '104', '同意', '1480926940', '1', '1', '0'), ('2296', '0', '752', '102', '申请', '1480926946', '1', '1', '0'), ('2297', '2296', '752', '98', '同意', '1480926946', '1', '1', '0'), ('2298', '0', '753', '102', '申请', '1480927017', '1', '1', '0'), ('2299', '2298', '753', '98', '同意', '1480927017', '1', '1', '0'), ('2300', '0', '754', '102', '申请', '1480927130', '1', '1', '0'), ('2301', '2300', '754', '98', '同意', '1480927130', '1', '1', '0'), ('2302', '0', '755', '102', '申请', '1480927162', '1', '1', '0'), ('2303', '2302', '755', '98', '同意', '1480927162', '1', '1', '0'), ('2304', '2303', '755', '53', '同意', '1480927265', '1', '1', '0'), ('2305', '2301', '754', '53', '同意', '1480927275', '1', '1', '0'), ('2306', '2299', '753', '53', '同意', '1480927286', '1', '1', '0'), ('2307', '2297', '752', '53', '同意', '1480927298', '1', '1', '0'), ('2308', '0', '756', '101', '同意', '1480927358', '1', '1', '0'), ('2309', '0', '757', '98', '申请', '1480927382', '1', '1', '0'), ('2310', '2309', '757', '98', '同意', '1480927382', '1', '1', '0'), ('2311', '2290', '750', '53', '同意', '1480927385', '1', '1', '0'), ('2312', '2276', '745', '53', '同意', '1480927400', '1', '1', '0'), ('2313', '0', '758', '109', '申请', '1480927404', '1', '1', '0'), ('2314', '2313', '758', '98', '同意', '1480927404', '1', '1', '0'), ('2315', '0', '759', '98', '申请', '1480927416', '1', '1', '0'), ('2316', '2315', '759', '98', '同意', '1480927416', '1', '1', '0'), ('2317', '1585', '521', '98', '同意', '1480927430', '1', '1', '0'), ('2318', '2259', '611', '118', '同意', '1480927430', '1', '1', '0'), ('2319', '0', '760', '101', '同意', '1480927457', '1', '1', '0'), ('2320', '0', '761', '116', '同意', '1480927461', '1', '1', '0'), ('2321', '0', '762', '98', '申请', '1480927466', '1', '1', '0'), ('2322', '2321', '762', '98', '同意', '1480927466', '1', '1', '0'), ('2323', '2161', '716', '118', '应属于学报上发表的省部级以上项目', '1480927467', '0', '1', '0'), ('2324', '2159', '711', '53', '同意', '1480927477', '1', '1', '0'), ('2325', '2158', '712', '53', '同意', '1480927486', '1', '1', '0'), ('2326', '0', '763', '72', '申请', '1480927494', '1', '1', '0'), ('2327', '2326', '763', '69', '同意', '1480927494', '1', '1', '0'), ('2328', '2157', '713', '53', '同意', '1480927496', '1', '1', '0'), ('2329', '2156', '715', '53', '同意', '1480927505', '1', '1', '0'), ('2330', '2322', '762', '53', '同意', '1480927509', '1', '1', '0'), ('2331', '2154', '714', '53', '同意', '1480927513', '1', '1', '0'), ('2332', '2317', '521', '53', '同意', '1480927522', '1', '1', '0'), ('2333', '2148', '710', '53', '段老师，清考的分数不算', '1480927524', '1', '1', '0'), ('2334', '2316', '759', '53', '同意', '1480927533', '1', '1', '0'), ('2335', '2146', '709', '53', '同意', '1480927535', '1', '1', '0'), ('2336', '2314', '758', '53', '同意', '1480927546', '1', '1', '0'), ('2337', '2310', '757', '53', '同意', '1480927556', '1', '1', '0'), ('2338', '0', '764', '116', '同意', '1480927577', '1', '1', '0'), ('2339', '0', '765', '109', '同意', '1480927618', '1', '1', '0'), ('2340', '2319', '760', '98', '同意', '1480927643', '1', '1', '0'), ('2341', '2308', '756', '98', '同意', '1480927659', '1', '1', '0'), ('2342', '0', '766', '116', '同意', '1480927695', '1', '1', '0'), ('2343', '0', '767', '74', '申请', '1480927752', '1', '1', '0'), ('2344', '2343', '767', '74', '同意', '1480927752', '1', '1', '0'), ('2345', '2344', '767', '53', '同意', '1480927763', '1', '1', '0'), ('2346', '0', '768', '102', '申请', '1480927834', '1', '1', '0'), ('2347', '2346', '768', '98', '同意', '1480927834', '1', '1', '0'), ('2348', '0', '769', '116', '同意', '1480927935', '1', '1', '0'), ('2349', '0', '770', '116', '同意', '1480928168', '1', '1', '0'), ('2350', '0', '771', '116', '同意', '1480928279', '1', '1', '0'), ('2351', '0', '772', '114', '申请', '1480928654', '1', '1', '0'), ('2352', '2351', '772', '50', '同意', '1480928654', '1', '1', '0'), ('2353', '2339', '765', '98', '同意', '1480928788', '1', '1', '0'), ('2354', '0', '773', '116', '申请', '1480929196', '0', '1', '0'), ('2355', '0', '774', '109', '申请', '1480929291', '1', '1', '0'), ('2356', '2355', '774', '98', '同意', '1480929291', '1', '1', '0'), ('2357', '0', '775', '84', '申请', '1480929740', '1', '1', '0'), ('2358', '2357', '775', '82', '同意', '1480929740', '1', '1', '0'), ('2359', '0', '776', '116', '同意', '1480930403', '1', '1', '0'), ('2360', '2359', '776', '52', '同意', '1480930420', '1', '1', '0'), ('2361', '2348', '769', '52', '', '1480930445', '1', '1', '0'), ('2362', '2349', '770', '52', '', '1480930454', '1', '1', '0'), ('2363', '2338', '764', '52', '同意', '1480930471', '1', '1', '0'), ('2364', '2320', '761', '52', '同意', '1480930477', '1', '1', '0'), ('2365', '2350', '771', '52', '同意', '1480930483', '1', '1', '0'), ('2366', '2342', '766', '52', '同意', '1480930490', '1', '1', '0'), ('2367', '0', '777', '106', '同意', '1480930602', '1', '1', '0'), ('2368', '2367', '777', '104', '同意', '1480930625', '1', '1', '0'), ('2369', '0', '778', '108', '申请', '1480930915', '1', '1', '0'), ('2370', '2369', '778', '104', '同意', '1480930915', '1', '1', '0'), ('2371', '0', '779', '96', '申请', '1480930934', '1', '1', '0'), ('2372', '2371', '779', '50', '同意', '1480930934', '1', '1', '0'), ('2373', '2130', '703', '104', '同意', '1480930939', '1', '1', '0'), ('2374', '2129', '702', '104', '同意', '1480930945', '1', '1', '0'), ('2375', '2128', '701', '104', '同意', '1480930951', '1', '1', '0'), ('2376', '2127', '700', '104', '同意', '1480930975', '1', '1', '0'), ('2377', '2126', '699', '104', '同意', '1480931007', '1', '1', '0'), ('2378', '0', '780', '96', '申请', '1480931354', '1', '1', '0'), ('2379', '2378', '780', '50', '同意', '1480931354', '1', '1', '0'), ('2380', '0', '781', '85', '同意', '1480932188', '1', '1', '0'), ('2381', '0', '782', '96', '申请', '1480932205', '1', '1', '0'), ('2382', '2381', '782', '50', '同意', '1480932205', '1', '1', '0'), ('2383', '2380', '781', '82', '同意', '1480932301', '1', '1', '0'), ('2384', '0', '783', '83', '申请', '1480932885', '1', '1', '0'), ('2385', '2384', '783', '82', '同意', '1480932885', '1', '1', '0'), ('2387', '0', '785', '116', '同意', '1480934751', '1', '1', '0'), ('2388', '2387', '785', '52', '同意', '1480934884', '1', '1', '0'), ('2389', '0', '786', '87', '申请', '1480936210', '1', '1', '0'), ('2390', '2389', '786', '82', '同意', '1480936210', '1', '1', '0'), ('2392', '0', '788', '87', '申请', '1480937009', '1', '1', '0'), ('2393', '2392', '788', '82', '同意', '1480937009', '1', '1', '0'), ('2394', '0', '789', '87', '申请', '1480937430', '1', '1', '0'), ('2395', '2394', '789', '82', '同意', '1480937430', '1', '1', '0'), ('2396', '0', '790', '74', '同意', '1480938426', '1', '1', '0'), ('2397', '2396', '790', '74', '同意', '1480938499', '1', '1', '0'), ('2398', '0', '791', '71', '同意', '1480938514', '1', '1', '0'), ('2399', '0', '792', '71', '同意', '1480938637', '1', '1', '0'), ('2400', '0', '793', '71', '同意', '1480938671', '1', '1', '0'), ('2401', '0', '794', '71', '同意', '1480938717', '1', '1', '0'), ('2402', '2397', '790', '118', '同意', '1480939807', '1', '1', '0'), ('2403', '0', '795', '94', '申请', '1480939865', '1', '1', '0'), ('2404', '2403', '795', '50', '同意', '1480939865', '1', '1', '0'), ('2405', '0', '796', '86', '申请', '1480940239', '1', '1', '0'), ('2406', '2405', '796', '82', '同意', '1480940239', '1', '1', '0'), ('2407', '0', '797', '75', '申请', '1480940372', '1', '1', '0'), ('2408', '2407', '797', '74', '同意', '1480940372', '1', '1', '0'), ('2409', '0', '798', '75', '申请', '1480940425', '1', '1', '0'), ('2410', '2409', '798', '74', '同意', '1480940425', '1', '1', '0'), ('2411', '2362', '770', '116', '同意', '1480944260', '1', '0', '0'), ('2412', '1843', '600', '74', '同意', '1480944301', '1', '1', '0'), ('2413', '1850', '607', '74', '同意', '1480944307', '1', '1', '0'), ('2414', '1849', '606', '74', '同意', '1480944358', '1', '1', '0'), ('2415', '1846', '603', '74', '同意', '1480944367', '1', '1', '0'), ('2416', '1845', '602', '74', '同意', '1480944371', '1', '1', '0'), ('2417', '0', '799', '79', '申请', '1480944447', '1', '1', '0'), ('2418', '2417', '799', '74', '同意', '1480944447', '1', '1', '0'), ('2419', '2365', '771', '118', '同意', '1480944463', '1', '1', '0'), ('2420', '1848', '605', '74', '同意', '1480944469', '1', '1', '0'), ('2421', '1847', '604', '74', '同意', '1480944476', '1', '1', '0'), ('2422', '2411', '770', '52', '同意', '1480944488', '1', '1', '0'), ('2423', '0', '800', '79', '申请', '1480944520', '1', '1', '0'), ('2424', '2423', '800', '74', '同意', '1480944520', '1', '1', '0'), ('2425', '0', '801', '79', '申请', '1480944549', '1', '1', '0'), ('2426', '2425', '801', '74', '同意', '1480944549', '1', '1', '0'), ('2427', '0', '802', '79', '申请', '1480944569', '1', '1', '0'), ('2428', '2427', '802', '74', '同意', '1480944569', '1', '1', '0'), ('2429', '2377', '699', '118', '同意', '1480944666', '1', '1', '0'), ('2430', '2376', '700', '118', '同意', '1480944684', '1', '1', '0'), ('2431', '2375', '701', '53', '同意', '1480944692', '1', '1', '0'), ('2432', '2374', '702', '53', '同意', '1480944700', '1', '1', '0'), ('2433', '2373', '703', '53', '同意', '1480944707', '1', '1', '0'), ('2434', '2370', '778', '53', '同意', '1480944718', '1', '1', '0'), ('2435', '2368', '777', '53', '同意', '1480944725', '1', '1', '0'), ('2436', '2295', '751', '53', '同意', '1480944735', '1', '1', '0'), ('2437', '2286', '748', '53', '同意', '1480944744', '1', '1', '0'), ('2438', '2268', '717', '53', '清考出卷已发劳务，不统计', '1480944755', '1', '1', '0'), ('2443', '2361', '769', '116', '同意', '1480944789', '1', '0', '0'), ('2444', '2263', '636', '118', '同意', '1480944797', '1', '1', '0'), ('2445', '0', '803', '79', '申请', '1480944850', '1', '1', '0'), ('2446', '2445', '803', '74', '同意', '1480944850', '1', '1', '0'), ('2447', '2267', '706', '118', '同意', '1480944857', '1', '1', '0'), ('2448', '2266', '705', '118', '同意', '1480944865', '1', '1', '0'), ('2449', '2265', '635', '118', '同意', '1480944880', '1', '1', '0'), ('2450', '2264', '708', '118', '同意', '1480944886', '1', '1', '0'), ('2451', '2262', '640', '118', '同意', '1480944900', '1', '1', '0'), ('2452', '2261', '633', '118', '同意', '1480944909', '1', '1', '0'), ('2453', '2260', '634', '118', '同意', '1480944915', '1', '1', '0'), ('2454', '2360', '776', '118', '同意', '1480944917', '1', '1', '0'), ('2455', '2258', '707', '118', '', '1480944923', '0', '1', '0'), ('2456', '2257', '639', '118', '同意', '1480944938', '1', '1', '0'), ('2457', '2256', '637', '118', '同意', '1480944953', '1', '1', '0'), ('2459', '2255', '638', '118', '同意', '1480944973', '1', '1', '0'), ('2460', '2249', '740', '53', '同意', '1480944990', '1', '1', '0'), ('2461', '2247', '739', '53', '同意', '1480944996', '1', '1', '0'), ('2462', '2245', '738', '53', '同意', '1480945002', '1', '1', '0'), ('2463', '2366', '766', '118', '同意', '1480945002', '1', '1', '0'), ('2464', '2243', '737', '53', '同意', '1480945017', '1', '1', '0'), ('2465', '2235', '679', '118', '同意', '1480945023', '1', '1', '0'), ('2466', '2232', '685', '118', '同意', '1480945031', '1', '1', '0'), ('2467', '2231', '720', '118', '同意', '1480945056', '1', '1', '0'), ('2468', '2195', '721', '118', '同意', '1480945089', '1', '1', '0'), ('2469', '2443', '769', '52', '同意', '1480945125', '1', '1', '0'), ('2470', '2193', '698', '53', '同意', '1480945136', '1', '1', '0'), ('2471', '0', '804', '79', '同意', '1480945162', '1', '0', '0'), ('2473', '2192', '697', '118', '主持人占比不得低于50%', '1480945165', '1', '1', '0'), ('2474', '2191', '696', '118', '同意', '1480945187', '1', '1', '0'), ('2475', '2171', '680', '118', '同意', '1480945218', '1', '1', '0'), ('2476', '2170', '681', '53', '同意', '1480945233', '1', '1', '0'), ('2477', '2169', '682', '53', '同意', '1480945238', '1', '1', '0'), ('2480', '2166', '686', '118', '同意', '1480945272', '1', '1', '0'), ('2481', '2069', '670', '69', '同意', '1480945276', '1', '1', '0'), ('2482', '2063', '662', '118', '总分为263', '1480945300', '1', '1', '0'), ('2483', '2062', '661', '118', '同意', '1480945313', '1', '1', '0'), ('2484', '0', '805', '77', '申请', '1480945314', '1', '1', '0'), ('2485', '2484', '805', '74', '同意', '1480945314', '1', '1', '0'), ('2486', '2061', '669', '118', '同意', '1480945325', '1', '1', '0'), ('2487', '2401', '794', '69', '同意', '1480945344', '1', '1', '0'), ('2488', '2057', '667', '53', '同意', '1480945349', '1', '1', '0'), ('2489', '2400', '793', '69', '同意', '1480945352', '1', '1', '0'), ('2490', '2041', '663', '53', '同意', '1480945360', '1', '1', '0'), ('2491', '2399', '792', '69', '同意', '1480945362', '1', '1', '0'), ('2492', '0', '806', '77', '申请', '1480945365', '1', '1', '0'), ('2493', '2492', '806', '74', '同意', '1480945365', '1', '1', '0'), ('2494', '2070', '671', '69', '同意', '1480945374', '1', '1', '0'), ('2495', '2034', '658', '118', '同意', '1480945374', '1', '1', '0'), ('2496', '2398', '791', '69', '同意', '1480945382', '1', '1', '0'), ('2497', '0', '807', '77', '申请', '1480945422', '1', '1', '0'), ('2498', '2497', '807', '74', '同意', '1480945422', '1', '1', '0'), ('2499', '2471', '804', '74', '同意', '1480945437', '1', '1', '0'), ('2500', '0', '808', '77', '申请', '1480945457', '1', '1', '0'), ('2501', '2500', '808', '74', '同意', '1480945457', '1', '1', '0'), ('2502', '2422', '770', '118', '同意', '1480945472', '1', '1', '0'), ('2503', '0', '809', '104', '申请', '1480945576', '1', '1', '0'), ('2504', '2503', '809', '104', '同意', '1480945576', '1', '1', '0'), ('2505', '0', '810', '104', '申请', '1480945603', '1', '1', '0'), ('2506', '2505', '810', '104', '同意', '1480945603', '1', '1', '0');
INSERT INTO `yunzhi_workflow_log` VALUES ('2507', '2469', '769', '118', '同意', '1480945645', '1', '1', '0'), ('2508', '0', '811', '77', '申请', '1480945649', '1', '1', '0'), ('2509', '2508', '811', '74', '同意', '1480945649', '1', '1', '0'), ('2512', '0', '812', '104', '申请', '1480945832', '1', '1', '0'), ('2513', '2512', '812', '104', '同意', '1480945832', '1', '1', '0'), ('2514', '2513', '812', '53', '同意', '1480945852', '1', '1', '0'), ('2515', '2506', '810', '53', '同意', '1480945858', '1', '1', '0'), ('2516', '2504', '809', '53', '同意', '1480945863', '1', '1', '0'), ('2517', '0', '813', '70', '申请', '1480946038', '1', '1', '0'), ('2518', '2517', '813', '69', '同意', '1480946038', '1', '1', '0'), ('2520', '0', '815', '70', '申请', '1480946135', '1', '1', '0'), ('2521', '2520', '815', '69', '同意', '1480946135', '1', '1', '0'), ('2522', '0', '816', '88', '申请', '1480946188', '0', '1', '0'), ('2523', '0', '817', '70', '同意', '1480946247', '1', '1', '0'), ('2524', '2055', '666', '107', '同意', '1480946320', '1', '0', '0'), ('2525', '2523', '817', '69', '同意', '1480946320', '1', '1', '0'), ('2526', '0', '818', '70', '申请', '1480946353', '1', '1', '0'), ('2527', '2526', '818', '69', '同意', '1480946353', '1', '1', '0'), ('2528', '0', '819', '70', '申请', '1480946377', '1', '1', '0'), ('2529', '2528', '819', '69', '同意', '1480946377', '1', '1', '0'), ('2530', '0', '820', '70', '同意', '1480946492', '1', '1', '0'), ('2531', '2530', '820', '69', '同意', '1480946503', '1', '1', '0'), ('2532', '2352', '772', '53', '同意', '1480947415', '1', '1', '0'), ('2533', '2372', '779', '53', '同意', '1480947424', '1', '1', '0'), ('2534', '2404', '795', '53', '同意', '1480947437', '1', '1', '0'), ('2535', '2382', '782', '118', '同意', '1480947450', '1', '1', '0'), ('2536', '2379', '780', '53', '同意', '1480947464', '1', '1', '0'), ('2537', '0', '821', '52', '同意', '1480947569', '1', '1', '0'), ('2538', '0', '822', '73', '同意', '1480947639', '1', '1', '0'), ('2539', '2538', '822', '69', '同意', '1480947659', '1', '1', '0'), ('2540', '0', '823', '73', '同意', '1480947767', '1', '1', '0'), ('2541', '2540', '823', '69', '同意', '1480947832', '1', '1', '0'), ('2542', '0', '824', '52', '同意', '1480948064', '1', '1', '0'), ('2543', '0', '825', '52', '同意', '1480948183', '1', '1', '0'), ('2544', '0', '826', '52', '同意', '1480948271', '1', '1', '0'), ('2545', '2388', '785', '118', '同意', '1480948393', '1', '1', '0'), ('2546', '2544', '826', '52', '同意', '1480948561', '1', '1', '0'), ('2547', '2543', '825', '52', '同意', '1480948596', '1', '1', '0'), ('2548', '2542', '824', '52', '同意', '1480948604', '1', '1', '0'), ('2549', '2537', '821', '52', '同意', '1480949218', '1', '1', '0'), ('2550', '2064', '668', '53', '同意', '1480949650', '1', '1', '0'), ('2551', '0', '827', '3', '申请', '1480949777', '1', '1', '0'), ('2552', '2551', '827', '104', '同意', '1480949777', '1', '1', '0'), ('2553', '2524', '666', '104', '同意', '1480982261', '1', '1', '0'), ('2554', '0', '828', '107', '申请', '1480982318', '1', '1', '0'), ('2555', '2554', '828', '104', '同意', '1480982318', '1', '1', '0'), ('2556', '0', '829', '78', '申请', '1480982799', '1', '1', '0'), ('2557', '2556', '829', '74', '同意', '1480982799', '1', '1', '0'), ('2558', '0', '830', '69', '申请', '1480983568', '1', '1', '0'), ('2559', '2558', '830', '69', '同意', '1480983568', '1', '1', '0'), ('2560', '0', '831', '69', '申请', '1480983762', '1', '1', '0'), ('2561', '2560', '831', '69', '同意', '1480983762', '1', '1', '0'), ('2562', '2561', '831', '53', '同意', '1480983808', '1', '1', '0'), ('2563', '2559', '830', '118', '', '1480983813', '0', '1', '0'), ('2564', '2541', '823', '118', '', '1480983825', '1', '1', '0'), ('2565', '2539', '822', '118', '同意', '1480983835', '1', '1', '0'), ('2566', '2531', '820', '118', '同意', '1480983845', '1', '1', '0'), ('2567', '2529', '819', '118', '同意', '1480983851', '1', '1', '0'), ('2568', '2527', '818', '118', '同意', '1480983856', '1', '1', '0'), ('2569', '2525', '817', '118', '同意', '1480983861', '1', '1', '0'), ('2570', '2521', '815', '118', '总分为158', '1480983875', '1', '1', '0'), ('2571', '2518', '813', '118', '主持人分值不得低于50%', '1480983886', '1', '1', '0'), ('2572', '2496', '791', '53', '同意', '1480983893', '1', '1', '0'), ('2573', '2494', '671', '53', '同意', '1480983898', '1', '1', '0'), ('2574', '2491', '792', '53', '同意', '1480983902', '1', '1', '0'), ('2575', '2489', '793', '53', '同意', '1480983907', '1', '1', '0'), ('2576', '2487', '794', '53', '同意', '1480983916', '1', '1', '0'), ('2577', '2481', '670', '118', '同意', '1480983922', '1', '1', '0'), ('2578', '2327', '763', '53', '同意', '1480983929', '1', '1', '0'), ('2579', '0', '832', '78', '申请', '1480985000', '1', '1', '0'), ('2580', '2579', '832', '74', '同意', '1480985000', '1', '1', '0'), ('2581', '2509', '811', '53', '同意', '1480985592', '1', '1', '0'), ('2582', '2501', '808', '53', '同意', '1480985602', '1', '1', '0'), ('2583', '2498', '807', '53', '同意', '1480985609', '1', '1', '0'), ('2584', '2485', '805', '53', '同意', '1480985617', '1', '1', '0'), ('2585', '2493', '806', '53', '同意', '1480985623', '1', '1', '0'), ('2586', '2416', '602', '118', '', '1480985632', '0', '1', '0'), ('2587', '2557', '829', '53', '同意', '1480985639', '1', '1', '0'), ('2588', '2421', '604', '53', '同意', '1480985649', '1', '1', '0'), ('2589', '2426', '801', '53', '同意', '1480985655', '1', '1', '0'), ('2590', '2424', '800', '53', '国际金融为16-17学年课程', '1480985660', '1', '1', '0'), ('2591', '2410', '798', '53', '同意', '1480985668', '1', '1', '0'), ('2592', '2408', '797', '53', '同意', '1480985678', '1', '1', '0'), ('2593', '2412', '600', '118', '同意', '1480985690', '1', '1', '0'), ('2594', '2413', '607', '118', '同意', '1480985696', '1', '1', '0'), ('2595', '2415', '603', '118', '同意', '1480985709', '1', '1', '0'), ('2596', '2420', '605', '53', '王老师，国际金融为16-17学年课程，不在本次绩效统计范围', '1480985716', '1', '1', '0'), ('2597', '2499', '804', '118', '总分为25分', '1480985731', '1', '1', '0'), ('2598', '2446', '803', '118', '已立项不再计算', '1480985738', '0', '1', '0'), ('2599', '2428', '802', '53', '同意', '1480985744', '1', '1', '0'), ('2600', '2418', '799', '118', '同意', '1480985755', '0', '0', '0'), ('2601', '2414', '606', '53', '', '1480985762', '0', '1', '0'), ('2602', '2549', '821', '118', '同意', '1480986136', '1', '1', '0'), ('2603', '2548', '824', '118', '同意', '1480986142', '1', '1', '0'), ('2604', '2547', '825', '118', '同意', '1480986150', '1', '1', '0'), ('2605', '2546', '826', '118', '同意', '1480986160', '0', '1', '0'), ('2606', '2364', '761', '118', '同意', '1480986169', '1', '1', '0'), ('2607', '2363', '764', '118', '同意', '1480986174', '1', '1', '0'), ('2608', '2553', '666', '53', '同意', '1480986837', '1', '1', '0'), ('2609', '2555', '828', '53', '同意', '1480986845', '1', '1', '0'), ('2610', '2552', '827', '53', '同意', '1480986852', '1', '1', '0'), ('2611', '2406', '796', '53', '同意', '1480987967', '1', '1', '0'), ('2612', '2395', '789', '53', '此门课是考查课', '1480987974', '1', '1', '0'), ('2613', '2393', '788', '53', '同意', '1480987982', '1', '1', '0'), ('2614', '2390', '786', '118', '', '1480987996', '0', '1', '0'), ('2615', '2385', '783', '53', '同意', '1480988005', '1', '1', '0'), ('2616', '2383', '781', '85', '同意', '1480988015', '1', '1', '0'), ('2618', '2358', '775', '53', '同意', '1480988024', '1', '1', '0'), ('2619', '2270', '742', '53', '同意', '1480988033', '1', '1', '0'), ('2620', '2254', '665', '118', '同意', '1480988041', '1', '1', '0'), ('2621', '2253', '477', '118', '已申请', '1480988057', '0', '1', '0'), ('2622', '2252', '741', '53', '同意', '1480988067', '1', '1', '0'), ('2623', '2221', '726', '53', '同意', '1480988076', '1', '1', '0'), ('2624', '2213', '722', '86', '', '1480988090', '0', '0', '0'), ('2625', '2208', '723', '53', '同意', '1480988097', '1', '1', '0'), ('2626', '0', '834', '82', '申请', '1480988299', '1', '1', '0'), ('2627', '2626', '834', '82', '同意', '1480988299', '1', '1', '0'), ('2628', '2627', '834', '53', '同意', '1480988313', '1', '1', '0'), ('2629', '2356', '774', '118', '本校不是第一单位', '1480988671', '0', '1', '0'), ('2630', '2353', '765', '118', '本校不是第一单位', '1480988697', '0', '1', '0'), ('2631', '2347', '768', '118', '同意', '1480988722', '1', '1', '0'), ('2632', '2341', '756', '53', '同意', '1480988744', '1', '1', '0'), ('2633', '2340', '760', '53', '同意', '1480988757', '1', '1', '0'), ('2634', '0', '835', '70', '同意', '1480991220', '1', '1', '0'), ('2635', '2634', '835', '69', '同意', '1480991263', '1', '1', '0'), ('2636', '2236', '731', '52', '同意', '1480991526', '1', '1', '0'), ('2637', '2237', '732', '52', '同意', '1480991547', '1', '1', '0'), ('2638', '2635', '835', '118', '总分为26', '1480991607', '1', '1', '0'), ('2639', '2241', '736', '52', '同意', '1480991614', '1', '1', '0'), ('2640', '2240', '735', '52', '同意', '1480991662', '1', '1', '0'), ('2641', '2239', '734', '52', '同意', '1480991672', '1', '1', '0'), ('2642', '2238', '733', '52', '同意', '1480991678', '1', '1', '0'), ('2643', '0', '836', '91', '同意', '1480991775', '1', '1', '0'), ('2644', '2643', '836', '52', '同意', '1480991788', '1', '1', '0'), ('2645', '2644', '836', '53', '同意', '1480992392', '1', '1', '0'), ('2646', '2642', '733', '53', '同意', '1480992405', '1', '1', '0'), ('2647', '2641', '734', '53', '同意', '1480992418', '1', '1', '0'), ('2648', '2640', '735', '53', '同意', '1480992429', '1', '1', '0'), ('2649', '0', '837', '88', '同意', '1480992437', '1', '1', '0'), ('2650', '2649', '837', '52', '同意', '1480992444', '1', '1', '0'), ('2651', '2639', '736', '118', '同意', '1480992457', '1', '1', '0'), ('2652', '2650', '837', '118', '同意', '1480992470', '1', '1', '0'), ('2653', '2637', '732', '118', '同意', '1480992479', '1', '1', '0'), ('2654', '2636', '731', '118', '同意', '1480992592', '1', '1', '0'), ('2655', '2284', '747', '118', '同意', '1480992600', '1', '1', '0'), ('2656', '2616', '781', '82', '同意', '1480992758', '1', '1', '0'), ('2657', '0', '838', '52', '申请', '1480992824', '1', '1', '0'), ('2658', '2657', '838', '52', '同意', '1480992824', '1', '1', '0'), ('2659', '2658', '838', '53', '同意', '1480992857', '1', '1', '0'), ('2660', '0', '839', '91', '同意', '1480992917', '1', '1', '0'), ('2661', '2660', '839', '52', '同意', '1480992941', '1', '1', '0'), ('2662', '2661', '839', '118', '同意', '1480992996', '1', '1', '0'), ('2663', '0', '840', '51', '同意', '1480994205', '1', '1', '0'), ('2664', '2663', '840', '82', '同意', '1480994254', '1', '1', '0'), ('2665', '2612', '789', '87', '', '1480994371', '0', '0', '0'), ('2666', '2596', '605', '79', '', '1480994817', '0', '0', '0'), ('2667', '2590', '800', '79', '', '1480994837', '0', '0', '0'), ('2670', '0', '841', '92', '申请', '1480995626', '1', '1', '0'), ('2671', '2670', '841', '52', '同意', '1480995626', '1', '1', '0'), ('2672', '0', '842', '99', '同意', '1480996916', '1', '1', '0'), ('2673', '0', '843', '99', '同意', '1480997193', '1', '1', '0'), ('2675', '0', '844', '99', '同意', '1480997382', '1', '1', '0'), ('2676', '0', '845', '99', '同意', '1480997636', '1', '1', '0'), ('2677', '2664', '840', '53', '同意', '1480997676', '1', '1', '0'), ('2678', '2656', '781', '118', '同意', '1480997686', '1', '1', '0'), ('2679', '2672', '842', '98', '同意', '1480997702', '1', '1', '0'), ('2680', '2676', '845', '98', '同意', '1480997745', '1', '1', '0'), ('2681', '1979', '644', '98', '同意', '1480997749', '1', '1', '0'), ('2682', '2675', '844', '98', '同意', '1480997770', '1', '1', '0'), ('2683', '2673', '843', '98', '同意', '1480997781', '1', '1', '0'), ('2684', '0', '846', '62', '申请', '1480997857', '1', '1', '0'), ('2685', '2684', '846', '98', '同意', '1480997857', '1', '1', '0'), ('2686', '1986', '648', '98', '同意', '1480997865', '1', '1', '0'), ('2687', '2671', '841', '53', '同意', '1480997938', '1', '1', '0'), ('2688', '2072', '673', '98', '同意', '1480997972', '1', '1', '0'), ('2689', '2028', '656', '98', '同意', '1480998211', '1', '1', '0'), ('2690', '2638', '835', '70', '同意', '1480999024', '1', '1', '0'), ('2691', '0', '847', '75', '申请', '1480999974', '1', '1', '0'), ('2692', '2691', '847', '74', '同意', '1480999974', '1', '1', '0'), ('2693', '2692', '847', '53', '同意', '1480999986', '1', '1', '0'), ('2694', '0', '848', '75', '申请', '1480999989', '1', '1', '0'), ('2695', '2694', '848', '74', '同意', '1480999989', '1', '1', '0'), ('2696', '2695', '848', '53', '同意', '1480999995', '1', '1', '0'), ('2697', '2580', '832', '118', '同意', '1481000107', '1', '1', '0'), ('2698', '2690', '835', '69', '同意', '1481000486', '1', '1', '0'), ('2699', '2698', '835', '118', '同意', '1481000551', '1', '1', '0'), ('2700', '2333', '710', '75', '', '1481000635', '0', '0', '0'), ('2701', '2108', '613', '48', '同意', '1481000795', '1', '1', '0'), ('2702', '0', '849', '90', '申请', '1481000951', '1', '1', '0'), ('2703', '2702', '849', '52', '同意', '1481000951', '1', '1', '0'), ('2704', '2689', '656', '118', '同意', '1481000988', '1', '1', '0'), ('2705', '2688', '673', '118', '同意', '1481001002', '1', '1', '0'), ('2706', '2686', '648', '53', '同意', '1481001014', '1', '1', '0'), ('2707', '2685', '846', '53', '同意', '1481001029', '1', '1', '0'), ('2708', '2683', '843', '53', '同意', '1481001040', '1', '1', '0'), ('2709', '2682', '844', '53', '同意', '1481001050', '1', '1', '0'), ('2710', '2681', '644', '118', '同意', '1481001071', '1', '1', '0'), ('2711', '2680', '845', '118', '同意', '1481001084', '1', '1', '0'), ('2712', '2679', '842', '118', '同意', '1481001096', '1', '1', '0'), ('2713', '2703', '849', '118', '同意', '1481001712', '1', '1', '0'), ('2714', '2230', '422', '92', '', '1481001890', '0', '0', '0'), ('2715', '2206', '333', '87', '', '1481002422', '0', '0', '0'), ('2716', '2438', '717', '110', '', '1481002554', '0', '0', '0'), ('2717', '2205', '335', '87', '', '1481002650', '0', '0', '0'), ('2718', '2204', '417', '87', '', '1481002659', '0', '0', '0'), ('2719', '0', '850', '59', '申请', '1481003195', '1', '1', '0'), ('2720', '2719', '850', '50', '同意', '1481003195', '1', '1', '0'), ('2721', '1901', '567', '96', '', '1481003275', '0', '0', '0'), ('2722', '0', '851', '100', '申请', '1481003520', '1', '1', '0'), ('2723', '2722', '851', '98', '同意', '1481003520', '1', '1', '0'), ('2724', '1795', '542', '82', '', '1481005601', '0', '1', '0'), ('2725', '1785', '559', '73', '', '1481005696', '0', '0', '0'), ('2726', '1784', '561', '73', '', '1481005743', '0', '0', '0'), ('2727', '1902', '569', '96', '', '1481006626', '0', '0', '0'), ('2728', '1796', '541', '82', '', '1481006635', '0', '1', '0'), ('2729', '0', '852', '90', '申请', '1481006716', '1', '1', '0'), ('2730', '2729', '852', '52', '', '1481006716', '0', '0', '0'), ('2731', '1636', '537', '57', '', '1481007201', '0', '0', '0'), ('2732', '1635', '538', '57', '', '1481007207', '0', '0', '0'), ('2733', '2203', '331', '87', '', '1481007533', '0', '0', '0'), ('2734', '1776', '581', '69', '同意', '1481007585', '1', '1', '0'), ('2735', '1777', '580', '69', '同意', '1481007625', '1', '1', '0'), ('2736', '2723', '851', '53', '同意', '1481007683', '1', '1', '0'), ('2737', '1778', '579', '69', '同意', '1481007742', '1', '1', '0'), ('2738', '2737', '579', '69', '同意', '1481007772', '1', '1', '0'), ('2739', '2738', '579', '69', '同意', '1481007778', '1', '1', '0'), ('2740', '2739', '579', '69', '', '1481007814', '0', '1', '0'), ('2741', '2734', '581', '69', '同意', '1481007825', '1', '1', '0'), ('2742', '2741', '581', '69', '同意', '1481007837', '1', '1', '0'), ('2743', '2735', '580', '69', '同意', '1481007903', '1', '1', '0'), ('2744', '2742', '581', '69', '同意', '1481007921', '1', '1', '0'), ('2745', '2744', '581', '53', '董老师，专业建设只有新专业建设验收', '1481007933', '1', '1', '0'), ('2746', '2743', '580', '53', '同意', '1481007940', '1', '1', '0'), ('2747', '2745', '581', '69', '', '1481008198', '0', '0', '0'), ('2748', '2701', '613', '50', '同意', '1481008465', '1', '1', '0'), ('2749', '2720', '850', '53', '同意', '1481008538', '1', '1', '0'), ('2750', '2748', '613', '118', '同意', '1481008545', '1', '1', '0'), ('2751', '0', '853', '105', '申请', '1481008995', '1', '1', '0'), ('2752', '2751', '853', '104', '同意', '1481008995', '1', '1', '0'), ('2753', '2752', '853', '53', '同意', '1481012448', '1', '1', '0'), ('2754', '0', '854', '104', '申请', '1481013061', '1', '1', '0'), ('2755', '2754', '854', '104', '同意', '1481013061', '1', '1', '0'), ('2756', '2755', '854', '53', '', '1481013092', '1', '1', '0'), ('2757', '2756', '854', '104', '', '1481069592', '0', '0', '0'), ('2759', '2597', '804', '79', '', '1481072936', '0', '0', '0'), ('2761', '1927', '578', '74', '', '1481077208', '0', '0', '0'), ('2762', '1823', '576', '69', '', '1481078282', '0', '0', '0'), ('2766', '2571', '813', '70', '同意', '1481082884', '1', '1', '0'), ('2767', '2570', '815', '70', '同意', '1481083034', '1', '1', '0'), ('2768', '2482', '662', '107', '', '1481084352', '0', '0', '0'), ('2769', '2473', '697', '108', '', '1481085393', '0', '0', '0'), ('2773', '2662', '839', '91', '', '1481090376', '0', '0', '0'), ('2774', '2564', '823', '73', '', '1481091331', '0', '0', '0'), ('2775', '2767', '815', '69', '', '1481094104', '0', '0', '0'), ('2776', '2766', '813', '69', '', '1481094265', '0', '0', '0'), ('2777', '2545', '785', '116', '', '1481165091', '0', '0', '0'), ('2778', '2453', '634', '110', '', '1481166225', '0', '0', '0'), ('2780', '2291', '436', '92', '', '1481166359', '0', '0', '0'), ('2782', '2711', '845', '99', '', '1481169516', '0', '0', '0'), ('2783', '2705', '673', '62', '', '1481169561', '0', '0', '0'), ('2784', '2662', '839', '91', '', '1481169630', '0', '0', '0'), ('2785', '0', '855', '113', '申请', '1481170379', '1', '1', '0'), ('2786', '2785', '855', '3', '同意', '1481170379', '1', '1', '0'), ('2787', '2786', '855', '118', '同意', '1481170515', '1', '1', '0'), ('2788', '0', '856', '113', '申请', '1481170652', '1', '1', '0'), ('2789', '2788', '856', '3', '同意', '1481170652', '1', '1', '0'), ('2790', '2789', '856', '118', '同意', '1481170689', '0', '0', '0'), ('2792', '2787', '855', '113', '同意', '1481170763', '1', '1', '0'), ('2794', '2792', '855', '113', '同意', '1481170873', '1', '1', '0'), ('2796', '2794', '855', '3', '', '1481170896', '0', '0', '0');
COMMIT;

-- ----------------------------
--  View structure for `paper_expert_view`
-- ----------------------------
DROP VIEW IF EXISTS `paper_expert_view`;
CREATE ALGORITHM=UNDEFINED DEFINER=`root`@`localhost` SQL SECURITY DEFINER VIEW `paper_expert_view` AS select `paper_expert`.`id` AS `id`,`paper_expert`.`username` AS `username`,`paper_expert`.`userpassword` AS `userpassword`,`paper_expert`.`cycle_id` AS `cycle_id`,`paper_expert`.`name` AS `name`,`paper_expert`.`job_title` AS `job_title`,`paper_expert`.`tutor_class` AS `tutor_class`,`paper_expert`.`is_normal` AS `is_normal`,`paper_expert`.`email` AS `email`,`paper_expert`.`phone` AS `phone`,`paper_expert`.`specialty` AS `specialty`,`paper_expert`.`subject` AS `subject`,`paper_expert`.`school` AS `school`,`paper_expert`.`address` AS `address` from `paper_expert`;

-- ----------------------------
--  View structure for `paper_review_detail_view`
-- ----------------------------
DROP VIEW IF EXISTS `paper_review_detail_view`;
CREATE ALGORITHM=UNDEFINED DEFINER=`root`@`localhost` SQL SECURITY DEFINER VIEW `paper_review_detail_view` AS select `paper_review`.`id` AS `id` from `paper_review`;

-- ----------------------------
--  View structure for `paper_student_view`
-- ----------------------------
DROP VIEW IF EXISTS `paper_student_view`;
CREATE ALGORITHM=UNDEFINED DEFINER=`root`@`localhost` SQL SECURITY DEFINER VIEW `paper_student_view` AS select `paper_student`.`id` AS `id`,`paper_student`.`name` AS `name`,`paper_student`.`student_no` AS `student_no`,`paper_student`.`admission_date` AS `admission_date`,`paper_student`.`subject_major` AS `subject_major`,`paper_student`.`type` AS `type`,`paper_student`.`secret` AS `secret`,`paper_student`.`research_direction` AS `research_direction`,`paper_student`.`title` AS `title`,`paper_student`.`innovation_point` AS `innovation_point` from `paper_student`;

SET FOREIGN_KEY_CHECKS = 1;
